Workbook

Sheet 1-4月+5-6月明细
A1: 2026年国际市场运营系统上半年预计签排发数量
A2: 报表日期： | C2: 2026-04-28
A3: 序号 | B3: 模块类型 | C3: 模块 | D3: 1-4月新签梯量 | I3: 1-4月新签金额 | N3: 1-4月排产台 | S3: 1-4月排产额 | X3: 1-4月发货台 | AC3: 1-4月发货额 | AH3: 预计上半年签单 | AS3: 预计上半年排产 | BE3: 预计上半年发货
D4: 指标 | E4: 完成 | F4: 完成比 | G4: 去年同期 | H4: 增长比 | I4: 指标 | J4: 完成 | K4: 完成比 | L4: 去年同期 | M4: 增长比 | N4: 指标 | O4: 完成 | P4: 完成比 | Q4: 去年同期 | R4: 增长比 | S4: 指标 | T4: 完成 | U4: 完成比 | V4: 去年同期 | W4: 增长比 | X4: 指标 | Y4: 完成 | Z4: 完成比 | AA4: 去年同期 | AB4: 增长比 | AC4: 指标 | AD4: 完成 | AE4: 完成比 | AF4: 去年同期 | AG4: 增长比 | AH4: 5-6月台数 | AI4: 上半年台数 | AJ4: 完成比 | AK4: 去年同期 | AL4: 增长额 | AM4: 增长比 | AN4: 5-6月合同额 | AO4: 上半年合同额合计 | AP4: 完成比 | AQ4: 去年同期 | AR4: 增长比 | AS4: 5-6月台数 | AT4: 上半年台数合计 | AU4: 完成比 | AV4: 去年同期 | AW4: 增长额 | AX4: 增长比 | AY4: 5-6月合同额 | AZ4: 上半年排产额合计 | BA4: 完成比 | BB4: 去年同期 | BC4: 增长额 | BD4: 增长比 | BE4: 5-6月台数 | BF4: 上半年台数合计 | BG4: 完成比 | BH4: 去年同期 | BI4: 增长比 | BJ4: 5-6月合同额 | BK4: 上半年合同额合计 | BL4: 完成比 | BM4: 去年同期 | BN4: 增长比
A5: 1 | B5: A | C5: 俄罗斯（中部） | D5: 1683 | E5: 429 | F5: 0.25490196 | G5: 448 | H5: -0.044289044 | I5: 35680 | J5: 8320.51 | K5: 0.23319815 | L5: 8425.6546 | M5: -0.012636798 | N5: 750 | O5: 291 | P5: 0.388 | Q5: 189 | R5: 0.35051546 | S5: 14500 | T5: 5446.15 | U5: 0.37559655 | V5: 3547.1566 | W5: 0.34868548 | X5: 750 | Y5: 166 | Z5: 0.22133333 | AA5: 134 | AB5: 0.19277108 | AC5: 14500 | AD5: 3443.34 | AE5: 0.23747172 | AF5: 2418.3666 | AG5: =(AD5-AF5)/AF5 -> 0.42382879 | AH5: 580 | AI5: =AH5+E5 -> 1009 | AJ5: =AI5/D5 -> 0.59952466 | AK5: =VLOOKUP(C5,[1]两年对比终版!$A:$C,3,0) -> 714 | AL5: =AI5-AK5 -> 295 | AM5: =(AI5-AK5)/AK5 -> 0.41316527 | AN5: 10460 | AO5: =AN5+J5 -> 18780.51 | AP5: =AO5/I5 -> 0.52635959 | AQ5: =VLOOKUP(C5,[1]两年对比终版!$A:$W,6,0) -> 12648.627 | AR5: =(AO5-AQ5)/AQ5 -> 0.48478641 | AS5: 129 | AT5: =AS5+O5 -> 420 | AU5: =AT5/N5 -> 0.56 | AV5: =VLOOKUP(C5,[1]两年对比终版!$A:$N,14,0) -> 371 | AW5: =AT5-AV5 -> 49 | AX5: =(AT5-AV5)/AV5 -> 0.13207547 | AY5: 1491 | AZ5: =AY5+T5 -> 6937.15 | BA5: =AZ5/S5 -> 0.47842414 | BB5: =VLOOKUP(C5,[1]两年对比终版!$A:$W,17,0) -> 6707.2804 | BC5: =AZ5-BB5 -> 229.86964 | BD5: =(AZ5-BB5)/BB5 -> 0.034271661 | BE5: 182 | BF5: =BE5+Y5 -> 348 | BG5: =BF5/X5 -> 0.464 | BH5: =VLOOKUP(C5,[1]两年对比终版!$A:$T,20,0) -> 223 | BI5: =(BF5-BH5)/BH5 -> 0.56053812 | BJ5: 4030 | BK5: =BJ5+AD5 -> 7473.34 | BL5: =BK5/AC5 -> 0.51540276 | BM5: =VLOOKUP(C5,[1]两年对比终版!$A:$W,23,0) -> 4120.0566 | BN5: =(BK5-BM5)/BM5 -> 0.81389256
A6: 2 | B6: A | C6: 俄罗斯（西部） | D6: 1683 | E6: 289 | F6: 0.17171717 | G6: 280 | H6: 0.031141869 | I6: 35680 | J6: 7186.16 | K6: 0.20140583 | L6: 5541.0212 | M6: 0.22893156 | N6: 750 | O6: 179 | P6: 0.23866667 | Q6: 117 | R6: 0.34636872 | S6: 14500 | T6: 2931.35 | U6: 0.20216207 | V6: 2772.4712 | W6: 0.054199874 | X6: 750 | Y6: 175 | Z6: 0.23333333 | AA6: 32 | AB6: 0.81714286 | AC6: 14500 | AD6: 3358.53 | AE6: 0.23162276 | AF6: 871.6712 | AG6: =(AD6-AF6)/AF6 -> 2.852978 | AH6: 0 | AI6: =AH6+E6 -> 289 | AJ6: =AI6/D6 -> 0.17171717 | AK6: =VLOOKUP(C6,[1]两年对比终版!$A:$C,3,0) -> 500 | AL6: =AI6-AK6 -> -211 | AM6: =(AI6-AK6)/AK6 -> -0.422 | AN6: 0 | AO6: =AN6+J6 -> 7186.16 | AP6: =AO6/I6 -> 0.20140583 | AQ6: =VLOOKUP(C6,[1]两年对比终版!$A:$W,6,0) -> 9367.9865 | AR6: =(AO6-AQ6)/AQ6 -> -0.2329024 | AS6: 0 | AT6: =AS6+O6 -> 179 | AU6: =AT6/N6 -> 0.23866667 | AV6: =VLOOKUP(C6,[1]两年对比终版!$A:$N,14,0) -> 207 | AW6: =AT6-AV6 -> -28 | AX6: =(AT6-AV6)/AV6 -> -0.1352657 | AY6: 0 | AZ6: =AY6+T6 -> 2931.35 | BA6: =AZ6/S6 -> 0.20216207 | BB6: =VLOOKUP(C6,[1]两年对比终版!$A:$W,17,0) -> 4230.2512 | BC6: =AZ6-BB6 -> -1298.9012 | BD6: =(AZ6-BB6)/BB6 -> -0.30705061 | BE6: 0 | BF6: =BE6+Y6 -> 175 | BG6: =BF6/X6 -> 0.23333333 | BH6: =VLOOKUP(C6,[1]两年对比终版!$A:$T,20,0) -> 121 | BI6: =(BF6-BH6)/BH6 -> 0.44628099 | BJ6: 0 | BK6: =BJ6+AD6 -> 3358.53 | BL6: =BK6/AC6 -> 0.23162276 | BM6: =VLOOKUP(C6,[1]两年对比终版!$A:$W,23,0) -> 2814.2512 | BN6: =(BK6-BM6)/BM6 -> 0.19340093
A7: 3 | B7: A | C7: 俄罗斯（东部） | D7: 400 | E7: 193 | F7: 0.4825 | G7: 207 | H7: -0.07253886 | I7: 6544 | J7: 3691.48 | K7: 0.56410147 | L7: 3066.3678 | M7: 0.16933918 | N7: 160 | O7: 75 | P7: 0.46875 | Q7: 92 | R7: -0.22666667 | S7: 2657 | T7: 978.14 | U7: 0.368137 | V7: 1337.86 | W7: -0.36775922 | X7: 160 | Y7: 49 | Z7: 0.30625 | AA7: 69 | AB7: -0.40816327 | AC7: 2657 | AD7: 637.85 | AE7: 0.24006398 | AF7: 997.73 | AG7: =(AD7-AF7)/AF7 -> -0.36069879 | AH7: 50 | AI7: =AH7+E7 -> 243 | AJ7: =AI7/D7 -> 0.6075 | AK7: =VLOOKUP(C7,[1]两年对比终版!$A:$C,3,0) -> 446 | AL7: =AI7-AK7 -> -203 | AM7: =(AI7-AK7)/AK7 -> -0.45515695 | AN7: 510.13 | AO7: =AN7+J7 -> 4201.61 | AP7: =AO7/I7 -> 0.64205532 | AQ7: =VLOOKUP(C7,[1]两年对比终版!$A:$W,6,0) -> 6485.9783 | AR7: =(AO7-AQ7)/AQ7 -> -0.35220104 | AS7: 50 | AT7: =AS7+O7 -> 125 | AU7: =AT7/N7 -> 0.78125 | AV7: =VLOOKUP(C7,[1]两年对比终版!$A:$N,14,0) -> 126 | AW7: =AT7-AV7 -> -1 | AX7: =(AT7-AV7)/AV7 -> -0.0079365079 | AY7: 510.13 | AZ7: =AY7+T7 -> 1488.27 | BA7: =AZ7/S7 -> 0.56013173 | BB7: =VLOOKUP(C7,[1]两年对比终版!$A:$W,17,0) -> 1887.3783 | BC7: =AZ7-BB7 -> -399.1083 | BD7: =(AZ7-BB7)/BB7 -> -0.21146174 | BE7: 49 | BF7: =BE7+Y7 -> 98 | BG7: =BF7/X7 -> 0.6125 | BH7: =VLOOKUP(C7,[1]两年对比终版!$A:$T,20,0) -> 125 | BI7: =(BF7-BH7)/BH7 -> -0.216 | BJ7: 755.56 | BK7: =BJ7+AD7 -> 1393.41 | BL7: =BK7/AC7 -> 0.52442981 | BM7: =VLOOKUP(C7,[1]两年对比终版!$A:$W,23,0) -> 1964.9378 | BN7: =(BK7-BM7)/BM7 -> -0.29086305
A8: 4 | B8: A | C8: 罗斯托夫 | D8: 270 | E8: 39 | F8: 0.14444444 | G8: 0 | H8: 1 | I8: 4428 | J8: 867.42 | K8: 0.19589431 | L8: 0 | M8: 1 | N8: 120 | O8: 10 | P8: 0.083333333 | Q8: 0 | R8: 1 | S8: 1800 | T8: 102.4 | U8: 0.056888889 | V8: 0 | W8: 1 | X8: 120 | Y8: 10 | Z8: 0.083333333 | AA8: 0 | AB8: 1 | AC8: 1800 | AD8: 102.4 | AE8: 0.056888889 | AF8: 0 | AG8: =(AD8-AF8)/AF8 -> #DIV/0! | AH8: 31 | AI8: =AH8+E8 -> 70 | AJ8: =AI8/D8 -> 0.25925926 | AK8: =VLOOKUP(C8,[1]两年对比终版!$A:$C,3,0) -> 0 | AL8: =AI8-AK8 -> 70 | AM8: =(AI8-AK8)/AK8 -> #DIV/0! | AN8: 341.67 | AO8: =AN8+J8 -> 1209.09 | AP8: =AO8/I8 -> 0.27305556 | AQ8: =VLOOKUP(C8,[1]两年对比终版!$A:$W,6,0) -> 0 | AS8: 31 | AT8: =AS8+O8 -> 41 | AU8: =AT8/N8 -> 0.34166667 | AV8: =VLOOKUP(C8,[1]两年对比终版!$A:$N,14,0) -> 0 | AW8: =AT8-AV8 -> 41 | AX8: =(AT8-AV8)/AV8 -> #DIV/0! | AY8: 341.67 | AZ8: =AY8+T8 -> 444.07 | BA8: =AZ8/S8 -> 0.24670556 | BB8: =VLOOKUP(C8,[1]两年对比终版!$A:$W,17,0) -> 0 | BC8: =AZ8-BB8 -> 444.07 | BD8: =(AZ8-BB8)/BB8 -> #DIV/0! | BE8: 10 | BF8: =BE8+Y8 -> 20 | BG8: =BF8/X8 -> 0.16666667 | BH8: =VLOOKUP(C8,[1]两年对比终版!$A:$T,20,0) -> 0 | BI8: =(BF8-BH8)/BH8 -> #DIV/0! | BJ8: 142 | BK8: =BJ8+AD8 -> 244.4 | BL8: =BK8/AC8 -> 0.13577778 | BM8: =VLOOKUP(C8,[1]两年对比终版!$A:$W,23,0) -> 0 | BN8: =(BK8-BM8)/BM8 -> #DIV/0!
A9: 5 | B9: A | C9: 哈巴 | D9: 270 | E9: 89 | F9: 0.32962963 | G9: 0 | H9: 1 | I9: 4428 | J9: 946.586 | K9: 0.21377281 | L9: 0 | M9: 1 | N9: 120 | O9: 43 | P9: 0.35833333 | Q9: 0 | R9: 1 | S9: 1800 | T9: 456.926 | U9: 0.25384778 | V9: 0 | W9: 1 | X9: 120 | Y9: 18 | Z9: 0.15 | AA9: 0 | AB9: 1 | AC9: 1800 | AD9: 183.536 | AE9: 0.10196444 | AF9: 0 | AG9: =(AD9-AF9)/AF9 -> #DIV/0! | AH9: 80 | AI9: =AH9+E9 -> 169 | AJ9: =AI9/D9 -> 0.62592593 | AK9: =VLOOKUP(C9,[1]两年对比终版!$A:$C,3,0) -> 0 | AL9: =AI9-AK9 -> 169 | AM9: =(AI9-AK9)/AK9 -> #DIV/0! | AN9: 960 | AO9: =AN9+J9 -> 1906.586 | AP9: =AO9/I9 -> 0.43057498 | AQ9: =VLOOKUP(C9,[1]两年对比终版!$A:$W,6,0) -> 0 | AS9: 50 | AT9: =AS9+O9 -> 93 | AU9: =AT9/N9 -> 0.775 | AV9: =VLOOKUP(C9,[1]两年对比终版!$A:$N,14,0) -> 0 | AW9: =AT9-AV9 -> 93 | AX9: =(AT9-AV9)/AV9 -> #DIV/0! | AY9: 474 | AZ9: =AY9+T9 -> 930.926 | BA9: =AZ9/S9 -> 0.51718111 | BB9: =VLOOKUP(C9,[1]两年对比终版!$A:$W,17,0) -> 0 | BC9: =AZ9-BB9 -> 930.926 | BD9: =(AZ9-BB9)/BB9 -> #DIV/0! | BE9: 42 | BF9: =BE9+Y9 -> 60 | BG9: =BF9/X9 -> 0.5 | BH9: =VLOOKUP(C9,[1]两年对比终版!$A:$T,20,0) -> 0 | BI9: =(BF9-BH9)/BH9 -> #DIV/0! | BJ9: 420 | BK9: =BJ9+AD9 -> 603.536 | BL9: =BK9/AC9 -> 0.33529778 | BM9: =VLOOKUP(C9,[1]两年对比终版!$A:$W,23,0) -> 0 | BN9: =(BK9-BM9)/BM9 -> #DIV/0!
A10: 6 | B10: B | C10: 俄罗斯（中南） | D10: 245 | E10: 15 | F10: 0.06122449 | G10: 69 | H10: -3.6 | I10: 4200 | J10: 145.87 | K10: 0.034730952 | L10: 885.396 | M10: -5.0697607 | N10: 100 | O10: 8 | P10: 0.08 | Q10: 28 | R10: -2.5 | S10: 1778 | T10: 78.11 | U10: 0.043931384 | V10: 469.932 | W10: -5.0162847 | X10: 100 | Y10: 9 | Z10: 0.09 | AA10: 28 | AB10: -2.1111111 | AC10: 1778 | AD10: 117.69 | AE10: 0.066192351 | AF10: 370.266 | AG10: =(AD10-AF10)/AF10 -> -0.68214743 | AH10: 71 | AI10: =AH10+E10 -> 86 | AJ10: =AI10/D10 -> 0.35102041 | AK10: =VLOOKUP(C10,[1]两年对比终版!$A:$C,3,0) -> 79 | AL10: =AI10-AK10 -> 7 | AM10: =(AI10-AK10)/AK10 -> 0.088607595 | AN10: 875 | AO10: =AN10+J10 -> 1020.87 | AP10: =AO10/I10 -> 0.24306429 | AQ10: =VLOOKUP(C10,[1]两年对比终版!$A:$W,6,0) -> 1044.926 | AR10: =(AO10-AQ10)/AQ10 -> -0.023021726 | AS10: 45 | AT10: =AS10+O10 -> 53 | AU10: =AT10/N10 -> 0.53 | AV10: =VLOOKUP(C10,[1]两年对比终版!$A:$N,14,0) -> 30 | AW10: =AT10-AV10 -> 23 | AX10: =(AT10-AV10)/AV10 -> 0.76666667 | AY10: 478 | AZ10: =AY10+T10 -> 556.11 | BA10: =AZ10/S10 -> 0.31277278 | BB10: =VLOOKUP(C10,[1]两年对比终版!$A:$W,17,0) -> 487.232 | BC10: =AZ10-BB10 -> 68.878 | BD10: =(AZ10-BB10)/BB10 -> 0.14136592 | BE10: 46 | BF10: =BE10+Y10 -> 55 | BG10: =BF10/X10 -> 0.55 | BH10: =VLOOKUP(C10,[1]两年对比终版!$A:$T,20,0) -> 36 | BI10: =(BF10-BH10)/BH10 -> 0.52777778 | BJ10: 471.3666 | BK10: =BJ10+AD10 -> 589.0566 | BL10: =BK10/AC10 -> 0.33130292 | BM10: =VLOOKUP(C10,[1]两年对比终版!$A:$W,23,0) -> 515.132 | BN10: =(BK10-BM10)/BM10 -> 0.14350613
A11: 7 | B11: B | C11: 俄罗斯（西南） | D11: 489 | E11: 54 | F11: 0.11042945 | G11: 324 | H11: -5 | I11: 7525.12 | J11: 1317.06 | K11: 0.17502179 | L11: 5818.925 | M11: -3.4181169 | N11: 210 | O11: 26 | P11: 0.12380952 | Q11: 133 | R11: -4.1153846 | S11: 2972 | T11: 294.803 | U11: 0.099193472 | V11: 2251.3625 | W11: -6.6368371 | X11: 210 | Y11: 24 | Z11: 0.11428571 | AA11: 28 | AB11: -0.16666667 | AC11: 2972 | AD11: 276.233 | AE11: 0.092945155 | AF11: 709.3345 | AG11: =(AD11-AF11)/AF11 -> -0.61057442 | AH11: 100 | AI11: =AH11+E11 -> 154 | AJ11: =AI11/D11 -> 0.31492843 | AK11: =VLOOKUP(C11,[1]两年对比终版!$A:$C,3,0) -> 415 | AL11: =AI11-AK11 -> -261 | AM11: =(AI11-AK11)/AK11 -> -0.62891566 | AN11: 1600 | AO11: =AN11+J11 -> 2917.06 | AP11: =AO11/I11 -> 0.38764299 | AQ11: =VLOOKUP(C11,[1]两年对比终版!$A:$W,6,0) -> 7818.733 | AR11: =(AO11-AQ11)/AQ11 -> -0.62691398 | AS11: 43 | AT11: =AS11+O11 -> 69 | AU11: =AT11/N11 -> 0.32857143 | AV11: =VLOOKUP(C11,[1]两年对比终版!$A:$N,14,0) -> 156 | AW11: =AT11-AV11 -> -87 | AX11: =(AT11-AV11)/AV11 -> -0.55769231 | AY11: 750 | AZ11: =AY11+T11 -> 1044.803 | BA11: =AZ11/S11 -> 0.35154879 | BB11: =VLOOKUP(C11,[1]两年对比终版!$A:$W,17,0) -> 2594.4505 | BC11: =AZ11-BB11 -> -1549.6475 | BD11: =(AZ11-BB11)/BB11 -> -0.59729315 | BE11: 24 | BF11: =BE11+Y11 -> 48 | BG11: =BF11/X11 -> 0.22857143 | BH11: =VLOOKUP(C11,[1]两年对比终版!$A:$T,20,0) -> 108 | BI11: =(BF11-BH11)/BH11 -> -0.55555556 | BJ11: 410 | BK11: =BJ11+AD11 -> 686.233 | BL11: =BK11/AC11 -> 0.23089939 | BM11: =VLOOKUP(C11,[1]两年对比终版!$A:$W,23,0) -> 1970.7395 | BN11: =(BK11-BM11)/BM11 -> -0.65178909
A12: 8 | B12: C | C12: 莫斯科 | D12: 72 | E12: 2 | F12: 0.027777778 | G12: 0 | H12: 1 | I12: 1085 | J12: 22.84 | K12: 0.021050691 | L12: 0 | M12: 1 | N12: 30 | O12: 2 | P12: 0.066666667 | Q12: 0 | R12: 1 | S12: 450 | T12: 22.84 | U12: 0.050755556 | V12: 0 | W12: 1 | X12: 30 | Y12: 2 | Z12: 0.066666667 | AA12: 0 | AB12: 1 | AC12: 450 | AD12: 22.84 | AE12: 0.050755556 | AF12: 0 | AG12: =(AD12-AF12)/AF12 -> #DIV/0! | AH12: 20 | AI12: =AH12+E12 -> 22 | AJ12: =AI12/D12 -> 0.30555556 | AK12: =VLOOKUP(C12,[1]两年对比终版!$A:$C,3,0) -> 0 | AL12: =AI12-AK12 -> 22 | AM12: =(AI12-AK12)/AK12 -> #DIV/0! | AN12: 156 | AO12: =AN12+J12 -> 178.84 | AP12: =AO12/I12 -> 0.16482949 | AQ12: =VLOOKUP(C12,[1]两年对比终版!$A:$W,6,0) -> 0 | AS12: 20 | AT12: =AS12+O12 -> 22 | AU12: =AT12/N12 -> 0.73333333 | AV12: =VLOOKUP(C12,[1]两年对比终版!$A:$N,14,0) -> 0 | AW12: =AT12-AV12 -> 22 | AX12: =(AT12-AV12)/AV12 -> #DIV/0! | AY12: 156 | AZ12: =AY12+T12 -> 178.84 | BA12: =AZ12/S12 -> 0.39742222 | BB12: =VLOOKUP(C12,[1]两年对比终版!$A:$W,17,0) -> 0 | BC12: =AZ12-BB12 -> 178.84 | BD12: =(AZ12-BB12)/BB12 -> #DIV/0! | BE12: 20 | BF12: =BE12+Y12 -> 22 | BG12: =BF12/X12 -> 0.73333333 | BH12: =VLOOKUP(C12,[1]两年对比终版!$A:$T,20,0) -> 0 | BI12: =(BF12-BH12)/BH12 -> #DIV/0! | BJ12: 156 | BK12: =BJ12+AD12 -> 178.84 | BL12: =BK12/AC12 -> 0.39742222 | BM12: =VLOOKUP(C12,[1]两年对比终版!$A:$W,23,0) -> 0 | BN12: =(BK12-BM12)/BM12 -> #DIV/0!
A13: 9 | B13: C | C13: 叶卡 | D13: 72 | E13: 0 | F13: 0 | G13: 0 | H13: #DIV/0! | I13: 1085 | J13: 0 | K13: 0 | L13: 0 | M13: #DIV/0! | N13: 30 | O13: 0 | P13: 0 | Q13: 0 | R13: #DIV/0! | S13: 450 | T13: 0 | U13: 0 | V13: 0 | W13: #DIV/0! | X13: 30 | Y13: 0 | Z13: 0 | AA13: 0 | AB13: #DIV/0! | AC13: 450 | AD13: 0 | AE13: 0 | AF13: 0 | AG13: =(AD13-AF13)/AF13 -> #DIV/0! | AH13: 0 | AI13: =AH13+E13 -> 0 | AJ13: =AI13/D13 -> 0 | AK13: =VLOOKUP(C13,[1]两年对比终版!$A:$C,3,0) -> 0 | AL13: =AI13-AK13 -> 0 | AM13: =(AI13-AK13)/AK13 -> #DIV/0! | AN13: 0 | AO13: =AN13+J13 -> 0 | AP13: =AO13/I13 -> 0 | AQ13: =VLOOKUP(C13,[1]两年对比终版!$A:$W,6,0) -> 0 | AS13: 0 | AT13: =AS13+O13 -> 0 | AU13: =AT13/N13 -> 0 | AV13: =VLOOKUP(C13,[1]两年对比终版!$A:$N,14,0) -> 0 | AW13: =AT13-AV13 -> 0 | AX13: =(AT13-AV13)/AV13 -> #DIV/0! | AY13: 0 | AZ13: =AY13+T13 -> 0 | BA13: =AZ13/S13 -> 0 | BB13: =VLOOKUP(C13,[1]两年对比终版!$A:$W,17,0) -> 0 | BC13: =AZ13-BB13 -> 0 | BD13: =(AZ13-BB13)/BB13 -> #DIV/0! | BE13: 0 | BF13: =BE13+Y13 -> 0 | BG13: =BF13/X13 -> 0 | BH13: =VLOOKUP(C13,[1]两年对比终版!$A:$T,20,0) -> 0 | BI13: =(BF13-BH13)/BH13 -> #DIV/0! | BJ13: 0 | BK13: =BJ13+AD13 -> 0 | BL13: =BK13/AC13 -> 0 | BM13: =VLOOKUP(C13,[1]两年对比终版!$A:$W,23,0) -> 0 | BN13: =(BK13-BM13)/BM13 -> #DIV/0!
A14: 10 | B14: C | C14: 新西 | D14: 72 | E14: 0 | F14: 0 | G14: 0 | H14: #DIV/0! | I14: 1085 | J14: 0 | K14: 0 | L14: 0 | M14: #DIV/0! | N14: 30 | O14: 0 | P14: 0 | Q14: 0 | R14: #DIV/0! | S14: 450 | T14: 0 | U14: 0 | V14: 0 | W14: #DIV/0! | X14: 30 | Y14: 0 | Z14: 0 | AA14: 0 | AB14: #DIV/0! | AC14: 450 | AD14: 0 | AE14: 0 | AF14: 0 | AG14: =(AD14-AF14)/AF14 -> #DIV/0! | AH14: 0 | AI14: =AH14+E14 -> 0 | AJ14: =AI14/D14 -> 0 | AK14: =VLOOKUP(C14,[1]两年对比终版!$A:$C,3,0) -> 0 | AL14: =AI14-AK14 -> 0 | AM14: =(AI14-AK14)/AK14 -> #DIV/0! | AN14: 0 | AO14: =AN14+J14 -> 0 | AP14: =AO14/I14 -> 0 | AQ14: =VLOOKUP(C14,[1]两年对比终版!$A:$W,6,0) -> 0 | AS14: 0 | AT14: =AS14+O14 -> 0 | AU14: =AT14/N14 -> 0 | AV14: =VLOOKUP(C14,[1]两年对比终版!$A:$N,14,0) -> 0 | AW14: =AT14-AV14 -> 0 | AX14: =(AT14-AV14)/AV14 -> #DIV/0! | AY14: 0 | AZ14: =AY14+T14 -> 0 | BA14: =AZ14/S14 -> 0 | BB14: =VLOOKUP(C14,[1]两年对比终版!$A:$W,17,0) -> 0 | BC14: =AZ14-BB14 -> 0 | BD14: =(AZ14-BB14)/BB14 -> #DIV/0! | BE14: 0 | BF14: =BE14+Y14 -> 0 | BG14: =BF14/X14 -> 0 | BH14: =VLOOKUP(C14,[1]两年对比终版!$A:$T,20,0) -> 0 | BI14: =(BF14-BH14)/BH14 -> #DIV/0! | BJ14: 0 | BK14: =BJ14+AD14 -> 0 | BL14: =BK14/AC14 -> 0 | BM14: =VLOOKUP(C14,[1]两年对比终版!$A:$W,23,0) -> 0 | BN14: =(BK14-BM14)/BM14 -> #DIV/0!
A15: 俄罗斯合计 | D15: 5256 | E15: 1110 | F15: 0.21118721 | G15: 1328 | H15: -0.1963964 | I15: 101740.12 | J15: 22497.926 | K15: 0.22113131 | L15: 23737.365 | M15: -0.055091238 | N15: 2300 | O15: 634 | P15: 0.27565217 | Q15: 559 | R15: 0.11829653 | S15: 41357 | T15: 10310.719 | U15: 0.24931013 | V15: 10378.782 | W15: -0.0066012176 | X15: 2300 | Y15: 453 | Z15: 0.19695652 | AA15: 291 | AB15: 0.35761589 | AC15: 41357 | AD15: 8142.419 | AE15: 0.19688128 | AF15: 5367.3683 | AG15: =(AD15-AF15)/AF15 -> 0.5170226 | AH15: =SUM(AH5:AH14) -> 932 | AI15: =AH15+E15 -> 2042 | AJ15: =AI15/D15 -> 0.38850837 | AK15: =SUM(AK5:AK14) -> 2154 | AL15: =AI15-AK15 -> -112 | AM15: =(AI15-AK15)/AK15 -> -0.051996286 | AN15: =SUM(AN5:AN14) -> 14902.8 | AO15: =AN15+J15 -> 37400.726 | AP15: =AO15/I15 -> 0.3676104 | AQ15: =SUM(AQ5:AQ14) -> 37366.251 | AR15: =(AO15-AQ15)/AQ15 -> 0.00092261864 | AS15: =SUM(AS5:AS14) -> 368 | AT15: =AS15+O15 -> 1002 | AU15: =AT15/N15 -> 0.43565217 | AV15: =SUM(AV5:AV14) -> 890 | AW15: =AT15-AV15 -> 112 | AX15: =(AT15-AV15)/AV15 -> 0.1258427 | AY15: =SUM(AY5:AY14) -> 4200.8 | AZ15: =AY15+T15 -> 14511.519 | BA15: =AZ15/S15 -> 0.35088423 | BB15: =SUM(BB5:BB14) -> 15906.592 | BC15: =AZ15-BB15 -> -1395.0734 | BD15: =(AZ15-BB15)/BB15 -> -0.0877041 | BE15: =SUM(BE5:BE14) -> 373 | BF15: =BE15+Y15 -> 826 | BG15: =BF15/X15 -> 0.35913043 | BH15: =SUM(BH5:BH14) -> 613 | BI15: =(BF15-BH15)/BH15 -> 0.34747145 | BJ15: =SUM(BJ5:BJ14) -> 6384.9266 | BK15: =BJ15+AD15 -> 14527.346 | BL15: =BK15/AC15 -> 0.35126691 | BM15: =SUM(BM5:BM14) -> 11385.117 | BN15: =(BK15-BM15)/BM15 -> 0.27599439
A16: 11 | B16: D | C16: 朝鲜-韩国 | D16: 54 | E16: 34 | F16: 0.62962963 | G16: 15 | H16: 0.55882353 | I16: 540 | J16: 294.161 | K16: 0.54474259 | L16: 152.22 | M16: 0.48252828 | N16: 32 | O16: 4 | P16: 0.125 | Q16: 1 | R16: 0.75 | S16: 264.163 | T16: 36.861 | U16: 0.13953885 | V16: 7.6 | W16: 0.79382003 | X16: 32 | Y16: 6 | Z16: 0.1875 | AA16: 1 | AB16: 0.83333333 | AC16: 264.163 | AD16: 55.4871 | AE16: 0.21004872 | AF16: 7.6 | AG16: =(AD16-AF16)/AF16 -> 6.3009342 | AH16: =VLOOKUP(C16,'[2]5月汇总'!$C:$AE,24,0) -> 13 | AI16: =AH16+E16 -> 47 | AJ16: =AI16/D16 -> 0.87037037 | AK16: =VLOOKUP(C16,[1]两年对比终版!$A:$C,3,0) -> 35 | AL16: =AI16-AK16 -> 12 | AM16: =(AI16-AK16)/AK16 -> 0.34285714 | AN16: =VLOOKUP(C16,'[2]5月汇总'!$C:$AA,25,0) -> 130 | AO16: =AN16+J16 -> 424.161 | AP16: =AO16/I16 -> 0.78548333 | AQ16: =VLOOKUP(C16,[1]两年对比终版!$A:$W,6,0) -> 287.19 | AR16: =(AO16-AQ16)/AQ16 -> 0.47693513 | AS16: =VLOOKUP(C16,'[2]5月汇总'!$C:$AE,26,0) -> 10 | AT16: =AS16+O16 -> 14 | AU16: =AT16/N16 -> 0.4375 | AV16: =VLOOKUP(C16,[1]两年对比终版!$A:$N,14,0) -> 1 | AW16: =AT16-AV16 -> 13 | AX16: =(AT16-AV16)/AV16 -> 13 | AY16: =VLOOKUP(C16,'[2]5月汇总'!$C:$AE,27,0) -> 100 | AZ16: =AY16+T16 -> 136.861 | BA16: =AZ16/S16 -> 0.518093 | BB16: =VLOOKUP(C16,[1]两年对比终版!$A:$W,17,0) -> 7.6 | BC16: =AZ16-BB16 -> 129.261 | BD16: =(AZ16-BB16)/BB16 -> 17.008026 | BE16: =VLOOKUP(C16,'[2]5月汇总'!$C:$AE,28,0) -> 10 | BF16: =BE16+Y16 -> 16 | BG16: =BF16/X16 -> 0.5 | BH16: =VLOOKUP(C16,[1]两年对比终版!$A:$T,20,0) -> 1 | BI16: =(BF16-BH16)/BH16 -> 15 | BJ16: =VLOOKUP(C16,'[2]5月汇总'!$C:$AE,29,0) -> 77.82 | BK16: =BJ16+AD16 -> 133.3071 | BL16: =BK16/AC16 -> 0.50463956 | BM16: =VLOOKUP(C16,[1]两年对比终版!$A:$W,23,0) -> 7.6 | BN16: =(BK16-BM16)/BM16 -> 16.540408
A17: 12 | B17: A | C17: 新加坡市政会 | D17: 277 | E17: 67 | F17: 0.24187726 | G17: 111 | H17: -0.65671642 | I17: 6100 | J17: 1640.06 | K17: 0.2688623 | L17: 2182.0143 | M17: -0.33044787 | N17: 101 | O17: 4 | P17: 0.03960396 | Q17: 42 | R17: -9.5 | S17: 2153 | T17: 74.2762 | U17: 0.034498932 | V17: 1068.6719 | W17: -13.38781 | X17: 101 | Y17: 21 | Z17: 0.20792079 | AA17: 21 | AB17: 0 | AC17: 2153 | AD17: 398.035 | AE17: 0.18487459 | AF17: 522.63907 | AG17: =(AD17-AF17)/AF17 -> -0.23841324 | AH17: =VLOOKUP(C17,'[2]5月汇总'!$C:$AE,24,0) -> 50 | AI17: =AH17+E17 -> 117 | AJ17: =AI17/D17 -> 0.42238267 | AK17: =VLOOKUP(C17,[1]两年对比终版!$A:$C,3,0) -> 196 | AL17: =AI17-AK17 -> -79 | AM17: =(AI17-AK17)/AK17 -> -0.40306122 | AN17: =VLOOKUP(C17,'[2]5月汇总'!$C:$AA,25,0) -> 1000 | AO17: =AN17+J17 -> 2640.06 | AP17: =AO17/I17 -> 0.43279672 | AQ17: =VLOOKUP(C17,[1]两年对比终版!$A:$W,6,0) -> 4135.4805 | AR17: =(AO17-AQ17)/AQ17 -> -0.36160743 | AS17: =VLOOKUP(C17,'[2]5月汇总'!$C:$AE,26,0) -> 0 | AT17: =AS17+O17 -> 4 | AU17: =AT17/N17 -> 0.03960396 | AV17: =VLOOKUP(C17,[1]两年对比终版!$A:$N,14,0) -> 77 | AW17: =AT17-AV17 -> -73 | AX17: =(AT17-AV17)/AV17 -> -0.94805195 | AY17: =VLOOKUP(C17,'[2]5月汇总'!$C:$AE,27,0) -> 0 | AZ17: =AY17+T17 -> 74.2762 | BA17: =AZ17/S17 -> 0.034498932 | BB17: =VLOOKUP(C17,[1]两年对比终版!$A:$W,17,0) -> 1734.6186 | BC17: =AZ17-BB17 -> -1660.3424 | BD17: =(AZ17-BB17)/BB17 -> -0.9571801 | BE17: =VLOOKUP(C17,'[2]5月汇总'!$C:$AE,28,0) -> 11 | BF17: =BE17+Y17 -> 32 | BG17: =BF17/X17 -> 0.31683168 | BH17: =VLOOKUP(C17,[1]两年对比终版!$A:$T,20,0) -> 25 | BI17: =(BF17-BH17)/BH17 -> 0.28 | BJ17: =VLOOKUP(C17,'[2]5月汇总'!$C:$AE,29,0) -> 220 | BK17: =BJ17+AD17 -> 618.035 | BL17: =BK17/AC17 -> 0.28705759 | BM17: =VLOOKUP(C17,[1]两年对比终版!$A:$W,23,0) -> 619.60194 | BN17: =(BK17-BM17)/BM17 -> -0.0025289479
A18: 13 | B18: A | C18: 新加坡HDB | D18: 566 | E18: 189 | F18: 0.33392226 | G18: 87 | H18: 0.53968254 | I18: 20400 | J18: 4595.47 | K18: 0.22526814 | L18: 1832.6242 | M18: 0.60121071 | N18: 260 | O18: 121 | P18: 0.46538462 | Q18: 33 | R18: 0.72727273 | S18: 8500 | T18: 5373.9 | U18: 0.63222353 | V18: 1324.4482 | W18: 0.7535406 | X18: 260 | Y18: 122 | Z18: 0.46923077 | AA18: 1 | AB18: 0.99180328 | AC18: 8500 | AD18: 5274.41 | AE18: 0.62051882 | AF18: 13.34 | AG18: =(AD18-AF18)/AF18 -> 394.38306 | AH18: =VLOOKUP(C18,'[2]5月汇总'!$C:$AE,24,0) -> 75 | AI18: =AH18+E18 -> 264 | AJ18: =AI18/D18 -> 0.4664311 | AK18: =VLOOKUP(C18,[1]两年对比终版!$A:$C,3,0) -> 260 | AL18: =AI18-AK18 -> 4 | AM18: =(AI18-AK18)/AK18 -> 0.015384615 | AN18: =VLOOKUP(C18,'[2]5月汇总'!$C:$AA,25,0) -> 2500 | AO18: =AN18+J18 -> 7095.47 | AP18: =AO18/I18 -> 0.34781716 | AQ18: =VLOOKUP(C18,[1]两年对比终版!$A:$W,6,0) -> 5925.604 | AR18: =(AO18-AQ18)/AQ18 -> 0.19742561 | AS18: =VLOOKUP(C18,'[2]5月汇总'!$C:$AE,26,0) -> 35 | AT18: =AS18+O18 -> 156 | AU18: =AT18/N18 -> 0.6 | AV18: =VLOOKUP(C18,[1]两年对比终版!$A:$N,14,0) -> 106 | AW18: =AT18-AV18 -> 50 | AX18: =(AT18-AV18)/AV18 -> 0.47169811 | AY18: =VLOOKUP(C18,'[2]5月汇总'!$C:$AE,27,0) -> 1260 | AZ18: =AY18+T18 -> 6633.9 | BA18: =AZ18/S18 -> 0.78045882 | BB18: =VLOOKUP(C18,[1]两年对比终版!$A:$W,17,0) -> 3962.6091 | BC18: =AZ18-BB18 -> 2671.2909 | BD18: =(AZ18-BB18)/BB18 -> 0.67412425 | BE18: =VLOOKUP(C18,'[2]5月汇总'!$C:$AE,28,0) -> 36 | BF18: =BE18+Y18 -> 158 | BG18: =BF18/X18 -> 0.60769231 | BH18: =VLOOKUP(C18,[1]两年对比终版!$A:$T,20,0) -> 10 | BI18: =(BF18-BH18)/BH18 -> 14.8 | BJ18: =VLOOKUP(C18,'[2]5月汇总'!$C:$AE,29,0) -> 1298 | BK18: =BJ18+AD18 -> 6572.41 | BL18: =BK18/AC18 -> 0.77322471 | BM18: =VLOOKUP(C18,[1]两年对比终版!$A:$W,23,0) -> 374.14793 | BN18: =(BK18-BM18)/BM18 -> 16.566341
A19: 14 | B19: D | C19: 泰国 | D19: 90 | E19: 20 | F19: 0.22222222 | G19: 37 | H19: -0.85 | I19: 840 | J19: 264.232 | K19: 0.3145619 | L19: 361.6613 | M19: -0.36872634 | N19: 25 | O19: 4 | P19: 0.16 | Q19: 15 | R19: -2.75 | S19: 200 | T19: 47.118 | U19: 0.23559 | V19: 142.7175 | W19: -2.028938 | X19: 25 | Y19: 3 | Z19: 0.12 | AA19: 18 | AB19: -5 | AC19: 200 | AD19: 32.8201 | AE19: 0.1641005 | AF19: 174.47638 | AG19: =(AD19-AF19)/AF19 -> -0.81189373 | AH19: =VLOOKUP(C19,'[2]5月汇总'!$C:$AE,24,0) -> 20 | AI19: =AH19+E19 -> 40 | AJ19: =AI19/D19 -> 0.44444444 | AK19: =VLOOKUP(C19,[1]两年对比终版!$A:$C,3,0) -> 52 | AL19: =AI19-AK19 -> -12 | AM19: =(AI19-AK19)/AK19 -> -0.23076923 | AN19: =VLOOKUP(C19,'[2]5月汇总'!$C:$AA,25,0) -> 152.8 | AO19: =AN19+J19 -> 417.032 | AP19: =AO19/I19 -> 0.49646667 | AQ19: =VLOOKUP(C19,[1]两年对比终版!$A:$W,6,0) -> 517.46812 | AR19: =(AO19-AQ19)/AQ19 -> -0.19409142 | AS19: =VLOOKUP(C19,'[2]5月汇总'!$C:$AE,26,0) -> 2 | AT19: =AS19+O19 -> 6 | AU19: =AT19/N19 -> 0.24 | AV19: =VLOOKUP(C19,[1]两年对比终版!$A:$N,14,0) -> 26 | AW19: =AT19-AV19 -> -20 | AX19: =(AT19-AV19)/AV19 -> -0.76923077 | AY19: =VLOOKUP(C19,'[2]5月汇总'!$C:$AE,27,0) -> 20.08 | AZ19: =AY19+T19 -> 67.198 | BA19: =AZ19/S19 -> 0.33599 | BB19: =VLOOKUP(C19,[1]两年对比终版!$A:$W,17,0) -> 239.82783 | BC19: =AZ19-BB19 -> -172.62983 | BD19: =(AZ19-BB19)/BB19 -> -0.71980733 | BE19: =VLOOKUP(C19,'[2]5月汇总'!$C:$AE,28,0) -> 2 | BF19: =BE19+Y19 -> 5 | BG19: =BF19/X19 -> 0.2 | BH19: =VLOOKUP(C19,[1]两年对比终版!$A:$T,20,0) -> 25 | BI19: =(BF19-BH19)/BH19 -> -0.8 | BJ19: =VLOOKUP(C19,'[2]5月汇总'!$C:$AE,29,0) -> 20 | BK19: =BJ19+AD19 -> 52.8201 | BL19: =BK19/AC19 -> 0.2641005 | BM19: =VLOOKUP(C19,[1]两年对比终版!$A:$W,23,0) -> 233.58913 | BN19: =(BK19-BM19)/BM19 -> -0.77387604
A20: 15 | B20: D | C20: 泰国2 | D20: 136 | E20: 44 | F20: 0.32352941 | G20: 0 | H20: 1 | I20: 1200 | J20: 382.54 | K20: 0.31878333 | L20: 0 | M20: 1 | N20: 36 | O20: 9 | P20: 0.25 | Q20: 0 | R20: 1 | S20: 300 | T20: 74.13 | U20: 0.2471 | V20: 0 | W20: 1 | X20: 36 | Y20: 9 | Z20: 0.25 | AA20: 0 | AB20: 1 | AC20: 300 | AD20: 74.13 | AE20: 0.2471 | AF20: 0 | AG20: =(AD20-AF20)/AF20 -> #DIV/0! | AH20: =VLOOKUP(C20,'[2]5月汇总'!$C:$AE,24,0) -> 30 | AI20: =AH20+E20 -> 74 | AJ20: =AI20/D20 -> 0.54411765 | AK20: =VLOOKUP(C20,[1]两年对比终版!$A:$C,3,0) -> 0 | AL20: =AI20-AK20 -> 74 | AM20: =(AI20-AK20)/AK20 -> #DIV/0! | AN20: =VLOOKUP(C20,'[2]5月汇总'!$C:$AA,25,0) -> 240 | AO20: =AN20+J20 -> 622.54 | AP20: =AO20/I20 -> 0.51878333 | AQ20: =VLOOKUP(C20,[1]两年对比终版!$A:$W,6,0) -> 0 | AS20: =VLOOKUP(C20,'[2]5月汇总'!$C:$AE,26,0) -> 30 | AT20: =AS20+O20 -> 39 | AU20: =AT20/N20 -> 1.0833333 | AV20: =VLOOKUP(C20,[1]两年对比终版!$A:$N,14,0) -> 0 | AW20: =AT20-AV20 -> 39 | AX20: =(AT20-AV20)/AV20 -> #DIV/0! | AY20: =VLOOKUP(C20,'[2]5月汇总'!$C:$AE,27,0) -> 240 | AZ20: =AY20+T20 -> 314.13 | BA20: =AZ20/S20 -> 1.0471 | BB20: =VLOOKUP(C20,[1]两年对比终版!$A:$W,17,0) -> 0 | BC20: =AZ20-BB20 -> 314.13 | BD20: =(AZ20-BB20)/BB20 -> #DIV/0! | BE20: =VLOOKUP(C20,'[2]5月汇总'!$C:$AE,28,0) -> 20 | BF20: =BE20+Y20 -> 29 | BG20: =BF20/X20 -> 0.80555556 | BH20: =VLOOKUP(C20,[1]两年对比终版!$A:$T,20,0) -> 0 | BI20: =(BF20-BH20)/BH20 -> #DIV/0! | BJ20: =VLOOKUP(C20,'[2]5月汇总'!$C:$AE,29,0) -> 160 | BK20: =BJ20+AD20 -> 234.13 | BL20: =BK20/AC20 -> 0.78043333 | BM20: =VLOOKUP(C20,[1]两年对比终版!$A:$W,23,0) -> 0 | BN20: =(BK20-BM20)/BM20 -> #DIV/0!
A21: 16 | B21: D | C21: 金三角 | D21: 40 | E21: 5 | F21: 0.125 | G21: 40 | H21: -7 | I21: 200 | J21: 40.6814 | K21: 0.203407 | L21: 334.90668 | M21: -7.2324275 | N21: 36 | O21: 0 | P21: 0 | Q21: 0 | R21: #DIV/0! | S21: 200 | T21: 0 | U21: 0 | V21: 0 | W21: #DIV/0! | X21: 36 | Y21: 0 | Z21: 0 | AA21: 0 | AB21: #DIV/0! | AC21: 200 | AD21: 0 | AE21: 0 | AF21: 0 | AG21: =(AD21-AF21)/AF21 -> #DIV/0! | AH21: =VLOOKUP(C21,'[2]5月汇总'!$C:$AE,24,0) -> 20 | AI21: =AH21+E21 -> 25 | AJ21: =AI21/D21 -> 0.625 | AK21: =VLOOKUP(C21,[1]两年对比终版!$A:$C,3,0) -> 94 | AL21: =AI21-AK21 -> -69 | AM21: =(AI21-AK21)/AK21 -> -0.73404255 | AN21: =VLOOKUP(C21,'[2]5月汇总'!$C:$AA,25,0) -> 140 | AO21: =AN21+J21 -> 180.6814 | AP21: =AO21/I21 -> 0.903407 | AQ21: =VLOOKUP(C21,[1]两年对比终版!$A:$W,6,0) -> 1146.3367 | AR21: =(AO21-AQ21)/AQ21 -> -0.84238365 | AS21: =VLOOKUP(C21,'[2]5月汇总'!$C:$AE,26,0) -> 0 | AT21: =AS21+O21 -> 0 | AU21: =AT21/N21 -> 0 | AV21: =VLOOKUP(C21,[1]两年对比终版!$A:$N,14,0) -> 0 | AW21: =AT21-AV21 -> 0 | AX21: =(AT21-AV21)/AV21 -> #DIV/0! | AY21: =VLOOKUP(C21,'[2]5月汇总'!$C:$AE,27,0) -> 0 | AZ21: =AY21+T21 -> 0 | BA21: =AZ21/S21 -> 0 | BB21: =VLOOKUP(C21,[1]两年对比终版!$A:$W,17,0) -> 0 | BC21: =AZ21-BB21 -> 0 | BD21: =(AZ21-BB21)/BB21 -> #DIV/0! | BE21: =VLOOKUP(C21,'[2]5月汇总'!$C:$AE,28,0) -> 0 | BF21: =BE21+Y21 -> 0 | BG21: =BF21/X21 -> 0 | BH21: =VLOOKUP(C21,[1]两年对比终版!$A:$T,20,0) -> 0 | BI21: =(BF21-BH21)/BH21 -> #DIV/0! | BJ21: =VLOOKUP(C21,'[2]5月汇总'!$C:$AE,29,0) -> 0 | BK21: =BJ21+AD21 -> 0 | BL21: =BK21/AC21 -> 0 | BM21: =VLOOKUP(C21,[1]两年对比终版!$A:$W,23,0) -> 0 | BN21: =(BK21-BM21)/BM21 -> #DIV/0!
A22: 17 | B22: B | C22: 马来西亚 | D22: 109 | E22: 48 | F22: 0.44036697 | G22: 43 | H22: 0.10416667 | I22: 900 | J22: 794.926 | K22: 0.88325111 | L22: 919.84 | M22: -0.15713916 | N22: 61 | O22: 14 | P22: 0.2295082 | Q22: 12 | R22: 0.14285714 | S22: 521 | T22: 209.618 | U22: 0.40233781 | V22: 82.925 | W22: 0.60439943 | X22: 61 | Y22: 6 | Z22: 0.098360656 | AA22: 7 | AB22: -0.16666667 | AC22: 521 | AD22: 56.597 | AE22: 0.10863148 | AF22: 83.85 | AG22: =(AD22-AF22)/AF22 -> -0.32502087 | AH22: =VLOOKUP(C22,'[2]5月汇总'!$C:$AE,24,0) -> 112 | AI22: =AH22+E22 -> 160 | AJ22: =AI22/D22 -> 1.4678899 | AK22: =VLOOKUP(C22,[1]两年对比终版!$A:$C,3,0) -> 66 | AL22: =AI22-AK22 -> 94 | AM22: =(AI22-AK22)/AK22 -> 1.4242424 | AN22: =VLOOKUP(C22,'[2]5月汇总'!$C:$AA,25,0) -> 1109.12 | AO22: =AN22+J22 -> 1904.046 | AP22: =AO22/I22 -> 2.1156067 | AQ22: =VLOOKUP(C22,[1]两年对比终版!$A:$W,6,0) -> 1463.75 | AR22: =(AO22-AQ22)/AQ22 -> 0.3008 | AS22: =VLOOKUP(C22,'[2]5月汇总'!$C:$AE,26,0) -> 26 | AT22: =AS22+O22 -> 40 | AU22: =AT22/N22 -> 0.6557377 | AV22: =VLOOKUP(C22,[1]两年对比终版!$A:$N,14,0) -> 16 | AW22: =AT22-AV22 -> 24 | AX22: =(AT22-AV22)/AV22 -> 1.5 | AY22: =VLOOKUP(C22,'[2]5月汇总'!$C:$AE,27,0) -> 722.73 | AZ22: =AY22+T22 -> 932.348 | BA22: =AZ22/S22 -> 1.7895355 | BB22: =VLOOKUP(C22,[1]两年对比终版!$A:$W,17,0) -> 132.085 | BC22: =AZ22-BB22 -> 800.263 | BD22: =(AZ22-BB22)/BB22 -> 6.0586971 | BE22: =VLOOKUP(C22,'[2]5月汇总'!$C:$AE,28,0) -> 14 | BF22: =BE22+Y22 -> 20 | BG22: =BF22/X22 -> 0.32786885 | BH22: =VLOOKUP(C22,[1]两年对比终版!$A:$T,20,0) -> 17 | BI22: =(BF22-BH22)/BH22 -> 0.17647059 | BJ22: =VLOOKUP(C22,'[2]5月汇总'!$C:$AE,29,0) -> 463.24 | BK22: =BJ22+AD22 -> 519.837 | BL22: =BK22/AC22 -> 0.99776775 | BM22: =VLOOKUP(C22,[1]两年对比终版!$A:$W,23,0) -> 140.475 | BN22: =(BK22-BM22)/BM22 -> 2.7005659
A23: 18 | B23: D | C23: 马尔代夫 | D23: 36 | E23: 23 | F23: 0.63888889 | G23: 15 | H23: 0.34782609 | I23: 630 | J23: 266.22 | K23: 0.42257143 | L23: 194.69801 | M23: 0.26865746 | N23: 17 | O23: 2 | P23: 0.11764706 | Q23: 5 | R23: -1.5 | S23: 264.163 | T23: 20.3891 | U23: 0.077183784 | V23: 67.535637 | W23: -2.3123403 | X23: 17 | Y23: 2 | Z23: 0.11764706 | AA23: 7 | AB23: -2.5 | AC23: 264.163 | AD23: 22.29 | AE23: 0.08437972 | AF23: 79.339117 | AG23: =(AD23-AF23)/AF23 -> -0.7190541 | AH23: =VLOOKUP(C23,'[2]5月汇总'!$C:$AE,24,0) -> 8 | AI23: =AH23+E23 -> 31 | AJ23: =AI23/D23 -> 0.86111111 | AK23: =VLOOKUP(C23,[1]两年对比终版!$A:$C,3,0) -> 37 | AL23: =AI23-AK23 -> -6 | AM23: =(AI23-AK23)/AK23 -> -0.16216216 | AN23: =VLOOKUP(C23,'[2]5月汇总'!$C:$AA,25,0) -> 130 | AO23: =AN23+J23 -> 396.22 | AP23: =AO23/I23 -> 0.62892063 | AQ23: =VLOOKUP(C23,[1]两年对比终版!$A:$W,6,0) -> 543.86292 | AR23: =(AO23-AQ23)/AQ23 -> -0.27147084 | AS23: =VLOOKUP(C23,'[2]5月汇总'!$C:$AE,26,0) -> 7 | AT23: =AS23+O23 -> 9 | AU23: =AT23/N23 -> 0.52941176 | AV23: =VLOOKUP(C23,[1]两年对比终版!$A:$N,14,0) -> 7 | AW23: =AT23-AV23 -> 2 | AX23: =(AT23-AV23)/AV23 -> 0.28571429 | AY23: =VLOOKUP(C23,'[2]5月汇总'!$C:$AE,27,0) -> 80.5 | AZ23: =AY23+T23 -> 100.8891 | BA23: =AZ23/S23 -> 0.38191988 | BB23: =VLOOKUP(C23,[1]两年对比终版!$A:$W,17,0) -> 96.411317 | BC23: =AZ23-BB23 -> 4.477783 | BD23: =(AZ23-BB23)/BB23 -> 0.046444579 | BE23: =VLOOKUP(C23,'[2]5月汇总'!$C:$AE,28,0) -> 7 | BF23: =BE23+Y23 -> 9 | BG23: =BF23/X23 -> 0.52941176 | BH23: =VLOOKUP(C23,[1]两年对比终版!$A:$T,20,0) -> 16 | BI23: =(BF23-BH23)/BH23 -> -0.4375 | BJ23: =VLOOKUP(C23,'[2]5月汇总'!$C:$AE,29,0) -> 71.5 | BK23: =BJ23+AD23 -> 93.79 | BL23: =BK23/AC23 -> 0.35504594 | BM23: =VLOOKUP(C23,[1]两年对比终版!$A:$W,23,0) -> 3354.156 | BN23: =(BK23-BM23)/BM23 -> -0.97203767
A24: 19 | B24: D | C24: 香港-台湾 | D24: 20 | E24: 8 | F24: 0.4 | G24: 0 | H24: 1 | I24: 200 | J24: 50.38 | K24: 0.2519 | L24: 0 | M24: 1 | N24: 15 | O24: 0 | P24: 0 | Q24: 0 | R24: #DIV/0! | S24: 200 | T24: 0 | U24: 0 | V24: 0 | W24: #DIV/0! | X24: 15 | Y24: 0 | Z24: 0 | AA24: 0 | AB24: #DIV/0! | AC24: 200 | AD24: 0 | AE24: 0 | AF24: 0 | AG24: =(AD24-AF24)/AF24 -> #DIV/0! | AH24: =VLOOKUP(C24,'[2]5月汇总'!$C:$AE,24,0) -> 0 | AI24: =AH24+E24 -> 8 | AJ24: =AI24/D24 -> 0.4 | AK24: =VLOOKUP(C24,[1]两年对比终版!$A:$C,3,0) -> 0 | AL24: =AI24-AK24 -> 8 | AM24: =(AI24-AK24)/AK24 -> #DIV/0! | AN24: =VLOOKUP(C24,'[2]5月汇总'!$C:$AA,25,0) -> 0 | AO24: =AN24+J24 -> 50.38 | AP24: =AO24/I24 -> 0.2519 | AQ24: =VLOOKUP(C24,[1]两年对比终版!$A:$W,6,0) -> 0 | AS24: =VLOOKUP(C24,'[2]5月汇总'!$C:$AE,26,0) -> 0 | AT24: =AS24+O24 -> 0 | AU24: =AT24/N24 -> 0 | AV24: =VLOOKUP(C24,[1]两年对比终版!$A:$N,14,0) -> 0 | AW24: =AT24-AV24 -> 0 | AX24: =(AT24-AV24)/AV24 -> #DIV/0! | AY24: =VLOOKUP(C24,'[2]5月汇总'!$C:$AE,27,0) -> 0 | AZ24: =AY24+T24 -> 0 | BA24: =AZ24/S24 -> 0 | BB24: =VLOOKUP(C24,[1]两年对比终版!$A:$W,17,0) -> 0 | BC24: =AZ24-BB24 -> 0 | BD24: =(AZ24-BB24)/BB24 -> #DIV/0! | BE24: =VLOOKUP(C24,'[2]5月汇总'!$C:$AE,28,0) -> 0 | BF24: =BE24+Y24 -> 0 | BG24: =BF24/X24 -> 0 | BH24: =VLOOKUP(C24,[1]两年对比终版!$A:$T,20,0) -> 0 | BI24: =(BF24-BH24)/BH24 -> #DIV/0! | BJ24: =VLOOKUP(C24,'[2]5月汇总'!$C:$AE,29,0) -> 0 | BK24: =BJ24+AD24 -> 0 | BL24: =BK24/AC24 -> 0 | BM24: =VLOOKUP(C24,[1]两年对比终版!$A:$W,23,0) -> 0 | BN24: =(BK24-BM24)/BM24 -> #DIV/0!
A25: 亚洲1合计 | D25: 1328 | E25: 438 | F25: 0.32981928 | G25: 1676 | H25: -2.826484 | I25: 31010 | J25: 8328.6704 | K25: 0.26858015 | L25: 29715.329 | M25: -2.5678359 | N25: 583 | O25: 158 | P25: 0.27101201 | Q25: 667 | R25: -3.221519 | S25: 12602.326 | T25: 5836.2923 | U25: 0.46311231 | V25: 13072.68 | W25: -1.2398947 | X25: 583 | Y25: 169 | Z25: 0.28987993 | AA25: 346 | AB25: -1.0473373 | AC25: 12602.326 | AD25: 5913.7692 | AE25: 0.46926013 | AF25: 6248.6129 | AG25: =(AD25-AF25)/AF25 -> -0.05358688 | AH25: =SUM(AH16:AH24) -> 328 | AI25: =AH25+E25 -> 766 | AJ25: =AI25/D25 -> 0.57680723 | AK25: =SUM(AK16:AK24) -> 740 | AL25: =AI25-AK25 -> 26 | AM25: =(AI25-AK25)/AK25 -> 0.035135135 | AN25: =SUM(AN16:AN24) -> 5401.92 | AO25: =AN25+J25 -> 13730.59 | AP25: =AO25/I25 -> 0.44277944 | AQ25: =SUM(AQ16:AQ24) -> 14019.692 | AR25: =(AO25-AQ25)/AQ25 -> -0.020621124 | AS25: =SUM(AS16:AS24) -> 110 | AT25: =AS25+O25 -> 268 | AU25: =AT25/N25 -> 0.45969125 | AV25: =SUM(AV16:AV24) -> 233 | AW25: =AT25-AV25 -> 35 | AX25: =(AT25-AV25)/AV25 -> 0.15021459 | AY25: =SUM(AY16:AY24) -> 2423.31 | AZ25: =AY25+T25 -> 8259.6023 | BA25: =AZ25/S25 -> 0.655403 | BB25: =SUM(BB16:BB24) -> 6173.1519 | BC25: =AZ25-BB25 -> 2086.4504 | BD25: =(AZ25-BB25)/BB25 -> 0.33798786 | BE25: =SUM(BE16:BE24) -> 100 | BF25: =BE25+Y25 -> 269 | BG25: =BF25/X25 -> 0.46140652 | BH25: =SUM(BH16:BH24) -> 94 | BI25: =(BF25-BH25)/BH25 -> 1.8617021 | BJ25: =SUM(BJ16:BJ24) -> 2310.56 | BK25: =BJ25+AD25 -> 8224.3292 | BL25: =BK25/AC25 -> 0.65260407 | BM25: =SUM(BM16:BM24) -> 4729.57 | BN25: =(BK25-BM25)/BM25 -> 0.73891692
A26: 20 | B26: C | C26: 越南-2 | D26: 235 | E26: 64 | F26: 0.27234043 | G26: 42 | H26: 0.34375 | I26: 1673.35 | J26: 437.632 | K26: 0.26153046 | L26: 319.10661 | M26: 0.27083345 | N26: 63 | O26: 12 | P26: 0.19047619 | Q26: 14 | R26: -0.16666667 | S26: 683 | T26: 65.701 | U26: 0.096194729 | V26: 117.34529 | W26: -0.78605029 | X26: 63 | Y26: 10 | Z26: 0.15873016 | AA26: 24 | AB26: -1.4 | AC26: 683 | AD26: 55.8172 | AE26: 0.081723572 | AF26: 196.15974 | AG26: =(AD26-AF26)/AF26 -> -0.71545028 | AH26: =VLOOKUP(C26,'[2]5月汇总'!$C:$AE,24,0) -> 30 | AI26: =AH26+E26 -> 94 | AJ26: =AI26/D26 -> 0.4 | AK26: =VLOOKUP(C26,[1]两年对比终版!$A:$C,3,0) -> 52 | AL26: =AI26-AK26 -> 42 | AM26: =(AI26-AK26)/AK26 -> 0.80769231 | AN26: =VLOOKUP(C26,'[2]5月汇总'!$C:$AA,25,0) -> 150 | AO26: =AN26+J26 -> 587.632 | AP26: =AO26/I26 -> 0.351171 | AQ26: =VLOOKUP(C26,[1]两年对比终版!$A:$W,6,0) -> 393.58625 | AR26: =(AO26-AQ26)/AQ26 -> 0.49301964 | AS26: =VLOOKUP(C26,'[2]5月汇总'!$C:$AE,26,0) -> 16 | AT26: =AS26+O26 -> 28 | AU26: =AT26/N26 -> 0.44444444 | AV26: =VLOOKUP(C26,[1]两年对比终版!$A:$N,14,0) -> 22 | AW26: =AT26-AV26 -> 6 | AX26: =(AT26-AV26)/AV26 -> 0.27272727 | AY26: =VLOOKUP(C26,'[2]5月汇总'!$C:$AE,27,0) -> 80 | AZ26: =AY26+T26 -> 145.701 | BA26: =AZ26/S26 -> 0.21332504 | BB26: =VLOOKUP(C26,[1]两年对比终版!$A:$W,17,0) -> 178.45729 | BC26: =AZ26-BB26 -> -32.756292 | BD26: =(AZ26-BB26)/BB26 -> -0.18355256 | BE26: =VLOOKUP(C26,'[2]5月汇总'!$C:$AE,28,0) -> 8 | BF26: =BE26+Y26 -> 18 | BG26: =BF26/X26 -> 0.28571429 | BH26: =VLOOKUP(C26,[1]两年对比终版!$A:$T,20,0) -> 29 | BI26: =(BF26-BH26)/BH26 -> -0.37931034 | BJ26: =VLOOKUP(C26,'[2]5月汇总'!$C:$AE,29,0) -> 57.237 | BK26: =BJ26+AD26 -> 113.0542 | BL26: =BK26/AC26 -> 0.16552592 | BM26: =VLOOKUP(C26,[1]两年对比终版!$A:$W,23,0) -> 228.72333 | BN26: =(BK26-BM26)/BM26 -> -0.50571637
A27: 21 | B27: B | C27: 印度公建 | D27: 66 | E27: 13 | F27: 0.1969697 | G27: 13 | H27: 0 | I27: 930 | J27: 260.053 | K27: 0.27962688 | L27: 386.93599 | M27: -0.48791203 | N27: 27 | O27: 6 | P27: 0.22222222 | Q27: 1 | R27: 0.83333333 | S27: 396.245 | T27: 68.5136 | U27: 0.17290717 | V27: 19.06 | W27: 0.72180706 | X27: 27 | Y27: 5 | Z27: 0.18518519 | AA27: 0 | AB27: 1 | AC27: 396.245 | AD27: 78.4854 | AE27: 0.19807291 | AF27: 0 | AG27: =(AD27-AF27)/AF27 -> #DIV/0! | AH27: =VLOOKUP(C27,'[2]5月汇总'!$C:$AE,24,0) -> 17 | AI27: =AH27+E27 -> 30 | AJ27: =AI27/D27 -> 0.45454545 | AK27: =VLOOKUP(C27,[1]两年对比终版!$A:$C,3,0) -> 23 | AL27: =AI27-AK27 -> 7 | AM27: =(AI27-AK27)/AK27 -> 0.30434783 | AN27: =VLOOKUP(C27,'[2]5月汇总'!$C:$AA,25,0) -> 166.6 | AO27: =AN27+J27 -> 426.653 | AP27: =AO27/I27 -> 0.45876667 | AQ27: =VLOOKUP(C27,[1]两年对比终版!$A:$W,6,0) -> 773.87896 | AR27: =(AO27-AQ27)/AQ27 -> -0.44868252 | AS27: =VLOOKUP(C27,'[2]5月汇总'!$C:$AE,26,0) -> 7 | AT27: =AS27+O27 -> 13 | AU27: =AT27/N27 -> 0.48148148 | AV27: =VLOOKUP(C27,[1]两年对比终版!$A:$N,14,0) -> 3 | AW27: =AT27-AV27 -> 10 | AX27: =(AT27-AV27)/AV27 -> 3.3333333 | AY27: =VLOOKUP(C27,'[2]5月汇总'!$C:$AE,27,0) -> 118.436 | AZ27: =AY27+T27 -> 186.9496 | BA27: =AZ27/S27 -> 0.47180305 | BB27: =VLOOKUP(C27,[1]两年对比终版!$A:$W,17,0) -> 44.012007 | BC27: =AZ27-BB27 -> 142.93759 | BD27: =(AZ27-BB27)/BB27 -> 3.2476954 | BE27: =VLOOKUP(C27,'[2]5月汇总'!$C:$AE,28,0) -> 11 | BF27: =BE27+Y27 -> 16 | BG27: =BF27/X27 -> 0.59259259 | BH27: =VLOOKUP(C27,[1]两年对比终版!$A:$T,20,0) -> 0 | BI27: =(BF27-BH27)/BH27 -> #DIV/0! | BJ27: =VLOOKUP(C27,'[2]5月汇总'!$C:$AE,29,0) -> 343.68219 | BK27: =BJ27+AD27 -> 422.16759 | BL27: =BK27/AC27 -> 1.0654206 | BM27: =VLOOKUP(C27,[1]两年对比终版!$A:$W,23,0) -> 0 | BN27: =(BK27-BM27)/BM27 -> #DIV/0!
A28: 22 | B28: D | C28: 巴基斯坦 | D28: 87 | E28: 20 | F28: 0.22988506 | G28: 0 | H28: 1 | I28: 688 | J28: 154.487 | K28: 0.22454506 | L28: 0 | M28: 1 | N28: 32 | O28: 4 | P28: 0.125 | Q28: 0 | R28: 1 | S28: 265 | T28: 23.2504 | U28: 0.087737358 | V28: 0 | W28: 1 | X28: 32 | Y28: 5 | Z28: 0.15625 | AA28: 0 | AB28: 1 | AC28: 265 | AD28: 37.6112 | AE28: 0.14192906 | AF28: 0 | AG28: =(AD28-AF28)/AF28 -> #DIV/0! | AH28: =VLOOKUP(C28,'[2]5月汇总'!$C:$AE,24,0) -> 13 | AI28: =AH28+E28 -> 33 | AJ28: =AI28/D28 -> 0.37931034 | AK28: =VLOOKUP(C28,[1]两年对比终版!$A:$C,3,0) -> 8 | AL28: =AI28-AK28 -> 25 | AM28: =(AI28-AK28)/AK28 -> 3.125 | AN28: =VLOOKUP(C28,'[2]5月汇总'!$C:$AA,25,0) -> 78.42 | AO28: =AN28+J28 -> 232.907 | AP28: =AO28/I28 -> 0.33852762 | AQ28: =VLOOKUP(C28,[1]两年对比终版!$A:$W,6,0) -> 74.024224 | AR28: =(AO28-AQ28)/AQ28 -> 2.1463619 | AS28: =VLOOKUP(C28,'[2]5月汇总'!$C:$AE,26,0) -> 4 | AT28: =AS28+O28 -> 8 | AU28: =AT28/N28 -> 0.25 | AV28: =VLOOKUP(C28,[1]两年对比终版!$A:$N,14,0) -> 2 | AW28: =AT28-AV28 -> 6 | AX28: =(AT28-AV28)/AV28 -> 3 | AY28: =VLOOKUP(C28,'[2]5月汇总'!$C:$AE,27,0) -> 44 | AZ28: =AY28+T28 -> 67.2504 | BA28: =AZ28/S28 -> 0.25377509 | BB28: =VLOOKUP(C28,[1]两年对比终版!$A:$W,17,0) -> 6.912768 | BC28: =AZ28-BB28 -> 60.337632 | BD28: =(AZ28-BB28)/BB28 -> 8.728433 | BE28: =VLOOKUP(C28,'[2]5月汇总'!$C:$AE,28,0) -> 5 | BF28: =BE28+Y28 -> 10 | BG28: =BF28/X28 -> 0.3125 | BH28: =VLOOKUP(C28,[1]两年对比终版!$A:$T,20,0) -> 0 | BI28: =(BF28-BH28)/BH28 -> #DIV/0! | BJ28: =VLOOKUP(C28,'[2]5月汇总'!$C:$AE,29,0) -> 51.98 | BK28: =BJ28+AD28 -> 89.5912 | BL28: =BK28/AC28 -> 0.33808 | BM28: =VLOOKUP(C28,[1]两年对比终版!$A:$W,23,0) -> 0 | BN28: =(BK28-BM28)/BM28 -> #DIV/0!
A29: 23 | B29: B | C29: 孟加拉-1 | D29: 238 | E29: 41 | F29: 0.17226891 | G29: 84 | H29: -1.0487805 | I29: 1768.9 | J29: 430.345 | K29: 0.24328396 | L29: 732.27569 | M29: -0.70160148 | N29: 73 | O29: 15 | P29: 0.20547945 | Q29: 16 | R29: -0.066666667 | S29: 722 | T29: 122.238 | U29: 0.16930471 | V29: 135.72362 | W29: -0.11032267 | X29: 73 | Y29: 14 | Z29: 0.19178082 | AA29: 12 | AB29: 0.14285714 | AC29: 722 | AD29: 114.248 | AE29: 0.15823823 | AF29: 104.07321 | AG29: =(AD29-AF29)/AF29 -> 0.097765729 | AH29: =VLOOKUP(C29,'[2]5月汇总'!$C:$AE,24,0) -> 65 | AI29: =AH29+E29 -> 106 | AJ29: =AI29/D29 -> 0.44537815 | AK29: =VLOOKUP(C29,[1]两年对比终版!$A:$C,3,0) -> 128 | AL29: =AI29-AK29 -> -22 | AM29: =(AI29-AK29)/AK29 -> -0.171875 | AN29: =VLOOKUP(C29,'[2]5月汇总'!$C:$AA,25,0) -> 279 | AO29: =AN29+J29 -> 709.345 | AP29: =AO29/I29 -> 0.4010091 | AQ29: =VLOOKUP(C29,[1]两年对比终版!$A:$W,6,0) -> 1268.9125 | AR29: =(AO29-AQ29)/AQ29 -> -0.44098193 | AS29: =VLOOKUP(C29,'[2]5月汇总'!$C:$AE,26,0) -> 15 | AT29: =AS29+O29 -> 30 | AU29: =AT29/N29 -> 0.4109589 | AV29: =VLOOKUP(C29,[1]两年对比终版!$A:$N,14,0) -> 27 | AW29: =AT29-AV29 -> 3 | AX29: =(AT29-AV29)/AV29 -> 0.11111111 | AY29: =VLOOKUP(C29,'[2]5月汇总'!$C:$AE,27,0) -> 127.32 | AZ29: =AY29+T29 -> 249.558 | BA29: =AZ29/S29 -> 0.3456482 | BB29: =VLOOKUP(C29,[1]两年对比终版!$A:$W,17,0) -> 224.14553 | BC29: =AZ29-BB29 -> 25.412467 | BD29: =(AZ29-BB29)/BB29 -> 0.11337485 | BE29: =VLOOKUP(C29,'[2]5月汇总'!$C:$AE,28,0) -> 11 | BF29: =BE29+Y29 -> 25 | BG29: =BF29/X29 -> 0.34246575 | BH29: =VLOOKUP(C29,[1]两年对比终版!$A:$T,20,0) -> 20 | BI29: =(BF29-BH29)/BH29 -> 0.25 | BJ29: =VLOOKUP(C29,'[2]5月汇总'!$C:$AE,29,0) -> 93.87 | BK29: =BJ29+AD29 -> 208.118 | BL29: =BK29/AC29 -> 0.28825208 | BM29: =VLOOKUP(C29,[1]两年对比终版!$A:$W,23,0) -> 167.86765 | BN29: =(BK29-BM29)/BM29 -> 0.23977429
A30: 24 | B30: C | C30: 澳大利亚 | D30: 136 | E30: 23 | F30: 0.16911765 | G30: 38 | H30: -0.65217391 | I30: 964 | J30: 320.911 | K30: 0.33289523 | L30: 580.17456 | M30: -0.80789864 | N30: 32 | O30: 8 | P30: 0.25 | Q30: 2 | R30: 0.75 | S30: 380 | T30: 88.3023 | U30: 0.23237447 | V30: 29.534539 | W30: 0.66552922 | X30: 32 | Y30: 3 | Z30: 0.09375 | AA30: 8 | AB30: -1.6666667 | AC30: 380 | AD30: 53.7101 | AE30: 0.14134237 | AF30: 165.75891 | AG30: =(AD30-AF30)/AF30 -> -0.67597459 | AH30: =VLOOKUP(C30,'[2]5月汇总'!$C:$AE,24,0) -> 13 | AI30: =AH30+E30 -> 36 | AJ30: =AI30/D30 -> 0.26470588 | AK30: =VLOOKUP(C30,[1]两年对比终版!$A:$C,3,0) -> 39 | AL30: =AI30-AK30 -> -3 | AM30: =(AI30-AK30)/AK30 -> -0.076923077 | AN30: =VLOOKUP(C30,'[2]5月汇总'!$C:$AA,25,0) -> 180 | AO30: =AN30+J30 -> 500.911 | AP30: =AO30/I30 -> 0.51961722 | AQ30: =VLOOKUP(C30,[1]两年对比终版!$A:$W,6,0) -> 592.24855 | AR30: =(AO30-AQ30)/AQ30 -> -0.15422166 | AS30: =VLOOKUP(C30,'[2]5月汇总'!$C:$AE,26,0) -> 7 | AT30: =AS30+O30 -> 15 | AU30: =AT30/N30 -> 0.46875 | AV30: =VLOOKUP(C30,[1]两年对比终版!$A:$N,14,0) -> 2 | AW30: =AT30-AV30 -> 13 | AX30: =(AT30-AV30)/AV30 -> 6.5 | AY30: =VLOOKUP(C30,'[2]5月汇总'!$C:$AE,27,0) -> 70 | AZ30: =AY30+T30 -> 158.3023 | BA30: =AZ30/S30 -> 0.416585 | BB30: =VLOOKUP(C30,[1]两年对比终版!$A:$W,17,0) -> 29.534539 | BC30: =AZ30-BB30 -> 128.76776 | BD30: =(AZ30-BB30)/BB30 -> 4.3599042 | BE30: =VLOOKUP(C30,'[2]5月汇总'!$C:$AE,28,0) -> 8 | BF30: =BE30+Y30 -> 11 | BG30: =BF30/X30 -> 0.34375 | BH30: =VLOOKUP(C30,[1]两年对比终版!$A:$T,20,0) -> 9 | BI30: =(BF30-BH30)/BH30 -> 0.22222222 | BJ30: =VLOOKUP(C30,'[2]5月汇总'!$C:$AE,29,0) -> 64.4 | BK30: =BJ30+AD30 -> 118.1101 | BL30: =BK30/AC30 -> 0.31081605 | BM30: =VLOOKUP(C30,[1]两年对比终版!$A:$W,23,0) -> 179.53971 | BN30: =(BK30-BM30)/BM30 -> -0.34215055
A31: 25 | B31: C | C31: 菲律宾 | D31: 69 | E31: 26 | F31: 0.37681159 | G31: 0 | H31: 1 | I31: 710 | J31: 214.36 | K31: 0.30191549 | L31: 0 | M31: 1 | N31: 27 | O31: 0 | P31: 0 | Q31: 0 | R31: #DIV/0! | S31: 350 | T31: 0 | U31: 0 | V31: 0 | W31: #DIV/0! | X31: 27 | Y31: 0 | Z31: 0 | AA31: 0 | AB31: #DIV/0! | AC31: 350 | AD31: 0 | AE31: 0 | AF31: 0 | AG31: =(AD31-AF31)/AF31 -> #DIV/0! | AH31: =VLOOKUP(C31,'[2]5月汇总'!$C:$AE,24,0) -> 0 | AI31: =AH31+E31 -> 26 | AJ31: =AI31/D31 -> 0.37681159 | AK31: =VLOOKUP(C31,[1]两年对比终版!$A:$C,3,0) -> 0 | AL31: =AI31-AK31 -> 26 | AM31: =(AI31-AK31)/AK31 -> #DIV/0! | AN31: =VLOOKUP(C31,'[2]5月汇总'!$C:$AA,25,0) -> 0 | AO31: =AN31+J31 -> 214.36 | AP31: =AO31/I31 -> 0.30191549 | AQ31: =VLOOKUP(C31,[1]两年对比终版!$A:$W,6,0) -> 0 | AS31: =VLOOKUP(C31,'[2]5月汇总'!$C:$AE,26,0) -> 0 | AT31: =AS31+O31 -> 0 | AU31: =AT31/N31 -> 0 | AV31: =VLOOKUP(C31,[1]两年对比终版!$A:$N,14,0) -> 0 | AW31: =AT31-AV31 -> 0 | AY31: =VLOOKUP(C31,'[2]5月汇总'!$C:$AE,27,0) -> 30 | AZ31: =AY31+T31 -> 30 | BA31: =AZ31/S31 -> 0.085714286 | BB31: =VLOOKUP(C31,[1]两年对比终版!$A:$W,17,0) -> 0 | BC31: =AZ31-BB31 -> 30 | BE31: =VLOOKUP(C31,'[2]5月汇总'!$C:$AE,28,0) -> 0 | BF31: =BE31+Y31 -> 0 | BG31: =BF31/X31 -> 0 | BH31: =VLOOKUP(C31,[1]两年对比终版!$A:$T,20,0) -> 0 | BJ31: =VLOOKUP(C31,'[2]5月汇总'!$C:$AE,29,0) -> 15 | BK31: =BJ31+AD31 -> 15 | BL31: =BK31/AC31 -> 0.042857143 | BM31: =VLOOKUP(C31,[1]两年对比终版!$A:$W,23,0) -> 0
A32: 26 | B32: C | C32: 印尼-1 | D32: 263 | E32: 48 | F32: 0.18250951 | G32: 35 | H32: 0.27083333 | I32: 1640 | J32: 499.416 | K32: 0.30452195 | L32: 300.42334 | M32: 0.39845071 | N32: 42 | O32: 8 | P32: 0.19047619 | Q32: 1 | R32: 0.875 | S32: 400 | T32: 77.5997 | U32: 0.19399925 | V32: 7.43 | W32: 0.90425221 | X32: 42 | Y32: 8 | Z32: 0.19047619 | AA32: 1 | AB32: 0.875 | AC32: 400 | AD32: 77.5997 | AE32: 0.19399925 | AF32: 7.43 | AG32: =(AD32-AF32)/AF32 -> 9.444105 | AH32: =VLOOKUP(C32,'[2]5月汇总'!$C:$AE,24,0) -> 0 | AI32: =AH32+E32 -> 48 | AJ32: =AI32/D32 -> 0.18250951 | AK32: =VLOOKUP(C32,[1]两年对比终版!$A:$C,3,0) -> 97 | AL32: =AI32-AK32 -> -49 | AM32: =(AI32-AK32)/AK32 -> -0.50515464 | AN32: =VLOOKUP(C32,'[2]5月汇总'!$C:$AA,25,0) -> 0 | AO32: =AN32+J32 -> 499.416 | AP32: =AO32/I32 -> 0.30452195 | AQ32: =VLOOKUP(C32,[1]两年对比终版!$A:$W,6,0) -> 1049.8087 | AR32: =(AO32-AQ32)/AQ32 -> -0.52427902 | AS32: =VLOOKUP(C32,'[2]5月汇总'!$C:$AE,26,0) -> 0 | AT32: =AS32+O32 -> 8 | AU32: =AT32/N32 -> 0.19047619 | AV32: =VLOOKUP(C32,[1]两年对比终版!$A:$N,14,0) -> 1 | AW32: =AT32-AV32 -> 7 | AX32: =(AT32-AV32)/AV32 -> 7 | AY32: =VLOOKUP(C32,'[2]5月汇总'!$C:$AE,27,0) -> 100 | AZ32: =AY32+T32 -> 177.5997 | BA32: =AZ32/S32 -> 0.44399925 | BB32: =VLOOKUP(C32,[1]两年对比终版!$A:$W,17,0) -> 7.43 | BC32: =AZ32-BB32 -> 170.1697 | BD32: =(AZ32-BB32)/BB32 -> 22.903055 | BE32: =VLOOKUP(C32,'[2]5月汇总'!$C:$AE,28,0) -> 0 | BF32: =BE32+Y32 -> 8 | BG32: =BF32/X32 -> 0.19047619 | BH32: =VLOOKUP(C32,[1]两年对比终版!$A:$T,20,0) -> 1 | BI32: =(BF32-BH32)/BH32 -> 7 | BJ32: =VLOOKUP(C32,'[2]5月汇总'!$C:$AE,29,0) -> 0 | BK32: =BJ32+AD32 -> 77.5997 | BL32: =BK32/AC32 -> 0.19399925 | BM32: =VLOOKUP(C32,[1]两年对比终版!$A:$W,23,0) -> 7.43 | BN32: =(BK32-BM32)/BM32 -> 9.444105
A33: 27 | B33: B | C33: 越南-1（工厂） | D33: 148 | E33: 23 | F33: 0.15540541 | G33: 9 | H33: 0.60869565 | I33: 1470 | J33: 311.155 | K33: 0.21167007 | L33: 98.864647 | M33: 0.6822656 | N33: 55 | O33: 10 | P33: 0.18181818 | Q33: 0 | R33: 1 | S33: 600 | T33: 74.2168 | U33: 0.12369467 | V33: 0 | W33: 1 | X33: 55 | Y33: 4 | Z33: 0.072727273 | AA33: 0 | AB33: 1 | AC33: 600 | AD33: 24.6438 | AE33: 0.041073 | AF33: 0 | AG33: =(AD33-AF33)/AF33 -> #DIV/0! | AH33: =VLOOKUP(C33,'[2]5月汇总'!$C:$AE,24,0) -> 22 | AI33: =AH33+E33 -> 45 | AJ33: =AI33/D33 -> 0.30405405 | AK33: =VLOOKUP(C33,[1]两年对比终版!$A:$C,3,0) -> 10 | AL33: =AI33-AK33 -> 35 | AM33: =(AI33-AK33)/AK33 -> 3.5 | AN33: =VLOOKUP(C33,'[2]5月汇总'!$C:$AA,25,0) -> 250 | AO33: =AN33+J33 -> 561.155 | AP33: =AO33/I33 -> 0.3817381 | AQ33: =VLOOKUP(C33,[1]两年对比终版!$A:$W,6,0) -> 106.42549 | AR33: =(AO33-AQ33)/AQ33 -> 4.2727501 | AS33: =VLOOKUP(C33,'[2]5月汇总'!$C:$AE,26,0) -> 2 | AT33: =AS33+O33 -> 12 | AU33: =AT33/N33 -> 0.21818182 | AV33: =VLOOKUP(C33,[1]两年对比终版!$A:$N,14,0) -> 1 | AW33: =AT33-AV33 -> 11 | AX33: =(AT33-AV33)/AV33 -> 11 | AY33: =VLOOKUP(C33,'[2]5月汇总'!$C:$AE,27,0) -> 13.8 | AZ33: =AY33+T33 -> 88.0168 | BA33: =AZ33/S33 -> 0.14669467 | BB33: =VLOOKUP(C33,[1]两年对比终版!$A:$W,17,0) -> 7.56084 | BC33: =AZ33-BB33 -> 80.45596 | BD33: =(AZ33-BB33)/BB33 -> 10.64114 | BE33: =VLOOKUP(C33,'[2]5月汇总'!$C:$AE,28,0) -> 7 | BF33: =BE33+Y33 -> 11 | BG33: =BF33/X33 -> 0.2 | BH33: =VLOOKUP(C33,[1]两年对比终版!$A:$T,20,0) -> 0 | BI33: =(BF33-BH33)/BH33 -> #DIV/0! | BJ33: =VLOOKUP(C33,'[2]5月汇总'!$C:$AE,29,0) -> 49.5 | BK33: =BJ33+AD33 -> 74.1438 | BL33: =BK33/AC33 -> 0.123573 | BM33: =VLOOKUP(C33,[1]两年对比终版!$A:$W,23,0) -> 0 | BN33: =(BK33-BM33)/BM33 -> #DIV/0!
A34: 28 | B34: A | C34: 印度私营 | D34: 246 | E34: 63 | F34: 0.25609756 | G34: 36 | H34: 0.42857143 | I34: 2934 | J34: 788.161 | K34: 0.2686302 | L34: 555.16878 | M34: 0.29561501 | N34: 81 | O34: 23 | P34: 0.28395062 | Q34: 12 | R34: 0.47826087 | S34: 1600 | T34: 269.24 | U34: 0.168275 | V34: 275.38668 | W34: -0.022829743 | X34: 81 | Y34: 6 | Z34: 0.074074074 | AA34: 14 | AB34: -1.3333333 | AC34: 1600 | AD34: 78.962 | AE34: 0.04935125 | AF34: 254.07979 | AG34: =(AD34-AF34)/AF34 -> -0.6892236 | AH34: =VLOOKUP(C34,'[2]5月汇总'!$C:$AE,24,0) -> 38 | AI34: =AH34+E34 -> 101 | AJ34: =AI34/D34 -> 0.41056911 | AK34: =VLOOKUP(C34,[1]两年对比终版!$A:$C,3,0) -> 110 | AL34: =AI34-AK34 -> -9 | AM34: =(AI34-AK34)/AK34 -> -0.081818182 | AN34: =VLOOKUP(C34,'[2]5月汇总'!$C:$AA,25,0) -> 430 | AO34: =AN34+J34 -> 1218.161 | AP34: =AO34/I34 -> 0.4151878 | AQ34: =VLOOKUP(C34,[1]两年对比终版!$A:$W,6,0) -> 1592.6828 | AR34: =(AO34-AQ34)/AQ34 -> -0.23515152 | AS34: =VLOOKUP(C34,'[2]5月汇总'!$C:$AE,26,0) -> 26 | AT34: =AS34+O34 -> 49 | AU34: =AT34/N34 -> 0.60493827 | AV34: =VLOOKUP(C34,[1]两年对比终版!$A:$N,14,0) -> 30 | AW34: =AT34-AV34 -> 19 | AX34: =(AT34-AV34)/AV34 -> 0.63333333 | AY34: =VLOOKUP(C34,'[2]5月汇总'!$C:$AE,27,0) -> 276 | AZ34: =AY34+T34 -> 545.24 | BA34: =AZ34/S34 -> 0.340775 | BB34: =VLOOKUP(C34,[1]两年对比终版!$A:$W,17,0) -> 723.49246 | BC34: =AZ34-BB34 -> -178.25246 | BD34: =(AZ34-BB34)/BB34 -> -0.24637778 | BE34: =VLOOKUP(C34,'[2]5月汇总'!$C:$AE,28,0) -> 21 | BF34: =BE34+Y34 -> 27 | BG34: =BF34/X34 -> 0.33333333 | BH34: =VLOOKUP(C34,[1]两年对比终版!$A:$T,20,0) -> 19 | BI34: =(BF34-BH34)/BH34 -> 0.42105263 | BJ34: =VLOOKUP(C34,'[2]5月汇总'!$C:$AE,29,0) -> 205 | BK34: =BJ34+AD34 -> 283.962 | BL34: =BK34/AC34 -> 0.17747625 | BM34: =VLOOKUP(C34,[1]两年对比终版!$A:$W,23,0) -> 329.72867 | BN34: =(BK34-BM34)/BM34 -> -0.13880101
A35: 29 | B35: C | C35: 菲律宾-2 | D35: 85 | E35: 29 | F35: 0.34117647 | G35: 0 | H35: 1 | I35: 650 | J35: 214.149 | K35: 0.32946 | L35: 0 | M35: 1 | N35: 27 | O35: 0 | P35: 0 | Q35: 0 | R35: #DIV/0! | S35: 350 | T35: 0 | U35: 0 | V35: 0 | W35: #DIV/0! | X35: 27 | Y35: 0 | Z35: 0 | AA35: 0 | AB35: #DIV/0! | AC35: 350 | AD35: 0 | AE35: 0 | AF35: 0 | AG35: =(AD35-AF35)/AF35 -> #DIV/0! | AH35: =VLOOKUP(C35,'[2]5月汇总'!$C:$AE,24,0) -> 41 | AI35: =AH35+E35 -> 70 | AJ35: =AI35/D35 -> 0.82352941 | AK35: =VLOOKUP(C35,[1]两年对比终版!$A:$C,3,0) -> 0 | AL35: =AI35-AK35 -> 70 | AM35: =(AI35-AK35)/AK35 -> #DIV/0! | AN35: =VLOOKUP(C35,'[2]5月汇总'!$C:$AA,25,0) -> 235 | AO35: =AN35+J35 -> 449.149 | AP35: =AO35/I35 -> 0.69099846 | AQ35: =VLOOKUP(C35,[1]两年对比终版!$A:$W,6,0) -> 0 | AS35: =VLOOKUP(C35,'[2]5月汇总'!$C:$AE,26,0) -> 5 | AT35: =AS35+O35 -> 5 | AU35: =AT35/N35 -> 0.18518519 | AV35: =VLOOKUP(C35,[1]两年对比终版!$A:$N,14,0) -> 0 | AW35: =AT35-AV35 -> 5 | AY35: =VLOOKUP(C35,'[2]5月汇总'!$C:$AE,27,0) -> 50 | AZ35: =AY35+T35 -> 50 | BA35: =AZ35/S35 -> 0.14285714 | BB35: =VLOOKUP(C35,[1]两年对比终版!$A:$W,17,0) -> 0 | BC35: =AZ35-BB35 -> 50 | BE35: =VLOOKUP(C35,'[2]5月汇总'!$C:$AE,28,0) -> 11 | BF35: =BE35+Y35 -> 11 | BG35: =BF35/X35 -> 0.40740741 | BH35: =VLOOKUP(C35,[1]两年对比终版!$A:$T,20,0) -> 0 | BJ35: =VLOOKUP(C35,'[2]5月汇总'!$C:$AE,29,0) -> 60 | BK35: =BJ35+AD35 -> 60 | BL35: =BK35/AC35 -> 0.17142857 | BM35: =VLOOKUP(C35,[1]两年对比终版!$A:$W,23,0) -> 0
A36: 30 | B36: C | C36: 印尼-2 | D36: 250 | E36: 51 | F36: 0.204 | G36: 0 | H36: 1 | I36: 1700 | J36: 530.632 | K36: 0.31213647 | L36: 0 | M36: 1 | N36: 42 | O36: 0 | P36: 0 | Q36: 0 | R36: #DIV/0! | S36: 400 | T36: 0 | U36: 0 | V36: 0 | W36: #DIV/0! | X36: 42 | Y36: 0 | Z36: 0 | AA36: 0 | AB36: #DIV/0! | AC36: 400 | AD36: 0 | AE36: 0 | AF36: 0 | AG36: =(AD36-AF36)/AF36 -> #DIV/0! | AH36: =VLOOKUP(C36,'[2]5月汇总'!$C:$AE,24,0) -> 0 | AI36: =AH36+E36 -> 51 | AJ36: =AI36/D36 -> 0.204 | AK36: =VLOOKUP(C36,[1]两年对比终版!$A:$C,3,0) -> 0 | AL36: =AI36-AK36 -> 51 | AM36: =(AI36-AK36)/AK36 -> #DIV/0! | AN36: =VLOOKUP(C36,'[2]5月汇总'!$C:$AA,25,0) -> 0 | AO36: =AN36+J36 -> 530.632 | AP36: =AO36/I36 -> 0.31213647 | AQ36: =VLOOKUP(C36,[1]两年对比终版!$A:$W,6,0) -> 0 | AS36: =VLOOKUP(C36,'[2]5月汇总'!$C:$AE,26,0) -> 0 | AT36: =AS36+O36 -> 0 | AU36: =AT36/N36 -> 0 | AV36: =VLOOKUP(C36,[1]两年对比终版!$A:$N,14,0) -> 0 | AW36: =AT36-AV36 -> 0 | AY36: =VLOOKUP(C36,'[2]5月汇总'!$C:$AE,27,0) -> 0 | AZ36: =AY36+T36 -> 0 | BA36: =AZ36/S36 -> 0 | BB36: =VLOOKUP(C36,[1]两年对比终版!$A:$W,17,0) -> 0 | BC36: =AZ36-BB36 -> 0 | BE36: =VLOOKUP(C36,'[2]5月汇总'!$C:$AE,28,0) -> 0 | BF36: =BE36+Y36 -> 0 | BG36: =BF36/X36 -> 0 | BH36: =VLOOKUP(C36,[1]两年对比终版!$A:$T,20,0) -> 0 | BJ36: =VLOOKUP(C36,'[2]5月汇总'!$C:$AE,29,0) -> 170 | BK36: =BJ36+AD36 -> 170 | BL36: =BK36/AC36 -> 0.425 | BM36: =VLOOKUP(C36,[1]两年对比终版!$A:$W,23,0) -> 0
A37: 亚洲2合计 | D37: 1823 | E37: 401 | F37: 0.21996709 | G37: 257 | H37: 0.35910224 | I37: 15128.25 | J37: 4161.301 | K37: 0.27506823 | L37: 2972.9496 | M37: 0.28557208 | N37: 501 | O37: 86 | P37: 0.17165669 | Q37: 46 | R37: 0.46511628 | S37: 6146.245 | T37: 789.0618 | U37: 0.12838112 | V37: 584.48013 | W37: 0.25927205 | X37: 501 | Y37: 55 | Z37: 0.10978044 | AA37: 59 | AB37: -0.072727273 | AC37: 6146.245 | AD37: 521.0774 | AE37: 0.084779796 | AF37: 727.50165 | AG37: =(AD37-AF37)/AF37 -> -0.28374403 | AH37: =SUM(AH26:AH36) -> 239 | AI37: =AH37+E37 -> 640 | AJ37: =AI37/D37 -> 0.35106967 | AK37: =SUM(AK26:AK36) -> 467 | AL37: =AI37-AK37 -> 173 | AM37: =(AI37-AK37)/AK37 -> 0.37044968 | AN37: =SUM(AN26:AN36) -> 1769.02 | AO37: =AN37+J37 -> 5930.321 | AP37: =AO37/I37 -> 0.39200311 | AQ37: =SUM(AQ26:AQ36) -> 5851.5674 | AR37: =(AO37-AQ37)/AQ37 -> 0.013458551 | AS37: =SUM(AS26:AS36) -> 82 | AT37: =AS37+O37 -> 168 | AU37: =AT37/N37 -> 0.33532934 | AV37: =SUM(AV26:AV36) -> 88 | AW37: =AT37-AV37 -> 80 | AX37: =(AT37-AV37)/AV37 -> 0.90909091 | AY37: =SUM(AY26:AY36) -> 909.556 | AZ37: =AY37+T37 -> 1698.6178 | BA37: =AZ37/S37 -> 0.27636676 | BB37: =SUM(BB26:BB36) -> 1221.5454 | BC37: =AZ37-BB37 -> 477.07236 | BD37: =(AZ37-BB37)/BB37 -> 0.39054819 | BE37: =SUM(BE26:BE36) -> 82 | BF37: =BE37+Y37 -> 137 | BG37: =BF37/X37 -> 0.27345309 | BH37: =SUM(BH26:BH36) -> 78 | BI37: =(BF37-BH37)/BH37 -> 0.75641026 | BJ37: =SUM(BJ26:BJ36) -> 1110.6692 | BK37: =BJ37+AD37 -> 1631.7466 | BL37: =BK37/AC37 -> 0.26548675 | BM37: =SUM(BM26:BM36) -> 913.28937 | BN37: =(BK37-BM37)/BM37 -> 0.78666986
A38: 31 | B38: B | C38: 阿联酋-2 | D38: 63 | E38: 43 | F38: 0.68253968 | G38: 40 | H38: 0.069767442 | I38: 2450 | J38: 490.787 | K38: 0.20032122 | L38: 1027.7122 | M38: -1.0940087 | N38: 20 | O38: 5 | P38: 0.25 | Q38: 25 | R38: -4 | S38: 900 | T38: 55.9393 | U38: 0.062154778 | V38: 891.86092 | W38: -14.943369 | X38: 20 | Y38: 1 | Z38: 0.05 | AA38: 16 | AB38: -15 | AC38: 900 | AD38: 26.6761 | AE38: 0.029640111 | AF38: 539.00555 | AG38: =(AD38-AF38)/AF38 -> -0.95050867 | AH38: =VLOOKUP(C38,'[2]5月汇总'!$C:$AE,24,0) -> 100 | AI38: =AH38+E38 -> 143 | AJ38: =AI38/D38 -> 2.2698413 | AK38: =VLOOKUP(C38,[1]两年对比终版!$A:$C,3,0) -> 42 | AL38: =AI38-AK38 -> 101 | AM38: =(AI38-AK38)/AK38 -> 2.4047619 | AN38: =VLOOKUP(C38,'[2]5月汇总'!$C:$AE,25,0) -> 535 | AO38: =AN38+J38 -> 1025.787 | AP38: =AO38/I38 -> 0.41868857 | AQ38: =VLOOKUP(C38,[1]两年对比终版!$A:$W,6,0) -> 1049.7856 | AR38: =(AO38-AQ38)/AQ38 -> -0.022860447 | AS38: =VLOOKUP(C38,'[2]5月汇总'!$C:$AE,26,0) -> 30 | AT38: =AS38+O38 -> 35 | AU38: =AT38/N38 -> 1.75 | AV38: =VLOOKUP(C38,[1]两年对比终版!$A:$N,14,0) -> 27 | AW38: =AT38-AV38 -> 8 | AX38: =(AT38-AV38)/AV38 -> 0.2962963 | AY38: =VLOOKUP(C38,'[2]5月汇总'!$C:$AE,27,0) -> 315 | AZ38: =AY38+T38 -> 370.9393 | BB38: =VLOOKUP(C38,[1]两年对比终版!$A:$W,17,0) -> 913.93426 | BC38: =AZ38-BB38 -> -542.99496 | BD38: =(AZ38-BB38)/BB38 -> -0.59412912 | BE38: =VLOOKUP(C38,'[2]5月汇总'!$C:$AE,28,0) -> 30 | BF38: =BE38+Y38 -> 31 | BG38: =BF38/X38 -> 1.55 | BH38: =VLOOKUP(C38,[1]两年对比终版!$A:$T,20,0) -> 26 | BI38: =(BF38-BH38)/BH38 -> 0.19230769 | BJ38: =VLOOKUP(C38,'[2]5月汇总'!$C:$AE,29,0) -> 315 | BK38: =BJ38+AD38 -> 341.6761 | BL38: =BK38/AC38 -> 0.37964011 | BM38: =VLOOKUP(C38,[1]两年对比终版!$A:$W,23,0) -> 895.74992 | BN38: =(BK38-BM38)/BM38 -> -0.6185586
AS39: =AS47+AS38 -> 48 | AT39: =AT47+AT38 -> 53 | AV39: =AV47+AV38 -> 27 | AW39: =AW47+AW38 -> 26 | AX39: =(AT39-AV39)/AV39 -> 0.96296296 | AY39: =AY47+AY38 -> 585 | AZ39: =AZ47+AZ38 -> 640.9393 | BB39: =BB38+BB47 -> 913.93426 | BC39: =BC38+BC47 -> -272.99496 | BD39: =(AZ39-BB39)/BB39 -> -0.29870306 | BE39: =BE38+BE47 -> 48 | BF39: =BF38+BF47 -> 49 | BH39: =BH38+BH47 -> 26 | BJ39: =BJ38+BJ47 -> 585 | BK39: =BK38+BK47 -> 611.6761 | BM39: =BM38+BM47 -> 895.74992 | BN39: =(BK39-BM39)/BM39 -> -0.31713519
A40: 32 | B40: A | C40: 沙特工厂 | D40: 733 | E40: 213 | F40: 0.29058663 | G40: 288 | H40: -0.35211268 | I40: 6860 | J40: 1838.18 | K40: 0.26795627 | L40: 2858.819 | M40: -0.55524433 | N40: 200 | O40: 29 | P40: 0.145 | Q40: 56 | R40: -0.93103448 | S40: 2360 | T40: 257.589 | U40: 0.10914788 | V40: 513.03622 | W40: -0.99168527 | X40: 200 | Y40: 29 | Z40: 0.145 | AA40: 60 | AB40: -1.0689655 | AC40: 2360 | AD40: 257.589 | AE40: 0.10914788 | AF40: 501.76314 | AG40: =(AD40-AF40)/AF40 -> -0.48663228 | AH40: =VLOOKUP(C40,'[2]5月汇总'!$C:$AE,24,0) -> 129 | AI40: =AH40+E40 -> 342 | AJ40: =AI40/D40 -> 0.46657572 | AK40: =VLOOKUP(C40,[1]两年对比终版!$A:$W,3,0) -> 860 | AL40: =AI40-AK40 -> -518 | AM40: =(AI40-AK40)/AK40 -> -0.60232558 | AN40: =VLOOKUP(C40,'[2]5月汇总'!$C:$AE,25,0) -> 1030 | AO40: =AN40+J40 -> 2868.18 | AP40: =AO40/I40 -> 0.41810204 | AQ40: =VLOOKUP(C40,[1]两年对比终版!$A:$W,6,0) -> 7680.8761 | AR40: =(AO40-AQ40)/AQ40 -> -0.62658166 | AS40: =VLOOKUP(C40,'[2]5月汇总'!$C:$AE,26,0) -> 90 | AT40: =AS40+O40 -> 119 | AU40: =AT40/N40 -> 0.595 | AV40: =VLOOKUP(C40,[1]两年对比终版!$A:$N,14,0) -> 115 | AW40: =AT40-AV40 -> 4 | AX40: =(AT40-AV40)/AV40 -> 0.034782609 | AY40: =VLOOKUP(C40,'[2]5月汇总'!$C:$AE,27,0) -> 720 | AZ40: =AY40+T40 -> 977.589 | BA40: =AZ40/S40 -> 0.41423263 | BB40: =VLOOKUP(C40,[1]两年对比终版!$A:$W,17,0) -> 999.50571 | BC40: =AZ40-BB40 -> -21.916706 | BD40: =(AZ40-BB40)/BB40 -> -0.021927545 | BE40: =VLOOKUP(C40,'[2]5月汇总'!$C:$AE,28,0) -> 70 | BF40: =BE40+Y40 -> 99 | BG40: =BF40/X40 -> 0.495 | BH40: =VLOOKUP(C40,[1]两年对比终版!$A:$T,20,0) -> 132 | BI40: =(BF40-BH40)/BH40 -> -0.25 | BJ40: =VLOOKUP(C40,'[2]5月汇总'!$C:$AE,29,0) -> 480 | BK40: =BJ40+AD40 -> 737.589 | BL40: =BK40/AC40 -> 0.31253771 | BM40: =VLOOKUP(C40,[1]两年对比终版!$A:$W,23,0) -> 1132.2966 | BN40: =(BK40-BM40)/BM40 -> -0.34859028
A41: 33 | B41: A | C41: 沙特-1 | D41: 299 | E41: 89 | F41: 0.29765886 | G41: 115 | H41: -0.29213483 | I41: 3710 | J41: 696.211 | K41: 0.18765795 | L41: 884.79749 | M41: -0.27087548 | N41: 150 | O41: 13 | P41: 0.086666667 | Q41: 14 | R41: -0.076923077 | S41: 1500 | T41: 108.787 | U41: 0.072524667 | V41: 188.04364 | W41: -0.72854886 | X41: 150 | Y41: 22 | Z41: 0.14666667 | AA41: 8 | AB41: 0.63636364 | AC41: 1500 | AD41: 239.502 | AE41: 0.159668 | AF41: 74.390415 | AG41: =(AD41-AF41)/AF41 -> 2.2195277 | AH41: =VLOOKUP(C41,'[2]5月汇总'!$C:$AE,24,0) -> 94 | AI41: =AH41+E41 -> 183 | AJ41: =AI41/D41 -> 0.61204013 | AK41: =VLOOKUP(C41,[1]两年对比终版!$A:$W,3,0) -> 380 | AL41: =AI41-AK41 -> -197 | AM41: =(AI41-AK41)/AK41 -> -0.51842105 | AN41: =VLOOKUP(C41,'[2]5月汇总'!$C:$AE,25,0) -> 610 | AO41: =AN41+J41 -> 1306.211 | AP41: =AO41/I41 -> 0.35207844 | AQ41: =VLOOKUP(C41,[1]两年对比终版!$A:$W,6,0) -> 2999.3153 | AR41: =(AO41-AQ41)/AQ41 -> -0.56449694 | AS41: =VLOOKUP(C41,'[2]5月汇总'!$C:$AE,26,0) -> 67 | AT41: =AS41+O41 -> 80 | AU41: =AT41/N41 -> 0.53333333 | AV41: =VLOOKUP(C41,[1]两年对比终版!$A:$N,14,0) -> 18 | AW41: =AT41-AV41 -> 62 | AX41: =(AT41-AV41)/AV41 -> 3.4444444 | AY41: =VLOOKUP(C41,'[2]5月汇总'!$C:$AE,27,0) -> 401 | AZ41: =AY41+T41 -> 509.787 | BA41: =AZ41/S41 -> 0.339858 | BB41: =VLOOKUP(C41,[1]两年对比终版!$A:$W,17,0) -> 244.92997 | BC41: =AZ41-BB41 -> 264.85703 | BD41: =(AZ41-BB41)/BB41 -> 1.0813582 | BE41: =VLOOKUP(C41,'[2]5月汇总'!$C:$AE,28,0) -> 40 | BF41: =BE41+Y41 -> 62 | BG41: =BF41/X41 -> 0.41333333 | BH41: =VLOOKUP(C41,[1]两年对比终版!$A:$T,20,0) -> 22 | BI41: =(BF41-BH41)/BH41 -> 1.8181818 | BJ41: =VLOOKUP(C41,'[2]5月汇总'!$C:$AE,29,0) -> 390 | BK41: =BJ41+AD41 -> 629.502 | BL41: =BK41/AC41 -> 0.419668 | BM41: =VLOOKUP(C41,[1]两年对比终版!$A:$W,23,0) -> 262.43406 | BN41: =(BK41-BM41)/BM41 -> 1.3987054
A42: 34 | B42: C | C42: 科威特 | D42: 136 | E42: 25 | F42: 0.18382353 | G42: 30 | H42: -0.2 | I42: 1820 | J42: 479.952 | K42: 0.26370989 | L42: 304.12705 | M42: 0.3663386 | N42: 64 | O42: 0 | P42: 0 | Q42: 10 | R42: #DIV/0! | S42: 732 | T42: 0 | U42: 0 | V42: 117.1505 | W42: #DIV/0! | X42: 64 | Y42: 9 | Z42: 0.140625 | AA42: 5 | AB42: 0.44444444 | AC42: 732 | AD42: 87.0849 | AE42: 0.11896844 | AF42: 62.95374 | AG42: =(AD42-AF42)/AF42 -> 0.38331575 | AH42: =VLOOKUP(C42,'[2]5月汇总'!$C:$AE,24,0) -> 40 | AI42: =AH42+E42 -> 65 | AJ42: =AI42/D42 -> 0.47794118 | AK42: =VLOOKUP(C42,[1]两年对比终版!$A:$W,3,0) -> 77 | AL42: =AI42-AK42 -> -12 | AM42: =(AI42-AK42)/AK42 -> -0.15584416 | AN42: =VLOOKUP(C42,'[2]5月汇总'!$C:$AE,25,0) -> 400 | AO42: =AN42+J42 -> 879.952 | AP42: =AO42/I42 -> 0.48349011 | AQ42: =VLOOKUP(C42,[1]两年对比终版!$A:$W,6,0) -> 1017.158 | AR42: =(AO42-AQ42)/AQ42 -> -0.13489156 | AS42: =VLOOKUP(C42,'[2]5月汇总'!$C:$AE,26,0) -> 7 | AT42: =AS42+O42 -> 7 | AU42: =AT42/N42 -> 0.109375 | AV42: =VLOOKUP(C42,[1]两年对比终版!$A:$N,14,0) -> 11 | AW42: =AT42-AV42 -> -4 | AX42: =(AT42-AV42)/AV42 -> -0.36363636 | AY42: =VLOOKUP(C42,'[2]5月汇总'!$C:$AE,27,0) -> 160 | AZ42: =AY42+T42 -> 160 | BA42: =AZ42/S42 -> 0.21857923 | BB42: =VLOOKUP(C42,[1]两年对比终版!$A:$W,17,0) -> 126.79957 | BC42: =AZ42-BB42 -> 33.200433 | BD42: =(AZ42-BB42)/BB42 -> 0.26183396 | BE42: =VLOOKUP(C42,'[2]5月汇总'!$C:$AE,28,0) -> 2 | BF42: =BE42+Y42 -> 11 | BG42: =BF42/X42 -> 0.171875 | BH42: =VLOOKUP(C42,[1]两年对比终版!$A:$T,20,0) -> 12 | BI42: =(BF42-BH42)/BH42 -> -0.083333333 | BJ42: =VLOOKUP(C42,'[2]5月汇总'!$C:$AE,29,0) -> 20 | BK42: =BJ42+AD42 -> 107.0849 | BL42: =BK42/AC42 -> 0.14629085 | BM42: =VLOOKUP(C42,[1]两年对比终版!$A:$W,23,0) -> 134.82774 | BN42: =(BK42-BM42)/BM42 -> -0.2057651
A43: 35 | B43: A | C43: 阿联酋-1 | D43: 416 | E43: 88 | F43: 0.21153846 | G43: 103 | H43: -0.17045455 | I43: 3710 | J43: 778.696 | K43: 0.20989111 | L43: 727.19352 | M43: 0.066139387 | N43: 150 | O43: 34 | P43: 0.22666667 | Q43: 46 | R43: -0.35294118 | S43: 1500 | T43: 246.246 | U43: 0.164164 | V43: 332.66631 | W43: -0.3509511 | X43: 150 | Y43: 32 | Z43: 0.21333333 | AA43: 32 | AB43: 0 | AC43: 1500 | AD43: 217.117 | AE43: 0.14474467 | AF43: 238.98827 | AG43: =(AD43-AF43)/AF43 -> -0.091516066 | AH43: =VLOOKUP(C43,'[2]5月汇总'!$C:$AE,24,0) -> 59 | AI43: =AH43+E43 -> 147 | AJ43: =AI43/D43 -> 0.35336538 | AK43: =VLOOKUP(C43,[1]两年对比终版!$A:$W,3,0) -> 404 | AL43: =AI43-AK43 -> -257 | AM43: =(AI43-AK43)/AK43 -> -0.63613861 | AN43: =VLOOKUP(C43,'[2]5月汇总'!$C:$AE,25,0) -> 610 | AO43: =AN43+J43 -> 1388.696 | AP43: =AO43/I43 -> 0.37431159 | AQ43: =VLOOKUP(C43,[1]两年对比终版!$A:$W,6,0) -> 3426.4583 | AR43: =(AO43-AQ43)/AQ43 -> -0.59471388 | AS43: =VLOOKUP(C43,'[2]5月汇总'!$C:$AE,26,0) -> 67 | AT43: =AS43+O43 -> 101 | AU43: =AT43/N43 -> 0.67333333 | AV43: =VLOOKUP(C43,[1]两年对比终版!$A:$N,14,0) -> 63 | AW43: =AT43-AV43 -> 38 | AX43: =(AT43-AV43)/AV43 -> 0.6031746 | AY43: =VLOOKUP(C43,'[2]5月汇总'!$C:$AE,27,0) -> 600 | AZ43: =AY43+T43 -> 846.246 | BA43: =AZ43/S43 -> 0.564164 | BB43: =VLOOKUP(C43,[1]两年对比终版!$A:$W,17,0) -> 500.02766 | BC43: =AZ43-BB43 -> 346.21834 | BD43: =(AZ43-BB43)/BB43 -> 0.69239837 | BE43: =VLOOKUP(C43,'[2]5月汇总'!$C:$AE,28,0) -> 46 | BF43: =BE43+Y43 -> 78 | BG43: =BF43/X43 -> 0.52 | BH43: =VLOOKUP(C43,[1]两年对比终版!$A:$T,20,0) -> 52 | BI43: =(BF43-BH43)/BH43 -> 0.5 | BJ43: =VLOOKUP(C43,'[2]5月汇总'!$C:$AE,29,0) -> 460 | BK43: =BJ43+AD43 -> 677.117 | BL43: =BK43/AC43 -> 0.45141133 | BM43: =VLOOKUP(C43,[1]两年对比终版!$A:$W,23,0) -> 388.01158 | BN43: =(BK43-BM43)/BM43 -> 0.74509484
A44: 36 | B44: C | C44: 卡塔尔 | D44: 50 | E44: 12 | F44: 0.24 | G44: 0 | H44: 1 | I44: 700 | J44: 155.366 | K44: 0.22195143 | L44: 0 | M44: 1 | N44: 42 | O44: 0 | P44: 0 | Q44: 0 | R44: #DIV/0! | S44: 500 | T44: 0 | U44: 0 | V44: 0 | W44: #DIV/0! | X44: 42 | Y44: 0 | Z44: 0 | AA44: 0 | AB44: #DIV/0! | AC44: 500 | AD44: 0 | AE44: 0 | AF44: 0 | AG44: =(AD44-AF44)/AF44 -> #DIV/0! | AH44: =VLOOKUP(C44,'[2]5月汇总'!$C:$AE,24,0) -> 16 | AI44: =AH44+E44 -> 28 | AJ44: =AI44/D44 -> 0.56 | AK44: =VLOOKUP(C44,[1]两年对比终版!$A:$W,3,0) -> 0 | AL44: =AI44-AK44 -> 28 | AM44: =(AI44-AK44)/AK44 -> #DIV/0! | AN44: =VLOOKUP(C44,'[2]5月汇总'!$C:$AE,25,0) -> 97.92 | AO44: =AN44+J44 -> 253.286 | AP44: =AO44/I44 -> 0.36183714 | AQ44: =VLOOKUP(C44,[1]两年对比终版!$A:$W,6,0) -> 0 | AS44: =VLOOKUP(C44,'[2]5月汇总'!$C:$AE,26,0) -> 6 | AT44: =AS44+O44 -> 6 | AU44: =AT44/N44 -> 0.14285714 | AV44: =VLOOKUP(C44,[1]两年对比终版!$A:$N,14,0) -> 0 | AW44: =AT44-AV44 -> 6 | AY44: =VLOOKUP(C44,'[2]5月汇总'!$C:$AE,27,0) -> 36.72 | AZ44: =AY44+T44 -> 36.72 | BA44: =AZ44/S44 -> 0.07344 | BB44: =VLOOKUP(C44,[1]两年对比终版!$A:$W,17,0) -> 0 | BC44: =AZ44-BB44 -> 36.72 | BE44: =VLOOKUP(C44,'[2]5月汇总'!$C:$AE,28,0) -> 2 | BF44: =BE44+Y44 -> 2 | BG44: =BF44/X44 -> 0.047619048 | BH44: =VLOOKUP(C44,[1]两年对比终版!$A:$T,20,0) -> 0 | BJ44: =VLOOKUP(C44,'[2]5月汇总'!$C:$AE,29,0) -> 12.24 | BK44: =BJ44+AD44 -> 12.24 | BL44: =BK44/AC44 -> 0.02448 | BM44: =VLOOKUP(C44,[1]两年对比终版!$A:$W,23,0) -> 0
A45: 37 | B45: D | C45: 伊拉克 | D45: 81 | E45: 24 | F45: 0.2962963 | G45: 19 | H45: 0.20833333 | I45: 700 | J45: 292.144 | K45: 0.41734857 | L45: 141.60719 | M45: 0.51528292 | N45: 42 | O45: 8 | P45: 0.19047619 | Q45: 5 | R45: 0.375 | S45: 300 | T45: 65.9294 | U45: 0.21976467 | V45: 36.667755 | W45: 0.44383302 | X45: 42 | Y45: 4 | Z45: 0.095238095 | AA45: 0 | AB45: 1 | AC45: 300 | AD45: 29.1079 | AE45: 0.097026333 | AF45: 0 | AG45: =(AD45-AF45)/AF45 -> #DIV/0! | AH45: =VLOOKUP(C45,'[2]5月汇总'!$C:$AE,24,0) -> 6 | AI45: =AH45+E45 -> 30 | AJ45: =AI45/D45 -> 0.37037037 | AK45: =VLOOKUP(C45,[1]两年对比终版!$A:$W,3,0) -> 53 | AL45: =AI45-AK45 -> -23 | AM45: =(AI45-AK45)/AK45 -> -0.43396226 | AN45: =VLOOKUP(C45,'[2]5月汇总'!$C:$AE,25,0) -> 45 | AO45: =AN45+J45 -> 337.144 | AP45: =AO45/I45 -> 0.48163429 | AQ45: =VLOOKUP(C45,[1]两年对比终版!$A:$W,6,0) -> 592.63862 | AR45: =(AO45-AQ45)/AQ45 -> -0.43111368 | AS45: =VLOOKUP(C45,'[2]5月汇总'!$C:$AE,26,0) -> 6 | AT45: =AS45+O45 -> 14 | AU45: =AT45/N45 -> 0.33333333 | AV45: =VLOOKUP(C45,[1]两年对比终版!$A:$N,14,0) -> 8 | AW45: =AT45-AV45 -> 6 | AX45: =(AT45-AV45)/AV45 -> 0.75 | AY45: =VLOOKUP(C45,'[2]5月汇总'!$C:$AE,27,0) -> 45 | AZ45: =AY45+T45 -> 110.9294 | BA45: =AZ45/S45 -> 0.36976467 | BB45: =VLOOKUP(C45,[1]两年对比终版!$A:$W,17,0) -> 61.438507 | BC45: =AZ45-BB45 -> 49.490893 | BD45: =(AZ45-BB45)/BB45 -> 0.80553541 | BE45: =VLOOKUP(C45,'[2]5月汇总'!$C:$AE,28,0) -> 11 | BF45: =BE45+Y45 -> 15 | BG45: =BF45/X45 -> 0.35714286 | BH45: =VLOOKUP(C45,[1]两年对比终版!$A:$T,20,0) -> 8 | BI45: =(BF45-BH45)/BH45 -> 0.875 | BJ45: =VLOOKUP(C45,'[2]5月汇总'!$C:$AE,29,0) -> 81.3 | BK45: =BJ45+AD45 -> 110.4079 | BL45: =BK45/AC45 -> 0.36802633 | BM45: =VLOOKUP(C45,[1]两年对比终版!$A:$W,23,0) -> 61.438507 | BN45: =(BK45-BM45)/BM45 -> 0.79704725
A46: 38 | B46: C | C46: 巴勒斯坦 | D46: 181 | E46: 18 | F46: 0.099447514 | G46: 0 | H46: 1 | I46: 1680 | J46: 333.397 | K46: 0.1984506 | L46: 0 | M46: 1 | N46: 80 | O46: 3 | P46: 0.0375 | Q46: 0 | R46: 1 | S46: 700 | T46: 24.9508 | U46: 0.035644 | V46: 0 | W46: 1 | X46: 80 | Y46: 0 | Z46: 0 | AA46: 0 | AB46: #DIV/0! | AC46: 700 | AD46: 0 | AE46: 0 | AF46: 0 | AG46: =(AD46-AF46)/AF46 -> #DIV/0! | AH46: =VLOOKUP(C46,'[2]5月汇总'!$C:$AE,24,0) -> 4 | AI46: =AH46+E46 -> 22 | AJ46: =AI46/D46 -> 0.12154696 | AK46: =VLOOKUP(C46,[1]两年对比终版!$A:$W,3,0) -> 0 | AL46: =AI46-AK46 -> 22 | AM46: =(AI46-AK46)/AK46 -> #DIV/0! | AN46: =VLOOKUP(C46,'[2]5月汇总'!$C:$AE,25,0) -> 30 | AO46: =AN46+J46 -> 363.397 | AP46: =AO46/I46 -> 0.21630774 | AQ46: =VLOOKUP(C46,[1]两年对比终版!$A:$W,6,0) -> 0 | AS46: =VLOOKUP(C46,'[2]5月汇总'!$C:$AE,26,0) -> 4 | AT46: =AS46+O46 -> 7 | AU46: =AT46/N46 -> 0.0875 | AV46: =VLOOKUP(C46,[1]两年对比终版!$A:$N,14,0) -> 0 | AW46: =AT46-AV46 -> 7 | AY46: =VLOOKUP(C46,'[2]5月汇总'!$C:$AE,27,0) -> 30 | AZ46: =AY46+T46 -> 54.9508 | BA46: =AZ46/S46 -> 0.078501143 | BB46: =VLOOKUP(C46,[1]两年对比终版!$A:$W,17,0) -> 0 | BC46: =AZ46-BB46 -> 54.9508 | BE46: =VLOOKUP(C46,'[2]5月汇总'!$C:$AE,28,0) -> 7 | BF46: =BE46+Y46 -> 7 | BG46: =BF46/X46 -> 0.0875 | BH46: =VLOOKUP(C46,[1]两年对比终版!$A:$T,20,0) -> 0 | BJ46: =VLOOKUP(C46,'[2]5月汇总'!$C:$AE,29,0) -> 55 | BK46: =BJ46+AD46 -> 55 | BL46: =BK46/AC46 -> 0.078571429 | BM46: =VLOOKUP(C46,[1]两年对比终版!$A:$W,23,0) -> 0
A47: 39 | B47: C | C47: 阿联酋3 | D47: 59 | E47: 0 | F47: 0 | G47: 0 | H47: #DIV/0! | I47: 910 | J47: 0 | K47: 0 | L47: 0 | M47: #DIV/0! | N47: 44 | O47: 0 | P47: 0 | Q47: 0 | R47: #DIV/0! | S47: 600 | T47: 0 | U47: 0 | V47: 0 | W47: #DIV/0! | X47: 44 | Y47: 0 | Z47: 0 | AA47: 0 | AB47: #DIV/0! | AC47: 600 | AD47: 0 | AE47: 0 | AF47: 0 | AG47: =(AD47-AF47)/AF47 -> #DIV/0! | AH47: =VLOOKUP(C47,'[2]5月汇总'!$C:$AE,24,0) -> 60 | AI47: =AH47+E47 -> 60 | AJ47: =AI47/D47 -> 1.0169492 | AK47: =VLOOKUP(C47,[1]两年对比终版!$A:$W,3,0) -> 0 | AL47: =AI47-AK47 -> 60 | AM47: =(AI47-AK47)/AK47 -> #DIV/0! | AN47: =VLOOKUP(C47,'[2]5月汇总'!$C:$AE,25,0) -> 410 | AO47: =AN47+J47 -> 410 | AP47: =AO47/I47 -> 0.45054945 | AQ47: =VLOOKUP(C47,[1]两年对比终版!$A:$W,6,0) -> 0 | AS47: =VLOOKUP(C47,'[2]5月汇总'!$C:$AE,26,0) -> 18 | AT47: =AS47+O47 -> 18 | AU47: =AT47/N47 -> 0.40909091 | AV47: =VLOOKUP(C47,[1]两年对比终版!$A:$N,14,0) -> 0 | AW47: =AT47-AV47 -> 18 | AY47: =VLOOKUP(C47,'[2]5月汇总'!$C:$AE,27,0) -> 270 | AZ47: =AY47+T47 -> 270 | BA47: =AZ47/S47 -> 0.45 | BB47: =VLOOKUP(C47,[1]两年对比终版!$A:$W,17,0) -> 0 | BC47: =AZ47-BB47 -> 270 | BE47: =VLOOKUP(C47,'[2]5月汇总'!$C:$AE,28,0) -> 18 | BF47: =BE47+Y47 -> 18 | BG47: =BF47/X47 -> 0.40909091 | BH47: =VLOOKUP(C47,[1]两年对比终版!$A:$T,20,0) -> 0 | BJ47: =VLOOKUP(C47,'[2]5月汇总'!$C:$AE,29,0) -> 270 | BK47: =BJ47+AD47 -> 270 | BL47: =BK47/AC47 -> 0.45 | BM47: =VLOOKUP(C47,[1]两年对比终版!$A:$W,23,0) -> 0
A48: 40 | B48: D | C48: 伊朗+阿曼 | D48: 45 | E48: 29 | F48: 0.64444444 | G48: 34 | H48: -0.17241379 | I48: 700 | J48: 198.864 | K48: 0.28409143 | L48: 259.53637 | M48: -0.30509479 | N48: 25 | O48: 15 | P48: 0.6 | Q48: 10 | R48: 0.33333333 | S48: 300 | T48: 95.0563 | U48: 0.31685433 | V48: 114.98986 | W48: -0.20970266 | X48: 25 | Y48: 2 | Z48: 0.08 | AA48: 8 | AB48: -3 | AC48: 300 | AD48: 12.4017 | AE48: 0.041339 | AF48: 48.080717 | AG48: =(AD48-AF48)/AF48 -> -0.74206499 | AH48: =VLOOKUP(C48,'[2]5月汇总'!$C:$AE,24,0) -> 29 | AI48: =AH48+E48 -> 58 | AJ48: =AI48/D48 -> 1.2888889 | AK48: =VLOOKUP(C48,[1]两年对比终版!$A:$W,3,0) -> 92 | AL48: =AI48-AK48 -> -34 | AM48: =(AI48-AK48)/AK48 -> -0.36956522 | AN48: =VLOOKUP(C48,'[2]5月汇总'!$C:$AE,25,0) -> 157 | AO48: =AN48+J48 -> 355.864 | AP48: =AO48/I48 -> 0.50837714 | AQ48: =VLOOKUP(C48,[1]两年对比终版!$A:$W,6,0) -> 1001.541 | AR48: =(AO48-AQ48)/AQ48 -> -0.64468354 | AS48: =VLOOKUP(C48,'[2]5月汇总'!$C:$AE,26,0) -> 11 | AT48: =AS48+O48 -> 26 | AU48: =AT48/N48 -> 1.04 | AV48: =VLOOKUP(C48,[1]两年对比终版!$A:$N,14,0) -> 20 | AW48: =AT48-AV48 -> 6 | AX48: =(AT48-AV48)/AV48 -> 0.3 | AY48: =VLOOKUP(C48,'[2]5月汇总'!$C:$AE,27,0) -> 58.3 | AZ48: =AY48+T48 -> 153.3563 | BA48: =AZ48/S48 -> 0.51118767 | BB48: =VLOOKUP(C48,[1]两年对比终版!$A:$W,17,0) -> 200.80713 | BC48: =AZ48-BB48 -> -47.450832 | BD48: =(AZ48-BB48)/BB48 -> -0.23630053 | BE48: =VLOOKUP(C48,'[2]5月汇总'!$C:$AE,28,0) -> 22 | BF48: =BE48+Y48 -> 24 | BG48: =BF48/X48 -> 0.96 | BH48: =VLOOKUP(C48,[1]两年对比终版!$A:$T,20,0) -> 15 | BI48: =(BF48-BH48)/BH48 -> 0.6 | BJ48: =VLOOKUP(C48,'[2]5月汇总'!$C:$AE,29,0) -> 130.084 | BK48: =BJ48+AD48 -> 142.4857 | BL48: =BK48/AC48 -> 0.47495233 | BM48: =VLOOKUP(C48,[1]两年对比终版!$A:$W,23,0) -> 137.57912 | BN48: =(BK48-BM48)/BM48 -> 0.035663667
A49: 中东合计 | D49: 2063 | E49: 541 | F49: 0.26223946 | G49: 629 | H49: -0.16266174 | I49: 23240 | J49: 5263.597 | K49: 0.22648868 | L49: 6203.7929 | M49: -0.17862231 | N49: 817 | O49: 107 | P49: 0.13096695 | Q49: 166 | R49: -0.55140187 | S49: 9392 | T49: 854.4978 | U49: 0.090981452 | V49: 2194.4152 | W49: -1.5680759 | X49: 817 | Y49: 99 | Z49: 0.12117503 | AA49: 129 | AB49: -0.3030303 | AC49: 9392 | AD49: 869.4786 | AE49: 0.092576512 | AF49: 1465.1818 | AG49: =(AD49-AF49)/AF49 -> -0.4065729 | AH49: =SUM(AH38:AH48) -> 537 | AI49: =AH49+E49 -> 1078 | AJ49: =AI49/D49 -> 0.52253999 | AK49: =SUM(AK38:AK48) -> 1908 | AL49: =AI49-AK49 -> -830 | AM49: =(AI49-AK49)/AK49 -> -0.43501048 | AN49: =SUM(AN38:AN48) -> 3924.92 | AO49: =AN49+J49 -> 9188.517 | AP49: =AO49/I49 -> 0.39537509 | AQ49: =SUM(AQ38:AQ48) -> 17767.773 | AR49: =(AO49-AQ49)/AQ49 -> -0.48285488 | AS49: =SUM(AS38:AS48) -> 354 | AT49: =AS49+O49 -> 461 | AU49: =AT49/N49 -> 0.56425949 | AV49: =SUM(AV38:AV48) -> 289 | AW49: =AT49-AV49 -> 172 | AX49: =(AT49-AV49)/AV49 -> 0.59515571 | AY49: =SUM(AY38:AY48) -> 3221.02 | AZ49: =AY49+T49 -> 4075.5178 | BA49: =AZ49/S49 -> 0.43393503 | BB49: =SUM(BB38:BB48) -> 3961.3771 | BC49: =AZ49-BB49 -> 114.14075 | BD49: =(AZ49-BB49)/BB49 -> 0.028813402 | BE49: =SUM(BE38:BE48) -> 296 | BF49: =BE49+Y49 -> 395 | BG49: =BF49/X49 -> 0.48347613 | BH49: =SUM(BH38:BH48) -> 293 | BI49: =(BF49-BH49)/BH49 -> 0.34812287 | BJ49: =SUM(BJ38:BJ48) -> 2798.624 | BK49: =BJ49+AD49 -> 3668.1026 | BL49: =BK49/AC49 -> 0.39055607 | BM49: =SUM(BM38:BM48) -> 3908.0874 | BN49: =(BK49-BM49)/BM49 -> -0.061407234
A50: 41 | B50: C | C50: 蒙古 | D50: 81 | E50: 36 | F50: 0.44444444 | G50: 52 | H50: -0.44444444 | I50: 1260 | J50: 411.437 | K50: 0.3265373 | L50: 552.75038 | M50: -0.34346298 | N50: 32.4 | O50: 10 | P50: 0.30864198 | Q50: 8 | R50: 0.2 | S50: 500 | T50: 110.118 | U50: 0.220236 | V50: 101.2103 | W50: 0.080892334 | X50: 32.4 | Y50: 2 | Z50: 0.061728395 | AA50: 3 | AB50: -0.5 | AC50: 500 | AD50: 33.6813 | AE50: 0.0673626 | AF50: 68.495233 | AG50: =(AD50-AF50)/AF50 -> -0.50826797 | AH50: =VLOOKUP(C50,'[2]5月汇总'!$C:$AE,24,0) -> 25 | AI50: =AH50+E50 -> 61 | AJ50: =AI50/D50 -> 0.75308642 | AK50: =VLOOKUP(C50,[1]两年对比终版!$A:$C,3,0) -> 73 | AL50: =AI50-AK50 -> -12 | AM50: =(AI50-AK50)/AK50 -> -0.16438356 | AN50: =VLOOKUP(C50,'[2]5月汇总'!$C:$AE,25,0) -> 275 | AO50: =AN50+J50 -> 686.437 | AP50: =AO50/I50 -> 0.54479127 | AQ50: =VLOOKUP(C50,[1]两年对比终版!$A:$W,6,0) -> 800.21297 | AR50: =(AO50-AQ50)/AQ50 -> -0.14218211 | AS50: =VLOOKUP(C50,'[2]5月汇总'!$C:$AE,26,0) -> 8 | AT50: =AS50+O50 -> 18 | AU50: =AT50/N50 -> 0.55555556 | AV50: =VLOOKUP(C50,[1]两年对比终版!$A:$N,14,0) -> 15 | AW50: =AT50-AV50 -> 3 | AX50: =(AT50-AV50)/AV50 -> 0.2 | AY50: =VLOOKUP(C50,'[2]5月汇总'!$C:$AE,27,0) -> 91 | AZ50: =AY50+T50 -> 201.118 | BA50: =AZ50/S50 -> 0.402236 | BB50: =VLOOKUP(C50,[1]两年对比终版!$A:$W,17,0) -> 187.86056 | BC50: =AZ50-BB50 -> 13.25744 | BD50: =(AZ50-BB50)/BB50 -> 0.07057064 | BE50: =VLOOKUP(C50,'[2]5月汇总'!$C:$AE,28,0) -> 3 | BF50: =BE50+Y50 -> 5 | BG50: =BF50/X50 -> 0.15432099 | BH50: =VLOOKUP(C50,[1]两年对比终版!$A:$T,20,0) -> 10 | BI50: =(BF50-BH50)/BH50 -> -0.5 | BJ50: =VLOOKUP(C50,'[2]5月汇总'!$C:$AE,29,0) -> 35 | BK50: =BJ50+AD50 -> 68.6813 | BL50: =BK50/AC50 -> 0.1373626 | BM50: =VLOOKUP(C50,[1]两年对比终版!$A:$W,23,0) -> 152.32916 | BN50: =(BK50-BM50)/BM50 -> -0.54912573
A51: 42 | B51: A | C51: 哈萨克斯坦-1 | D51: 581 | E51: 143 | F51: 0.24612737 | G51: 99 | H51: 0.30769231 | I51: 5575.68 | J51: 1185.14 | K51: 0.21255524 | L51: 839.67044 | M51: 0.29150105 | N51: 239.4 | O51: 66 | P51: 0.27568922 | Q51: 38 | R51: 0.42424242 | S51: 2304 | T51: 585.586 | U51: 0.25416059 | V51: 395.34702 | W51: 0.32486942 | X51: 239.4 | Y51: 24 | Z51: 0.10025063 | AA51: 36 | AB51: -0.5 | AC51: 2304 | AD51: 208.989 | AE51: 0.090707031 | AF51: 410.04933 | AG51: =(AD51-AF51)/AF51 -> -0.49033206 | AH51: 117 | AI51: =AH51+E51 -> 260 | AJ51: =AI51/D51 -> 0.4475043 | AK51: =VLOOKUP(C51,[1]两年对比终版!$A:$W,3,0) -> 155 | AL51: =AI51-AK51 -> 105 | AM51: =(AI51-AK51)/AK51 -> 0.67741935 | AN51: =VLOOKUP(C51,'[2]5月汇总'!$C:$AE,25,0)+20*10 -> 1100 | AO51: =AN51+J51 -> 2285.14 | AP51: =AO51/I51 -> 0.40984059 | AQ51: =VLOOKUP(C51,[1]两年对比终版!$A:$W,6,0) -> 1270.4684 | AR51: =(AO51-AQ51)/AQ51 -> 0.79865941 | AS51: =VLOOKUP(C51,'[2]5月汇总'!$C:$AE,26,0)+20 -> 65 | AT51: =AS51+O51 -> 131 | AU51: =AT51/N51 -> 0.54720134 | AV51: =VLOOKUP(C51,[1]两年对比终版!$A:$N,14,0) -> 55 | AW51: =AT51-AV51 -> 76 | AX51: =(AT51-AV51)/AV51 -> 1.3818182 | AY51: =VLOOKUP(C51,'[2]5月汇总'!$C:$AE,27,0)+20*10 -> 650 | AZ51: =AY51+T51 -> 1235.586 | BA51: =AZ51/S51 -> 0.53627865 | BB51: =VLOOKUP(C51,[1]两年对比终版!$A:$W,17,0) -> 530.29769 | BC51: =AZ51-BB51 -> 705.28831 | BD51: =(AZ51-BB51)/BB51 -> 1.3299856 | BE51: =VLOOKUP(C51,'[2]5月汇总'!$C:$AE,28,0)+20 -> 83 | BF51: =BE51+Y51 -> 107 | BG51: =BF51/X51 -> 0.44695071 | BH51: =VLOOKUP(C51,[1]两年对比终版!$A:$T,20,0) -> 48 | BI51: =(BF51-BH51)/BH51 -> 1.2291667 | BJ51: =VLOOKUP(C51,'[2]5月汇总'!$C:$AE,29,0)+20*10 -> 800 | BK51: =BJ51+AD51 -> 1008.989 | BL51: =BK51/AC51 -> 0.43792925 | BM51: =VLOOKUP(C51,[1]两年对比终版!$A:$W,23,0) -> 502.43066 | BN51: =(BK51-BM51)/BM51 -> 1.0082154
A52: 43 | B52: B | C52: 塔吉克/哈萨克斯坦-2 | D52: 207 | E52: 59 | F52: 0.28502415 | G52: 129 | H52: -1.1864407 | I52: 2082.5 | J52: 482.472 | K52: 0.23167923 | L52: 1185.6855 | M52: -1.457522 | N52: 84.6 | O52: 25 | P52: 0.29550827 | Q52: 22 | R52: 0.12 | S52: 850 | T52: 169.881 | U52: 0.19986 | V52: 200.81178 | W52: -0.18207322 | X52: 84.6 | Y52: 5 | Z52: 0.059101655 | AA52: 15 | AB52: -2 | AC52: 850 | AD52: 46.0006 | AE52: 0.054118353 | AF52: 177.32531 | AG52: =(AD52-AF52)/AF52 -> -0.74058638 | AH52: =VLOOKUP(C52,'[2]5月汇总'!$C:$AE,24,0) -> 60 | AI52: =AH52+E52 -> 119 | AJ52: =AI52/D52 -> 0.57487923 | AK52: =VLOOKUP(C52,[1]两年对比终版!$A:$W,3,0) -> 210 | AL52: =AI52-AK52 -> -91 | AM52: =(AI52-AK52)/AK52 -> -0.43333333 | AN52: =VLOOKUP(C52,'[2]5月汇总'!$C:$AE,25,0) -> 363 | AO52: =AN52+J52 -> 845.472 | AP52: =AO52/I52 -> 0.40598896 | AQ52: =VLOOKUP(C52,[1]两年对比终版!$A:$W,6,0) -> 2098.855 | AR52: =(AO52-AQ52)/AQ52 -> -0.59717465 | AS52: =VLOOKUP(C52,'[2]5月汇总'!$C:$AE,26,0) -> 35 | AT52: =AS52+O52 -> 60 | AU52: =AT52/N52 -> 0.70921986 | AV52: =VLOOKUP(C52,[1]两年对比终版!$A:$N,14,0) -> 36 | AW52: =AT52-AV52 -> 24 | AX52: =(AT52-AV52)/AV52 -> 0.66666667 | AY52: =VLOOKUP(C52,'[2]5月汇总'!$C:$AE,27,0) -> 210 | AZ52: =AY52+T52 -> 379.881 | BA52: =AZ52/S52 -> 0.44691882 | BB52: =VLOOKUP(C52,[1]两年对比终版!$A:$W,17,0) -> 317.42713 | BC52: =AZ52-BB52 -> 62.453869 | BD52: =(AZ52-BB52)/BB52 -> 0.19675026 | BE52: =VLOOKUP(C52,'[2]5月汇总'!$C:$AE,28,0) -> 36 | BF52: =BE52+Y52 -> 41 | BG52: =BF52/X52 -> 0.48463357 | BH52: =VLOOKUP(C52,[1]两年对比终版!$A:$T,20,0) -> 29 | BI52: =(BF52-BH52)/BH52 -> 0.4137931 | BJ52: =VLOOKUP(C52,'[2]5月汇总'!$C:$AE,29,0) -> 215 | BK52: =BJ52+AD52 -> 261.0006 | BL52: =BK52/AC52 -> 0.30705953 | BM52: =VLOOKUP(C52,[1]两年对比终版!$A:$W,23,0) -> 276.05058 | BN52: =(BK52-BM52)/BM52 -> -0.054518908
A53: 44 | B53: C | C53: 哈萨克斯坦-3 | D53: 145 | E53: 54 | F53: 0.37241379 | G53: 0 | H53: 1 | I53: 1500 | J53: 376.354 | K53: 0.25090267 | L53: 0 | M53: 1 | N53: 60.3 | O53: 23 | P53: 0.3814262 | Q53: 0 | R53: 1 | S53: 600 | T53: 157.295 | U53: 0.26215833 | V53: 0 | W53: 1 | X53: 60.3 | Y53: 2 | Z53: 0.033167496 | AA53: 0 | AB53: 1 | AC53: 600 | AD53: 11.3381 | AE53: 0.018896833 | AF53: 0 | AG53: =(AD53-AF53)/AF53 -> #DIV/0! | AH53: =VLOOKUP(C53,'[2]5月汇总'!$C:$AE,24,0) -> 16 | AI53: =AH53+E53 -> 70 | AJ53: =AI53/D53 -> 0.48275862 | AK53: =VLOOKUP(C53,[1]两年对比终版!$A:$W,3,0) -> 0 | AL53: =AI53-AK53 -> 70 | AM53: =(AI53-AK53)/AK53 -> #DIV/0! | AN53: =VLOOKUP(C53,'[2]5月汇总'!$C:$AE,25,0) -> 96 | AO53: =AN53+J53 -> 472.354 | AP53: =AO53/I53 -> 0.31490267 | AQ53: =VLOOKUP(C53,[1]两年对比终版!$A:$W,6,0) -> 0 | AS53: =VLOOKUP(C53,'[2]5月汇总'!$C:$AE,26,0) -> 29 | AT53: =AS53+O53 -> 52 | AU53: =AT53/N53 -> 0.86235489 | AV53: =VLOOKUP(C53,[1]两年对比终版!$A:$N,14,0) -> 0 | AW53: =AT53-AV53 -> 52 | AY53: =VLOOKUP(C53,'[2]5月汇总'!$C:$AE,27,0) -> 202 | AZ53: =AY53+T53 -> 359.295 | BA53: =AZ53/S53 -> 0.598825 | BB53: =VLOOKUP(C53,[1]两年对比终版!$A:$W,17,0) -> 0 | BC53: =AZ53-BB53 -> 359.295 | BE53: =VLOOKUP(C53,'[2]5月汇总'!$C:$AE,28,0) -> 29 | BF53: =BE53+Y53 -> 31 | BG53: =BF53/X53 -> 0.51409619 | BH53: =VLOOKUP(C53,[1]两年对比终版!$A:$T,20,0) -> 0 | BJ53: =VLOOKUP(C53,'[2]5月汇总'!$C:$AE,29,0) -> 202 | BK53: =BJ53+AD53 -> 213.3381 | BL53: =BK53/AC53 -> 0.3555635 | BM53: =VLOOKUP(C53,[1]两年对比终版!$A:$W,23,0) -> 0
A54: 45 | B54: D | C54: 乌兹别克斯坦 | D54: 81 | E54: 12 | F54: 0.14814815 | G54: 48 | H54: -3 | I54: 735 | J54: 103.843 | K54: 0.14128299 | L54: 701.94773 | M54: -5.759702 | N54: 33.3 | O54: 7 | P54: 0.21021021 | Q54: 1 | R54: 0.85714286 | S54: 300 | T54: 50.0928 | U54: 0.166976 | V54: 6.739142 | W54: 0.86546685 | X54: 33.3 | Y54: 8 | Z54: 0.24024024 | AA54: 1 | AB54: 0.875 | AC54: 300 | AD54: 74.3259 | AE54: 0.247753 | AF54: 6.739142 | AG54: =(AD54-AF54)/AF54 -> 10.028986 | AH54: =VLOOKUP(C54,'[2]5月汇总'!$C:$AE,24,0) -> 14 | AI54: =AH54+E54 -> 26 | AJ54: =AI54/D54 -> 0.32098765 | AK54: =VLOOKUP(C54,[1]两年对比终版!$A:$W,3,0) -> 138 | AL54: =AI54-AK54 -> -112 | AM54: =(AI54-AK54)/AK54 -> -0.8115942 | AN54: =VLOOKUP(C54,'[2]5月汇总'!$C:$AE,25,0) -> 143.4998 | AO54: =AN54+J54 -> 247.3428 | AP54: =AO54/I54 -> 0.33652082 | AQ54: =VLOOKUP(C54,[1]两年对比终版!$A:$W,6,0) -> 1844.2106 | AR54: =(AO54-AQ54)/AQ54 -> -0.86588148 | AS54: =VLOOKUP(C54,'[2]5月汇总'!$C:$AE,26,0) -> 12 | AT54: =AS54+O54 -> 19 | AU54: =AT54/N54 -> 0.57057057 | AV54: =VLOOKUP(C54,[1]两年对比终版!$A:$N,14,0) -> 2 | AW54: =AT54-AV54 -> 17 | AX54: =(AT54-AV54)/AV54 -> 8.5 | AY54: =VLOOKUP(C54,'[2]5月汇总'!$C:$AE,27,0) -> 89.2045 | AZ54: =AY54+T54 -> 139.2973 | BA54: =AZ54/S54 -> 0.46432433 | BB54: =VLOOKUP(C54,[1]两年对比终版!$A:$W,17,0) -> 14.660022 | BC54: =AZ54-BB54 -> 124.63728 | BD54: =(AZ54-BB54)/BB54 -> 8.501848 | BE54: =VLOOKUP(C54,'[2]5月汇总'!$C:$AE,28,0) -> 12 | BF54: =BE54+Y54 -> 20 | BG54: =BF54/X54 -> 0.6006006 | BH54: =VLOOKUP(C54,[1]两年对比终版!$A:$T,20,0) -> 1 | BI54: =(BF54-BH54)/BH54 -> 19 | BJ54: =VLOOKUP(C54,'[2]5月汇总'!$C:$AE,29,0) -> 89.2045 | BK54: =BJ54+AD54 -> 163.5304 | BL54: =BK54/AC54 -> 0.54510133 | BM54: =VLOOKUP(C54,[1]两年对比终版!$A:$W,23,0) -> 6.739142 | BN54: =(BK54-BM54)/BM54 -> 23.26576
A55: 46 | B55: D | C55: 吉尔吉斯斯坦 | D55: 127 | E55: 39 | F55: 0.30708661 | G55: 0 | H55: 1 | I55: 980 | J55: 287.403 | K55: 0.29326837 | L55: 0 | M55: 1 | N55: 52.2 | O55: 26 | P55: 0.49808429 | Q55: 0 | R55: 1 | S55: 400 | T55: 144.143 | U55: 0.3603575 | V55: 0 | W55: 1 | X55: 52.2 | Y55: 6 | Z55: 0.11494253 | AA55: 0 | AB55: 1 | AC55: 400 | AD55: 41.4357 | AE55: 0.10358925 | AF55: 0 | AG55: =(AD55-AF55)/AF55 -> #DIV/0! | AH55: =VLOOKUP(C55,'[2]5月汇总'!$C:$AE,24,0) -> 41 | AI55: =AH55+E55 -> 80 | AJ55: =AI55/D55 -> 0.62992126 | AK55: =VLOOKUP(C55,[1]两年对比终版!$A:$W,3,0) -> 0 | AL55: =AI55-AK55 -> 80 | AM55: =(AI55-AK55)/AK55 -> #DIV/0! | AN55: =VLOOKUP(C55,'[2]5月汇总'!$C:$AE,25,0) -> 269 | AO55: =AN55+J55 -> 556.403 | AP55: =AO55/I55 -> 0.56775816 | AQ55: =VLOOKUP(C55,[1]两年对比终版!$A:$W,6,0) -> 0 | AS55: =VLOOKUP(C55,'[2]5月汇总'!$C:$AE,26,0) -> 41 | AT55: =AS55+O55 -> 67 | AU55: =AT55/N55 -> 1.2835249 | AV55: =VLOOKUP(C55,[1]两年对比终版!$A:$N,14,0) -> 0 | AW55: =AT55-AV55 -> 67 | AY55: =VLOOKUP(C55,'[2]5月汇总'!$C:$AE,27,0) -> 269 | AZ55: =AY55+T55 -> 413.143 | BA55: =AZ55/S55 -> 1.0328575 | BB55: =VLOOKUP(C55,[1]两年对比终版!$A:$W,17,0) -> 0 | BC55: =AZ55-BB55 -> 413.143 | BE55: =VLOOKUP(C55,'[2]5月汇总'!$C:$AE,28,0) -> 41 | BF55: =BE55+Y55 -> 47 | BG55: =BF55/X55 -> 0.90038314 | BH55: =VLOOKUP(C55,[1]两年对比终版!$A:$T,20,0) -> 0 | BJ55: =VLOOKUP(C55,'[2]5月汇总'!$C:$AE,29,0) -> 269 | BK55: =BJ55+AD55 -> 310.4357 | BL55: =BK55/AC55 -> 0.77608925 | BM55: =VLOOKUP(C55,[1]两年对比终版!$A:$W,23,0) -> 0
A56: 47 | B56: C | C56: 阿塞拜疆 | D56: 73 | E56: 45 | F56: 0.61643836 | G56: 12 | H56: 0.73333333 | I56: 816.667 | J56: 324.156 | K56: 0.39692555 | L56: 98.328127 | M56: 0.69666418 | N56: 31.5 | O56: 17 | P56: 0.53968254 | Q56: 0 | R56: 1 | S56: 350 | T56: 103.976 | U56: 0.29707429 | V56: 0 | W56: 1 | X56: 31.5 | Y56: 22 | Z56: 0.6984127 | AA56: 0 | AB56: 1 | AC56: 350 | AD56: 142.196 | AE56: 0.40627429 | AF56: 0 | AG56: =(AD56-AF56)/AF56 -> #DIV/0! | AH56: =VLOOKUP(C56,'[2]5月汇总'!$C:$AE,24,0) -> 25 | AI56: =AH56+E56 -> 70 | AJ56: =AI56/D56 -> 0.95890411 | AK56: =VLOOKUP(C56,[1]两年对比终版!$A:$W,3,0) -> 57 | AL56: =AI56-AK56 -> 13 | AM56: =(AI56-AK56)/AK56 -> 0.22807018 | AN56: =VLOOKUP(C56,'[2]5月汇总'!$C:$AE,25,0) -> 128 | AO56: =AN56+J56 -> 452.156 | AP56: =AO56/I56 -> 0.55366018 | AQ56: =VLOOKUP(C56,[1]两年对比终版!$A:$W,6,0) -> 430.01146 | AR56: =(AO56-AQ56)/AQ56 -> 0.05149757 | AS56: =VLOOKUP(C56,'[2]5月汇总'!$C:$AE,26,0) -> 27 | AT56: =AS56+O56 -> 44 | AU56: =AT56/N56 -> 1.3968254 | AV56: =VLOOKUP(C56,[1]两年对比终版!$A:$N,14,0) -> 2 | AW56: =AT56-AV56 -> 42 | AX56: =(AT56-AV56)/AV56 -> 21 | AY56: =VLOOKUP(C56,'[2]5月汇总'!$C:$AE,27,0) -> 141 | AZ56: =AY56+T56 -> 244.976 | BA56: =AZ56/S56 -> 0.69993143 | BB56: =VLOOKUP(C56,[1]两年对比终版!$A:$W,17,0) -> 19.154128 | BC56: =AZ56-BB56 -> 225.82187 | BD56: =(AZ56-BB56)/BB56 -> 11.789723 | BE56: =VLOOKUP(C56,'[2]5月汇总'!$C:$AE,28,0) -> 11 | BF56: =BE56+Y56 -> 33 | BG56: =BF56/X56 -> 1.047619 | BH56: =VLOOKUP(C56,[1]两年对比终版!$A:$T,20,0) -> 0 | BI56: =(BF56-BH56)/BH56 -> #DIV/0! | BJ56: =VLOOKUP(C56,'[2]5月汇总'!$C:$AE,29,0) -> 72 | BK56: =BJ56+AD56 -> 214.196 | BL56: =BK56/AC56 -> 0.61198857 | BM56: =VLOOKUP(C56,[1]两年对比终版!$A:$W,23,0) -> 0 | BN56: =(BK56-BM56)/BM56 -> #DIV/0!
A57: 48 | B57: D | C57: 格鲁吉亚 | D57: 44 | E57: 0 | F57: 0 | G57: 0 | H57: #DIV/0! | I57: 490 | J57: 0 | K57: 0 | L57: 0 | M57: #DIV/0! | N57: 20 | O57: 0 | P57: 0 | Q57: 0 | R57: #DIV/0! | S57: 200 | T57: 0 | U57: 0 | V57: 0 | W57: #DIV/0! | X57: 20 | Y57: 0 | Z57: 0 | AA57: 0 | AB57: #DIV/0! | AC57: 200 | AD57: 0 | AE57: 0 | AF57: 0 | AG57: =(AD57-AF57)/AF57 -> #DIV/0! | AH57: =VLOOKUP(C57,'[2]5月汇总'!$C:$AE,24,0) -> 0 | AI57: =AH57+E57 -> 0 | AJ57: =AI57/D57 -> 0 | AK57: =VLOOKUP(C57,[1]两年对比终版!$A:$W,3,0) -> 0 | AL57: =AI57-AK57 -> 0 | AM57: =(AI57-AK57)/AK57 -> #DIV/0! | AN57: =VLOOKUP(C57,'[2]5月汇总'!$C:$AE,25,0) -> 0 | AO57: =AN57+J57 -> 0 | AP57: =AO57/I57 -> 0 | AQ57: =VLOOKUP(C57,[1]两年对比终版!$A:$W,6,0) -> 0 | AS57: =VLOOKUP(C57,'[2]5月汇总'!$C:$AE,26,0) -> 0 | AT57: =AS57+O57 -> 0 | AU57: =AT57/N57 -> 0 | AV57: =VLOOKUP(C57,[1]两年对比终版!$A:$N,14,0) -> 0 | AW57: =AT57-AV57 -> 0 | AY57: =VLOOKUP(C57,'[2]5月汇总'!$C:$AE,27,0) -> 0 | AZ57: =AY57+T57 -> 0 | BA57: =AZ57/S57 -> 0 | BB57: =VLOOKUP(C57,[1]两年对比终版!$A:$W,17,0) -> 0 | BC57: =AZ57-BB57 -> 0 | BE57: =VLOOKUP(C57,'[2]5月汇总'!$C:$AE,28,0) -> 0 | BF57: =BE57+Y57 -> 0 | BG57: =BF57/X57 -> 0 | BH57: =VLOOKUP(C57,[1]两年对比终版!$A:$T,20,0) -> 0 | BJ57: =VLOOKUP(C57,'[2]5月汇总'!$C:$AE,29,0) -> 0 | BK57: =BJ57+AD57 -> 0 | BL57: =BK57/AC57 -> 0 | BM57: =VLOOKUP(C57,[1]两年对比终版!$A:$W,23,0) -> 0
A58: 中亚合计 | D58: 1339 | E58: 388 | F58: 0.28976848 | G58: 340 | H58: 0.12371134 | I58: 13439.847 | J58: 3170.805 | K58: 0.23592568 | L58: 3378.3822 | M58: -0.065465151 | N58: 553.7 | O58: 174 | P58: 0.31424959 | Q58: 69 | R58: 0.60344828 | S58: 5504 | T58: 1321.0918 | U58: 0.24002395 | V58: 704.10824 | W58: 0.4670255 | X58: 553.7 | Y58: 69 | Z58: 0.12461622 | AA58: 55 | AB58: 0.20289855 | AC58: 5504 | AD58: 557.9666 | AE58: 0.10137475 | AF58: 662.60902 | AG58: =(AD58-AF58)/AF58 -> -0.15792483 | AH58: =SUM(AH50:AH57) -> 298 | AI58: =AH58+E58 -> 686 | AJ58: =AI58/D58 -> 0.51232263 | AK58: =SUM(AK50:AK57) -> 633 | AL58: =AI58-AK58 -> 53 | AM58: =(AI58-AK58)/AK58 -> 0.083728278 | AN58: =SUM(AN50:AN57) -> 2374.4998 | AO58: =AN58+J58 -> 5545.3048 | AP58: =AO58/I58 -> 0.41260178 | AQ58: =SUM(AQ50:AQ57) -> 6443.7585 | AR58: =(AO58-AQ58)/AQ58 -> -0.13943007 | AS58: =SUM(AS50:AS57) -> 217 | AT58: =AS58+O58 -> 391 | AU58: =AT58/N58 -> 0.70615857 | AV58: =SUM(AV50:AV57) -> 110 | AW58: =AT58-AV58 -> 281 | AX58: =(AT58-AV58)/AV58 -> 2.5545455 | AY58: =SUM(AY50:AY57) -> 1652.2045 | AZ58: =AY58+T58 -> 2973.2963 | BA58: =AZ58/S58 -> 0.54020645 | BB58: =SUM(BB50:BB57) -> 1069.3995 | BC58: =AZ58-BB58 -> 1903.8968 | BD58: =(AZ58-BB58)/BB58 -> 1.7803419 | BE58: =SUM(BE50:BE57) -> 215 | BF58: =BE58+Y58 -> 284 | BG58: =BF58/X58 -> 0.51291313 | BH58: =SUM(BH50:BH57) -> 88 | BI58: =(BF58-BH58)/BH58 -> 2.2272727 | BJ58: =SUM(BJ50:BJ57) -> 1682.2045 | BK58: =BJ58+AD58 -> 2240.1711 | BL58: =BK58/AC58 -> 0.40700783 | BM58: =SUM(BM50:BM57) -> 937.54954 | BN58: =(BK58-BM58)/BM58 -> 1.3893896
A59: 49 | B59: A | C59: 墨西哥-1 | D59: 450 | E59: 127 | F59: 0.28222222 | G59: 155 | H59: -0.22047244 | I59: 6270 | J59: 2436.06 | K59: 0.38852632 | L59: 2339.7795 | M59: 0.039523057 | N59: 210 | O59: 85 | P59: 0.4047619 | Q59: 36 | R59: 0.57647059 | S59: 3050 | T59: 1224.12 | U59: 0.40135082 | V59: 459.62635 | W59: 0.62452509 | X59: 210 | Y59: 79 | Z59: 0.37619048 | AA59: 34 | AB59: 0.56962025 | AC59: 3050 | AD59: 1152.56 | AE59: 0.37788852 | AF59: 436.42348 | AG59: =(AD59-AF59)/AF59 -> 1.6409212 | AH59: =VLOOKUP(C59,'[2]5月汇总'!$C:$AE,24,0) -> 36 | AI59: =AH59+E59 -> 163 | AJ59: =AI59/D59 -> 0.36222222 | AK59: =VLOOKUP(C59,[1]两年对比终版!$A:$C,3,0) -> 205 | AL59: =AI59-AK59 -> -42 | AM59: =(AI59-AK59)/AK59 -> -0.20487805 | AN59: =VLOOKUP(C59,'[2]5月汇总'!$C:$AE,25,0) -> 722 | AO59: =AN59+J59 -> 3158.06 | AP59: =AO59/I59 -> 0.50367783 | AQ59: =VLOOKUP(C59,[1]两年对比终版!$A:$W,6,0) -> 3027.8659 | AR59: =(AO59-AQ59)/AQ59 -> 0.042998629 | AS59: =VLOOKUP(C59,'[2]5月汇总'!$C:$AE,26,0) -> 27 | AT59: =AS59+O59 -> 112 | AU59: =AT59/N59 -> 0.53333333 | AV59: =VLOOKUP(C59,[1]两年对比终版!$A:$N,14,0) -> 61 | AW59: =AT59-AV59 -> 51 | AX59: =(AT59-AV59)/AV59 -> 0.83606557 | AY59: =VLOOKUP(C59,'[2]5月汇总'!$C:$AE,27,0) -> 389.16 | AZ59: =AY59+T59 -> 1613.28 | BA59: =AZ59/S59 -> 0.52894426 | BB59: =VLOOKUP(C59,[1]两年对比终版!$A:$W,17,0) -> 919.33172 | BC59: =AZ59-BB59 -> 693.94828 | BD59: =(AZ59-BB59)/BB59 -> 0.75483992 | BE59: =VLOOKUP(C59,'[2]5月汇总'!$C:$AE,28,0) -> 26.5 | BF59: =BE59+Y59 -> 105.5 | BG59: =BF59/X59 -> 0.50238095 | BH59: =VLOOKUP(C59,[1]两年对比终版!$A:$T,20,0) -> 38 | BI59: =(BF59-BH59)/BH59 -> 1.7763158 | BJ59: =VLOOKUP(C59,'[2]5月汇总'!$C:$AE,29,0) -> 335.295 | BK59: =BJ59+AD59 -> 1487.855 | BL59: =BK59/AC59 -> 0.48782131 | BM59: =VLOOKUP(C59,[1]两年对比终版!$A:$W,23,0) -> 490.77311 | BN59: =(BK59-BM59)/BM59 -> 2.0316555
A60: 50 | B60: A | C60: 墨西哥-2 | D60: 450 | E60: 142 | F60: 0.31555556 | G60: 103 | H60: 0.27464789 | I60: 6270 | J60: 2699.57 | K60: 0.43055343 | L60: 1822.4759 | M60: 0.3249014 | N60: 210 | O60: 74 | P60: 0.35238095 | Q60: 62 | R60: 0.16216216 | S60: 3050 | T60: 1054.17 | U60: 0.34562951 | V60: 884.7856 | W60: 0.16068034 | X60: 210 | Y60: 60 | Z60: 0.28571429 | AA60: 51 | AB60: 0.15 | AC60: 3050 | AD60: 762.804 | AE60: 0.25009967 | AF60: 729.53355 | AG60: =(AD60-AF60)/AF60 -> 0.045605092 | AH60: =VLOOKUP(C60,'[2]5月汇总'!$C:$AE,24,0) -> 36 | AI60: =AH60+E60 -> 178 | AJ60: =AI60/D60 -> 0.39555556 | AK60: =VLOOKUP(C60,[1]两年对比终版!$A:$W,3,0) -> 210 | AL60: =AI60-AK60 -> -32 | AM60: =(AI60-AK60)/AK60 -> -0.15238095 | AN60: =VLOOKUP(C60,'[2]5月汇总'!$C:$AE,25,0) -> 722 | AO60: =AN60+J60 -> 3421.57 | AP60: =AO60/I60 -> 0.54570494 | AQ60: =VLOOKUP(C60,[1]两年对比终版!$A:$W,6,0) -> 4168.0501 | AR60: =(AO60-AQ60)/AQ60 -> -0.17909576 | AS60: =VLOOKUP(C60,'[2]5月汇总'!$C:$AE,26,0) -> 27 | AT60: =AS60+O60 -> 101 | AU60: =AT60/N60 -> 0.48095238 | AV60: =VLOOKUP(C60,[1]两年对比终版!$A:$N,14,0) -> 90 | AW60: =AT60-AV60 -> 11 | AX60: =(AT60-AV60)/AV60 -> 0.12222222 | AY60: =VLOOKUP(C60,'[2]5月汇总'!$C:$AE,27,0) -> 389.16 | AZ60: =AY60+T60 -> 1443.33 | BA60: =AZ60/S60 -> 0.47322295 | BB60: =VLOOKUP(C60,[1]两年对比终版!$A:$W,17,0) -> 1491.4458 | BC60: =AZ60-BB60 -> -48.115758 | BD60: =(AZ60-BB60)/BB60 -> -0.032261152 | BE60: =VLOOKUP(C60,'[2]5月汇总'!$C:$AE,28,0) -> 26.5 | BF60: =BE60+Y60 -> 86.5 | BG60: =BF60/X60 -> 0.41190476 | BH60: =VLOOKUP(C60,[1]两年对比终版!$A:$T,20,0) -> 67 | BI60: =(BF60-BH60)/BH60 -> 0.29104478 | BJ60: =VLOOKUP(C60,'[2]5月汇总'!$C:$AE,29,0) -> 335.295 | BK60: =BJ60+AD60 -> 1098.099 | BL60: =BK60/AC60 -> 0.36003246 | BM60: =VLOOKUP(C60,[1]两年对比终版!$A:$W,23,0) -> 931.40596 | BN60: =(BK60-BM60)/BM60 -> 0.17896926
A61: 51 | B61: C | C61: 秘鲁 | D61: 100 | E61: 24 | F61: 0.24 | G61: 14 | H61: 0.41666667 | I61: 1390 | J61: 300.297 | K61: 0.21604101 | L61: 193.90318 | M61: 0.35429532 | N61: 35 | O61: 8 | P61: 0.22857143 | Q61: 0 | R61: 1 | S61: 410 | T61: 99.2848 | U61: 0.24215805 | V61: 0 | W61: 1 | X61: 35 | Y61: 2 | Z61: 0.057142857 | AA61: 0 | AB61: 1 | AC61: 410 | AD61: 26.8896 | AE61: 0.06558439 | AF61: 0 | AG61: =(AD61-AF61)/AF61 -> #DIV/0! | AH61: =VLOOKUP(C61,'[2]5月汇总'!$C:$AE,24,0) -> 25 | AI61: =AH61+E61 -> 49 | AJ61: =AI61/D61 -> 0.49 | AK61: =VLOOKUP(C61,[1]两年对比终版!$A:$W,3,0) -> 40 | AL61: =AI61-AK61 -> 9 | AM61: =(AI61-AK61)/AK61 -> 0.225 | AN61: =VLOOKUP(C61,'[2]5月汇总'!$C:$AE,25,0) -> 325 | AO61: =AN61+J61 -> 625.297 | AP61: =AO61/I61 -> 0.44985396 | AQ61: =VLOOKUP(C61,[1]两年对比终版!$A:$W,6,0) -> 715.2409 | AR61: =(AO61-AQ61)/AQ61 -> -0.1257533 | AS61: =VLOOKUP(C61,'[2]5月汇总'!$C:$AE,26,0) -> 8 | AT61: =AS61+O61 -> 16 | AU61: =AT61/N61 -> 0.45714286 | AV61: =VLOOKUP(C61,[1]两年对比终版!$A:$N,14,0) -> 1 | AW61: =AT61-AV61 -> 15 | AX61: =(AT61-AV61)/AV61 -> 15 | AY61: =VLOOKUP(C61,'[2]5月汇总'!$C:$AE,27,0) -> 96 | AZ61: =AY61+T61 -> 195.2848 | BA61: =AZ61/S61 -> 0.47630439 | BB61: =VLOOKUP(C61,[1]两年对比终版!$A:$W,17,0) -> 9.18336 | BC61: =AZ61-BB61 -> 186.10144 | BD61: =(AZ61-BB61)/BB61 -> 20.265071 | BE61: =VLOOKUP(C61,'[2]5月汇总'!$C:$AE,28,0) -> 10 | BF61: =BE61+Y61 -> 12 | BG61: =BF61/X61 -> 0.34285714 | BH61: =VLOOKUP(C61,[1]两年对比终版!$A:$T,20,0) -> 1 | BI61: =(BF61-BH61)/BH61 -> 11 | BJ61: =VLOOKUP(C61,'[2]5月汇总'!$C:$AE,29,0) -> 130 | BK61: =BJ61+AD61 -> 156.8896 | BL61: =BK61/AC61 -> 0.38265756 | BM61: =VLOOKUP(C61,[1]两年对比终版!$A:$W,23,0) -> 16.065436 | BN61: =(BK61-BM61)/BM61 -> 8.7656609
A62: 52 | B62: C | C62: 智利 | D62: 120 | E62: 38 | F62: 0.31666667 | G62: 30 | H62: 0.21052632 | I62: 1670 | J62: 529.262 | K62: 0.31692335 | L62: 295.48575 | M62: 0.44170232 | N62: 40 | O62: 13 | P62: 0.325 | Q62: 5 | R62: 0.61538462 | S62: 480 | T62: 172.88 | U62: 0.36016667 | V62: 50.763554 | W62: 0.70636537 | X62: 40 | Y62: 7 | Z62: 0.175 | AA62: 2 | AB62: 0.71428571 | AC62: 480 | AD62: 121.627 | AE62: 0.25338958 | AF62: 23.00025 | AG62: =(AD62-AF62)/AF62 -> 4.288073 | AH62: =VLOOKUP(C62,'[2]5月汇总'!$C:$AE,24,0) -> 18 | AI62: =AH62+E62 -> 56 | AJ62: =AI62/D62 -> 0.46666667 | AK62: =VLOOKUP(C62,[1]两年对比终版!$A:$W,3,0) -> 60 | AL62: =AI62-AK62 -> -4 | AM62: =(AI62-AK62)/AK62 -> -0.066666667 | AN62: =VLOOKUP(C62,'[2]5月汇总'!$C:$AE,25,0) -> 252 | AO62: =AN62+J62 -> 781.262 | AP62: =AO62/I62 -> 0.46782156 | AQ62: =VLOOKUP(C62,[1]两年对比终版!$A:$W,6,0) -> 872.93738 | AR62: =(AO62-AQ62)/AQ62 -> -0.10501943 | AS62: =VLOOKUP(C62,'[2]5月汇总'!$C:$AE,26,0) -> 7 | AT62: =AS62+O62 -> 20 | AU62: =AT62/N62 -> 0.5 | AV62: =VLOOKUP(C62,[1]两年对比终版!$A:$N,14,0) -> 5 | AW62: =AT62-AV62 -> 15 | AX62: =(AT62-AV62)/AV62 -> 3 | AY62: =VLOOKUP(C62,'[2]5月汇总'!$C:$AE,27,0) -> 89.1 | AZ62: =AY62+T62 -> 261.98 | BA62: =AZ62/S62 -> 0.54579167 | BB62: =VLOOKUP(C62,[1]两年对比终版!$A:$W,17,0) -> 50.763554 | BC62: =AZ62-BB62 -> 211.21645 | BD62: =(AZ62-BB62)/BB62 -> 4.1607892 | BE62: =VLOOKUP(C62,'[2]5月汇总'!$C:$AE,28,0) -> 8 | BF62: =BE62+Y62 -> 15 | BG62: =BF62/X62 -> 0.375 | BH62: =VLOOKUP(C62,[1]两年对比终版!$A:$T,20,0) -> 7 | BI62: =(BF62-BH62)/BH62 -> 1.1428571 | BJ62: =VLOOKUP(C62,'[2]5月汇总'!$C:$AE,29,0) -> 111.8 | BK62: =BJ62+AD62 -> 233.427 | BL62: =BK62/AC62 -> 0.48630625 | BM62: =VLOOKUP(C62,[1]两年对比终版!$A:$W,23,0) -> 73.763804 | BN62: =(BK62-BM62)/BM62 -> 2.1645196
A63: 53 | B63: A | C63: 加勒比海 | D63: 520 | E63: 252 | F63: 0.48461538 | G63: 183 | H63: 0.27380952 | I63: 7248.8 | J63: 3096.69 | K63: 0.42720036 | L63: 2377.1823 | M63: 0.23234736 | N63: 200 | O63: 56 | P63: 0.28 | Q63: 59 | R63: -0.053571429 | S63: 2634 | T63: 538.035 | U63: 0.20426538 | V63: 644.39021 | W63: -0.1976734 | X63: 200 | Y63: 28 | Z63: 0.14 | AA63: 22 | AB63: 0.21428571 | AC63: 2634 | AD63: 260.363 | AE63: 0.098847001 | AF63: 262.06611 | AG63: =(AD63-AF63)/AF63 -> -0.0064987914 | AH63: =VLOOKUP(C63,'[2]5月汇总'!$C:$AE,24,0) -> 100 | AI63: =AH63+E63 -> 352 | AJ63: =AI63/D63 -> 0.67692308 | AK63: =VLOOKUP(C63,[1]两年对比终版!$A:$W,3,0) -> 271 | AL63: =AI63-AK63 -> 81 | AM63: =(AI63-AK63)/AK63 -> 0.29889299 | AN63: =VLOOKUP(C63,'[2]5月汇总'!$C:$AE,25,0) -> 770 | AO63: =AN63+J63 -> 3866.69 | AP63: =AO63/I63 -> 0.53342484 | AQ63: =VLOOKUP(C63,[1]两年对比终版!$A:$W,6,0) -> 3201.1957 | AR63: =(AO63-AQ63)/AQ63 -> 0.2078893 | AS63: =VLOOKUP(C63,'[2]5月汇总'!$C:$AE,26,0) -> 100 | AT63: =AS63+O63 -> 156 | AU63: =AT63/N63 -> 0.78 | AV63: =VLOOKUP(C63,[1]两年对比终版!$A:$N,14,0) -> 85 | AW63: =AT63-AV63 -> 71 | AX63: =(AT63-AV63)/AV63 -> 0.83529412 | AY63: =VLOOKUP(C63,'[2]5月汇总'!$C:$AE,27,0) -> 770 | AZ63: =AY63+T63 -> 1308.035 | BA63: =AZ63/S63 -> 0.49659643 | BB63: =VLOOKUP(C63,[1]两年对比终版!$A:$W,17,0) -> 925.64737 | BC63: =AZ63-BB63 -> 382.38763 | BD63: =(AZ63-BB63)/BB63 -> 0.41310291 | BE63: =VLOOKUP(C63,'[2]5月汇总'!$C:$AE,28,0) -> 47 | BF63: =BE63+Y63 -> 75 | BG63: =BF63/X63 -> 0.375 | BH63: =VLOOKUP(C63,[1]两年对比终版!$A:$T,20,0) -> 75 | BI63: =(BF63-BH63)/BH63 -> 0 | BJ63: =VLOOKUP(C63,'[2]5月汇总'!$C:$AE,29,0) -> 490.56 | BK63: =BJ63+AD63 -> 750.923 | BL63: =BK63/AC63 -> 0.28508846 | BM63: =VLOOKUP(C63,[1]两年对比终版!$A:$W,23,0) -> 819.69526 | BN63: =(BK63-BM63)/BM63 -> -0.083899795
A64: 54 | B64: C | C64: 多米尼加 | D64: 72 | E64: 12 | F64: 0.16666667 | G64: 0 | H64: 1 | I64: 1000 | J64: 101.98 | K64: 0.10198 | L64: 0 | M64: 1 | N64: 40 | O64: 0 | P64: 0 | Q64: 0 | R64: #DIV/0! | S64: 400 | T64: 0 | U64: 0 | V64: 0 | W64: #DIV/0! | X64: 40 | Y64: 0 | Z64: 0 | AA64: 0 | AB64: #DIV/0! | AC64: 400 | AD64: 0 | AE64: 0 | AF64: 0 | AG64: =(AD64-AF64)/AF64 -> #DIV/0! | AH64: =VLOOKUP(C64,'[2]5月汇总'!$C:$AE,24,0) -> 0 | AI64: =AH64+E64 -> 12 | AJ64: =AI64/D64 -> 0.16666667 | AK64: =VLOOKUP(C64,[1]两年对比终版!$A:$W,3,0) -> 0 | AL64: =AI64-AK64 -> 12 | AM64: =(AI64-AK64)/AK64 -> #DIV/0! | AN64: =VLOOKUP(C64,'[2]5月汇总'!$C:$AE,25,0) -> 0 | AO64: =AN64+J64 -> 101.98 | AP64: =AO64/I64 -> 0.10198 | AQ64: =VLOOKUP(C64,[1]两年对比终版!$A:$W,6,0) -> 0 | AS64: =VLOOKUP(C64,'[2]5月汇总'!$C:$AE,26,0) -> 0 | AT64: =AS64+O64 -> 0 | AU64: =AT64/N64 -> 0 | AV64: =VLOOKUP(C64,[1]两年对比终版!$A:$N,14,0) -> 0 | AW64: =AT64-AV64 -> 0 | AY64: =VLOOKUP(C64,'[2]5月汇总'!$C:$AE,27,0) -> 0 | AZ64: =AY64+T64 -> 0 | BA64: =AZ64/S64 -> 0 | BB64: =VLOOKUP(C64,[1]两年对比终版!$A:$W,17,0) -> 0 | BC64: =AZ64-BB64 -> 0 | BE64: =VLOOKUP(C64,'[2]5月汇总'!$C:$AE,28,0) -> 0 | BF64: =BE64+Y64 -> 0 | BG64: =BF64/X64 -> 0 | BH64: =VLOOKUP(C64,[1]两年对比终版!$A:$T,20,0) -> 0 | BJ64: =VLOOKUP(C64,'[2]5月汇总'!$C:$AE,29,0) -> 0 | BK64: =BJ64+AD64 -> 0 | BL64: =BK64/AC64 -> 0 | BM64: =VLOOKUP(C64,[1]两年对比终版!$A:$W,23,0) -> 0
A65: 55 | B65: A | C65: 哥伦比亚 | D65: 800 | E65: 151 | F65: 0.18875 | G65: 150 | H65: 0.0066225166 | I65: 11151 | J65: 2986.25 | K65: 0.26780109 | L65: 1678.3298 | M65: 0.4379808 | N65: 360 | O65: 57 | P65: 0.15833333 | Q65: 63 | R65: -0.10526316 | S65: 4350 | T65: 526.913 | U65: 0.12112943 | V65: 708.74234 | W65: -0.34508418 | X65: 360 | Y65: 70 | Z65: 0.19444444 | AA65: 84 | AB65: -0.2 | AC65: 4350 | AD65: 863.289 | AE65: 0.19845724 | AF65: 895.08406 | AG65: =(AD65-AF65)/AF65 -> -0.035521866 | AH65: =VLOOKUP(C65,'[2]5月汇总'!$C:$AE,24,0) -> 210 | AI65: =AH65+E65 -> 361 | AJ65: =AI65/D65 -> 0.45125 | AK65: =VLOOKUP(C65,[1]两年对比终版!$A:$W,3,0) -> 326 | AL65: =AI65-AK65 -> 35 | AM65: =(AI65-AK65)/AK65 -> 0.10736196 | AN65: =VLOOKUP(C65,'[2]5月汇总'!$C:$AE,25,0) -> 3200 | AO65: =AN65+J65 -> 6186.25 | AP65: =AO65/I65 -> 0.55477087 | AQ65: =VLOOKUP(C65,[1]两年对比终版!$A:$W,6,0) -> 3941.7091 | AR65: =(AO65-AQ65)/AQ65 -> 0.56943343 | AS65: =VLOOKUP(C65,'[2]5月汇总'!$C:$AE,26,0) -> 85 | AT65: =AS65+O65 -> 142 | AU65: =AT65/N65 -> 0.39444444 | AV65: =VLOOKUP(C65,[1]两年对比终版!$A:$N,14,0) -> 135 | AW65: =AT65-AV65 -> 7 | AX65: =(AT65-AV65)/AV65 -> 0.051851852 | AY65: =VLOOKUP(C65,'[2]5月汇总'!$C:$AE,27,0) -> 950 | AZ65: =AY65+T65 -> 1476.913 | BA65: =AZ65/S65 -> 0.33952023 | BB65: =VLOOKUP(C65,[1]两年对比终版!$A:$W,17,0) -> 1488.8843 | BC65: =AZ65-BB65 -> -11.971333 | BD65: =(AZ65-BB65)/BB65 -> -0.0080404721 | BE65: =VLOOKUP(C65,'[2]5月汇总'!$C:$AE,28,0) -> 60 | BF65: =BE65+Y65 -> 130 | BG65: =BF65/X65 -> 0.36111111 | BH65: =VLOOKUP(C65,[1]两年对比终版!$A:$T,20,0) -> 110 | BI65: =(BF65-BH65)/BH65 -> 0.18181818 | BJ65: =VLOOKUP(C65,'[2]5月汇总'!$C:$AE,29,0) -> 666 | BK65: =BJ65+AD65 -> 1529.289 | BL65: =BK65/AC65 -> 0.35156069 | BM65: =VLOOKUP(C65,[1]两年对比终版!$A:$W,23,0) -> 1188.588 | BN65: =(BK65-BM65)/BM65 -> 0.28664351
A66: 56 | B66: D | C66: 秘鲁2 | D66: 50 | E66: 0 | F66: 0 | G66: 0 | H66: #DIV/0! | I66: 700 | J66: 0 | K66: 0 | L66: 0 | M66: #DIV/0! | N66: 30 | O66: 0 | P66: 0 | Q66: 0 | R66: #DIV/0! | S66: 300 | T66: 0 | U66: 0 | V66: 0 | W66: #DIV/0! | X66: 30 | Y66: 0 | Z66: 0 | AA66: 0 | AB66: #DIV/0! | AC66: 300 | AD66: 0 | AE66: 0 | AF66: 0 | AG66: =(AD66-AF66)/AF66 -> #DIV/0! | AH66: =VLOOKUP(C66,'[2]5月汇总'!$C:$AE,24,0) -> 7 | AI66: =AH66+E66 -> 7 | AJ66: =AI66/D66 -> 0.14 | AK66: =VLOOKUP(C66,[1]两年对比终版!$A:$W,3,0) -> 0 | AL66: =AI66-AK66 -> 7 | AM66: =(AI66-AK66)/AK66 -> #DIV/0! | AN66: =VLOOKUP(C66,'[2]5月汇总'!$C:$AE,25,0) -> 67 | AO66: =AN66+J66 -> 67 | AP66: =AO66/I66 -> 0.095714286 | AQ66: =VLOOKUP(C66,[1]两年对比终版!$A:$W,6,0) -> 0 | AS66: =VLOOKUP(C66,'[2]5月汇总'!$C:$AE,26,0) -> 4 | AT66: =AS66+O66 -> 4 | AU66: =AT66/N66 -> 0.13333333 | AV66: =VLOOKUP(C66,[1]两年对比终版!$A:$N,14,0) -> 0 | AW66: =AT66-AV66 -> 4 | AY66: =VLOOKUP(C66,'[2]5月汇总'!$C:$AE,27,0) -> 29 | AZ66: =AY66+T66 -> 29 | BA66: =AZ66/S66 -> 0.096666667 | BB66: =VLOOKUP(C66,[1]两年对比终版!$A:$W,17,0) -> 0 | BC66: =AZ66-BB66 -> 29 | BE66: =VLOOKUP(C66,'[2]5月汇总'!$C:$AE,28,0) -> 0 | BF66: =BE66+Y66 -> 0 | BG66: =BF66/X66 -> 0 | BH66: =VLOOKUP(C66,[1]两年对比终版!$A:$T,20,0) -> 0 | BJ66: =VLOOKUP(C66,'[2]5月汇总'!$C:$AE,29,0) -> 0 | BK66: =BJ66+AD66 -> 0 | BL66: =BK66/AC66 -> 0 | BM66: =VLOOKUP(C66,[1]两年对比终版!$A:$W,23,0) -> 0
A67: 57 | B67: D | C67: 巴西 | D67: 60 | E67: 0 | F67: 0 | G67: 0 | H67: #DIV/0! | I67: 840 | J67: 0 | K67: 0 | L67: 0 | M67: #DIV/0! | N67: 20 | O67: 0 | P67: 0 | Q67: 0 | R67: #DIV/0! | S67: 200 | T67: 0 | U67: 0 | V67: 0 | W67: #DIV/0! | X67: 20 | Y67: 0 | Z67: 0 | AA67: 0 | AB67: #DIV/0! | AC67: 200 | AD67: 0 | AE67: 0 | AF67: 0 | AG67: =(AD67-AF67)/AF67 -> #DIV/0! | AH67: =VLOOKUP(C67,'[2]5月汇总'!$C:$AE,24,0) -> 0 | AI67: =AH67+E67 -> 0 | AJ67: =AI67/D67 -> 0 | AK67: =VLOOKUP(C67,[1]两年对比终版!$A:$W,3,0) -> 0 | AL67: =AI67-AK67 -> 0 | AM67: =(AI67-AK67)/AK67 -> #DIV/0! | AN67: =VLOOKUP(C67,'[2]5月汇总'!$C:$AE,25,0) -> 0 | AO67: =AN67+J67 -> 0 | AP67: =AO67/I67 -> 0 | AQ67: =VLOOKUP(C67,[1]两年对比终版!$A:$W,6,0) -> 0 | AS67: =VLOOKUP(C67,'[2]5月汇总'!$C:$AE,26,0) -> 0 | AT67: =AS67+O67 -> 0 | AU67: =AT67/N67 -> 0 | AV67: =VLOOKUP(C67,[1]两年对比终版!$A:$N,14,0) -> 0 | AW67: =AT67-AV67 -> 0 | AY67: =VLOOKUP(C67,'[2]5月汇总'!$C:$AE,27,0) -> 0 | AZ67: =AY67+T67 -> 0 | BA67: =AZ67/S67 -> 0 | BB67: =VLOOKUP(C67,[1]两年对比终版!$A:$W,17,0) -> 0 | BC67: =AZ67-BB67 -> 0 | BE67: =VLOOKUP(C67,'[2]5月汇总'!$C:$AE,28,0) -> 0 | BF67: =BE67+Y67 -> 0 | BG67: =BF67/X67 -> 0 | BH67: =VLOOKUP(C67,[1]两年对比终版!$A:$T,20,0) -> 0 | BJ67: =VLOOKUP(C67,'[2]5月汇总'!$C:$AE,29,0) -> 0 | BK67: =BJ67+AD67 -> 0 | BL67: =BK67/AC67 -> 0 | BM67: =VLOOKUP(C67,[1]两年对比终版!$A:$W,23,0) -> 0
A68: 美洲合计 | D68: 2622 | E68: 746 | F68: 0.28451564 | G68: 635 | H68: 0.14879357 | I68: 36539.8 | J68: 12150.109 | K68: 0.33251712 | L68: 8707.1564 | M68: 0.28336804 | N68: 1145 | O68: 293 | P68: 0.2558952 | Q68: 225 | R68: 0.23208191 | S68: 14874 | T68: 3615.4028 | U68: 0.24306863 | V68: 2748.3081 | W68: 0.23983351 | X68: 1145 | Y68: 246 | Z68: 0.21484716 | AA68: 193 | AB68: 0.21544715 | AC68: 14874 | AD68: 3187.5326 | AE68: 0.21430231 | AF68: 2346.1075 | AG68: =(AD68-AF68)/AF68 -> 0.35864732 | AH68: =SUM(AH59:AH67) -> 432 | AI68: =AH68+E68 -> 1178 | AJ68: =AI68/D68 -> 0.44927536 | AK68: =SUM(AK59:AK67) -> 1112 | AL68: =AI68-AK68 -> 66 | AM68: =(AI68-AK68)/AK68 -> 0.059352518 | AN68: =SUM(AN59:AN67) -> 6058 | AO68: =AN68+J68 -> 18208.109 | AP68: =AO68/I68 -> 0.49830894 | AQ68: =SUM(AQ59:AQ67) -> 15926.999 | AR68: =(AO68-AQ68)/AQ68 -> 0.14322284 | AS68: =SUM(AS59:AS67) -> 258 | AT68: =AS68+O68 -> 551 | AU68: =AT68/N68 -> 0.48122271 | AV68: =SUM(AV59:AV67) -> 377 | AW68: =AT68-AV68 -> 174 | AX68: =(AT68-AV68)/AV68 -> 0.46153846 | AY68: =SUM(AY59:AY67) -> 2712.42 | AZ68: =AY68+T68 -> 6327.8228 | BA68: =AZ68/S68 -> 0.42542845 | BB68: =SUM(BB59:BB67) -> 4885.2561 | BC68: =AZ68-BB68 -> 1442.5667 | BD68: =(AZ68-BB68)/BB68 -> 0.29528988 | BE68: =SUM(BE59:BE67) -> 178 | BF68: =BE68+Y68 -> 424 | BG68: =BF68/X68 -> 0.37030568 | BH68: =SUM(BH59:BH67) -> 298 | BI68: =(BF68-BH68)/BH68 -> 0.42281879 | BJ68: =SUM(BJ59:BJ67) -> 2068.95 | BK68: =BJ68+AD68 -> 5256.4826 | BL68: =BK68/AC68 -> 0.35340074 | BM68: =SUM(BM59:BM67) -> 3520.2915 | BN68: =(BK68-BM68)/BM68 -> 0.49319525
A69: 58 | B69: A | C69: 埃及-1 | D69: 900 | E69: 210 | F69: 0.23333333 | G69: 255 | H69: -0.21428571 | I69: 6000 | J69: 1334.2 | K69: 0.22236667 | L69: 2624.8011 | M69: -0.9673221 | N69: 400 | O69: 2 | P69: 0.005 | Q69: 6 | R69: -2 | S69: 2600 | T69: 16.2934 | U69: 0.0062666923 | V69: 58.501488 | W69: -2.5905022 | X69: 400 | Y69: 0 | Z69: 0 | AA69: 6 | AB69: #DIV/0! | AC69: 2600 | AD69: 0 | AE69: 0 | AF69: 57.934756 | AG69: =(AD69-AF69)/AF69 -> -1 | AH69: =VLOOKUP(C69,'[2]5月汇总'!$C:$AE,24,0) -> 211 | AI69: =AH69+E69 -> 421 | AJ69: =AI69/D69 -> 0.46777778 | AK69: =VLOOKUP(C69,[1]两年对比终版!$A:$C,3,0) -> 469 | AL69: =AI69-AK69 -> -48 | AM69: =(AI69-AK69)/AK69 -> -0.10234542 | AN69: =VLOOKUP(C69,'[2]5月汇总'!$C:$AE,25,0) -> 1477 | AO69: =AN69+J69 -> 2811.2 | AP69: =AO69/I69 -> 0.46853333 | AQ69: =VLOOKUP(C69,[1]两年对比终版!$A:$W,6,0) -> 6870.237 | AR69: =(AO69-AQ69)/AQ69 -> -0.5908147 | AS69: =VLOOKUP(C69,'[2]5月汇总'!$C:$AE,26,0) -> 102 | AT69: =AS69+O69 -> 104 | AU69: =AT69/N69 -> 0.26 | AV69: =VLOOKUP(C69,[1]两年对比终版!$A:$N,14,0) -> 406 | AW69: =AT69-AV69 -> -302 | AX69: =(AT69-AV69)/AV69 -> -0.74384236 | AY69: =VLOOKUP(C69,'[2]5月汇总'!$C:$AE,27,0) -> 516.8 | AZ69: =AY69+T69 -> 533.0934 | BA69: =AZ69/S69 -> 0.20503592 | BB69: =VLOOKUP(C69,[1]两年对比终版!$A:$W,17,0) -> 2397.8959 | BC69: =AZ69-BB69 -> -1864.8025 | BD69: =(AZ69-BB69)/BB69 -> -0.77768284 | BE69: =VLOOKUP(C69,'[2]5月汇总'!$C:$AE,28,0) -> 3 | BF69: =BE69+Y69 -> 3 | BG69: =BF69/X69 -> 0.0075 | BH69: =VLOOKUP(C69,[1]两年对比终版!$A:$T,20,0)+160 -> 166 | BI69: =(BF69-BH69)/BH69 -> -0.98192771 | BJ69: =VLOOKUP(C69,'[2]5月汇总'!$C:$AE,29,0) -> 24.8 | BK69: =BJ69+AD69 -> 24.8 | BL69: =BK69/AC69 -> 0.0095384615 | BM69: =VLOOKUP(C69,[1]两年对比终版!$A:$W,23,0)+701.81832+177 -> 936.75308 | BN69: =(BK69-BM69)/BM69 -> -0.97352557
A70: 59 | B70: D | C70: 埃及-2 | D70: 100 | E70: 28 | F70: 0.28 | G70: 22 | H70: 0.21428571 | I70: 800 | J70: 227.354 | K70: 0.2841925 | L70: 202.74424 | M70: 0.10824425 | N70: 30 | O70: 1 | P70: 0.033333333 | Q70: 7 | R70: -6 | S70: 300 | T70: 8.21691 | U70: 0.0273897 | V70: 57.4368 | W70: -5.9900729 | X70: 30 | Y70: 11 | Z70: 0.36666667 | AA70: 7 | AB70: 0.36363636 | AC70: 300 | AD70: 121.303 | AE70: 0.40434333 | AF70: 55.708144 | AG70: =(AD70-AF70)/AF70 -> 1.1774734 | AH70: =VLOOKUP(C70,'[2]5月汇总'!$C:$AE,24,0) -> 30 | AI70: =AH70+E70 -> 58 | AJ70: =AI70/D70 -> 0.58 | AK70: =VLOOKUP(C70,[1]两年对比终版!$A:$W,3,0) -> 22 | AL70: =AI70-AK70 -> 36 | AM70: =(AI70-AK70)/AK70 -> 1.6363636 | AN70: =VLOOKUP(C70,'[2]5月汇总'!$C:$AE,25,0) -> 253 | AO70: =AN70+J70 -> 480.354 | AP70: =AO70/I70 -> 0.6004425 | AQ70: =VLOOKUP(C70,[1]两年对比终版!$A:$W,6,0) -> 202.74424 | AR70: =(AO70-AQ70)/AQ70 -> 1.3692609 | AS70: =VLOOKUP(C70,'[2]5月汇总'!$C:$AE,26,0) -> 24 | AT70: =AS70+O70 -> 25 | AU70: =AT70/N70 -> 0.83333333 | AV70: =VLOOKUP(C70,[1]两年对比终版!$A:$N,14,0) -> 7 | AW70: =AT70-AV70 -> 18 | AX70: =(AT70-AV70)/AV70 -> 2.5714286 | AY70: =VLOOKUP(C70,'[2]5月汇总'!$C:$AE,27,0) -> 160 | AZ70: =AY70+T70 -> 168.21691 | BA70: =AZ70/S70 -> 0.56072303 | BB70: =VLOOKUP(C70,[1]两年对比终版!$A:$W,17,0) -> 57.4368 | BC70: =AZ70-BB70 -> 110.78011 | BD70: =(AZ70-BB70)/BB70 -> 1.9287305 | BE70: =VLOOKUP(C70,'[2]5月汇总'!$C:$AE,28,0) -> 14 | BF70: =BE70+Y70 -> 25 | BG70: =BF70/X70 -> 0.83333333 | BH70: =VLOOKUP(C70,[1]两年对比终版!$A:$T,20,0) -> 21 | BI70: =(BF70-BH70)/BH70 -> 0.19047619 | BJ70: =VLOOKUP(C70,'[2]5月汇总'!$C:$AE,29,0) -> 95 | BK70: =BJ70+AD70 -> 216.303 | BL70: =BK70/AC70 -> 0.72101 | BM70: =VLOOKUP(C70,[1]两年对比终版!$A:$W,23,0) -> 165.82313 | BN70: =(BK70-BM70)/BM70 -> 0.30441992
A71: 60 | B71: C | C71: 肯尼亚/坦桑尼亚 | D71: 101 | E71: 31 | F71: 0.30693069 | G71: 28 | H71: 0.096774194 | I71: 980 | J71: 282.667 | K71: 0.28843571 | L71: 316.0747 | M71: -0.11818747 | N71: 32.8034 | O71: 0 | P71: 0 | Q71: 0 | R71: #DIV/0! | S71: 401.842 | T71: 0 | U71: 0 | V71: 0 | W71: #DIV/0! | X71: 32.8034 | Y71: 0 | Z71: 0 | AA71: 1 | AB71: #DIV/0! | AC71: 401.842 | AD71: 0 | AE71: 0 | AF71: 13.23111 | AG71: =(AD71-AF71)/AF71 -> -1 | AH71: =VLOOKUP(C71,'[2]5月汇总'!$C:$AE,24,0) -> 15 | AI71: =AH71+E71 -> 46 | AJ71: =AI71/D71 -> 0.45544554 | AK71: =VLOOKUP(C71,[1]两年对比终版!$A:$W,3,0) -> 39 | AL71: =AI71-AK71 -> 7 | AM71: =(AI71-AK71)/AK71 -> 0.17948718 | AN71: =VLOOKUP(C71,'[2]5月汇总'!$C:$AE,25,0) -> 130 | AO71: =AN71+J71 -> 412.667 | AP71: =AO71/I71 -> 0.42108878 | AQ71: =VLOOKUP(C71,[1]两年对比终版!$A:$W,6,0) -> 652.63722 | AR71: =(AO71-AQ71)/AQ71 -> -0.36769313 | AS71: =VLOOKUP(C71,'[2]5月汇总'!$C:$AE,26,0) -> 15 | AT71: =AS71+O71 -> 15 | AU71: =AT71/N71 -> 0.45726967 | AV71: =VLOOKUP(C71,[1]两年对比终版!$A:$N,14,0) -> 0 | AW71: =AT71-AV71 -> 15 | AX71: =(AT71-AV71)/AV71 -> #DIV/0! | AY71: =VLOOKUP(C71,'[2]5月汇总'!$C:$AE,27,0) -> 130 | AZ71: =AY71+T71 -> 130 | BA71: =AZ71/S71 -> 0.32351024 | BB71: =VLOOKUP(C71,[1]两年对比终版!$A:$W,17,0) -> 0 | BC71: =AZ71-BB71 -> 130 | BD71: =(AZ71-BB71)/BB71 -> #DIV/0! | BE71: =VLOOKUP(C71,'[2]5月汇总'!$C:$AE,28,0) -> 15 | BF71: =BE71+Y71 -> 15 | BG71: =BF71/X71 -> 0.45726967 | BH71: =VLOOKUP(C71,[1]两年对比终版!$A:$T,20,0) -> 1 | BI71: =(BF71-BH71)/BH71 -> 14 | BJ71: =VLOOKUP(C71,'[2]5月汇总'!$C:$AE,29,0) -> 130 | BK71: =BJ71+AD71 -> 130 | BL71: =BK71/AC71 -> 0.32351024 | BM71: =VLOOKUP(C71,[1]两年对比终版!$A:$W,23,0) -> 13.23111 | BN71: =(BK71-BM71)/BM71 -> 8.8253283
A72: 61 | B72: C | C72: 尼日利亚/埃塞俄比亚 | D72: 100 | E72: 16 | F72: 0.16 | G72: 19 | H72: -0.1875 | I72: 980 | J72: 188.621 | K72: 0.19247041 | L72: 206.6748 | M72: -0.095714687 | N72: 32.8163 | O72: 8 | P72: 0.24378129 | Q72: 13 | R72: -0.625 | S72: 402 | T72: 80.1857 | U72: 0.19946692 | V72: 165.63159 | W72: -1.0656001 | X72: 32.8163 | Y72: 15 | Z72: 0.45708992 | AA72: 8 | AB72: 0.46666667 | AC72: 402 | AD72: 155.648 | AE72: 0.38718408 | AF72: 94.57434 | AG72: =(AD72-AF72)/AF72 -> 0.64577411 | AH72: =VLOOKUP(C72,'[2]5月汇总'!$C:$AE,24,0) -> 22 | AI72: =AH72+E72 -> 38 | AJ72: =AI72/D72 -> 0.38 | AK72: =VLOOKUP(C72,[1]两年对比终版!$A:$W,3,0) -> 38 | AL72: =AI72-AK72 -> 0 | AM72: =(AI72-AK72)/AK72 -> 0 | AN72: =VLOOKUP(C72,'[2]5月汇总'!$C:$AE,25,0) -> 227.5 | AO72: =AN72+J72 -> 416.121 | AP72: =AO72/I72 -> 0.42461327 | AQ72: =VLOOKUP(C72,[1]两年对比终版!$A:$W,6,0) -> 550.22497 | AR72: =(AO72-AQ72)/AQ72 -> -0.2437257 | AS72: =VLOOKUP(C72,'[2]5月汇总'!$C:$AE,26,0) -> 22 | AT72: =AS72+O72 -> 30 | AU72: =AT72/N72 -> 0.91417984 | AV72: =VLOOKUP(C72,[1]两年对比终版!$A:$N,14,0) -> 14 | AW72: =AT72-AV72 -> 16 | AX72: =(AT72-AV72)/AV72 -> 1.1428571 | AY72: =VLOOKUP(C72,'[2]5月汇总'!$C:$AE,27,0) -> 227.5 | AZ72: =AY72+T72 -> 307.6857 | BA72: =AZ72/S72 -> 0.76538731 | BB72: =VLOOKUP(C72,[1]两年对比终版!$A:$W,17,0) -> 177.80094 | BC72: =AZ72-BB72 -> 129.88476 | BD72: =(AZ72-BB72)/BB72 -> 0.73050658 | BE72: =VLOOKUP(C72,'[2]5月汇总'!$C:$AE,28,0) -> 15 | BF72: =BE72+Y72 -> 30 | BG72: =BF72/X72 -> 0.91417984 | BH72: =VLOOKUP(C72,[1]两年对比终版!$A:$T,20,0) -> 17 | BI72: =(BF72-BH72)/BH72 -> 0.76470588 | BJ72: =VLOOKUP(C72,'[2]5月汇总'!$C:$AE,29,0) -> 153.6 | BK72: =BJ72+AD72 -> 309.248 | BL72: =BK72/AC72 -> 0.76927363 | BM72: =VLOOKUP(C72,[1]两年对比终版!$A:$W,23,0) -> 210.26359 | BN72: =(BK72-BM72)/BM72 -> 0.47076342
A73: 62 | B73: D | C73: 非洲法语区 | D73: 90 | E73: 23 | F73: 0.25555556 | G73: 64 | H73: -1.7826087 | I73: 800 | J73: 167.735 | K73: 0.20966875 | L73: 563.05476 | M73: -2.3568114 | N73: 30 | O73: 0 | P73: 0 | Q73: 0 | R73: #DIV/0! | S73: 300 | T73: 0 | U73: 0 | V73: 0 | W73: #DIV/0! | X73: 30 | Y73: 0 | Z73: 0 | AA73: 0 | AB73: #DIV/0! | AC73: 300 | AD73: 0 | AE73: 0 | AF73: 0 | AG73: =(AD73-AF73)/AF73 -> #DIV/0! | AH73: =VLOOKUP(C73,'[2]5月汇总'!$C:$AE,24,0) -> 23 | AI73: =AH73+E73 -> 46 | AJ73: =AI73/D73 -> 0.51111111 | AK73: =VLOOKUP(C73,[1]两年对比终版!$A:$W,3,0) -> 129 | AM73: =(AI73-AK73)/AK73 -> -0.64341085 | AN73: =VLOOKUP(C73,'[2]5月汇总'!$C:$AE,25,0) -> 132 | AO73: =AN73+J73 -> 299.735 | AP73: =AO73/I73 -> 0.37466875 | AQ73: =VLOOKUP(C73,[1]两年对比终版!$A:$W,6,0) -> 1471.2557 | AR73: =(AO73-AQ73)/AQ73 -> -0.79627267 | AS73: =VLOOKUP(C73,'[2]5月汇总'!$C:$AE,26,0) -> 11 | AT73: =AS73+O73 -> 11 | AU73: =AT73/N73 -> 0.36666667 | AV73: =VLOOKUP(C73,[1]两年对比终版!$A:$N,14,0) -> 0 | AW73: =AT73-AV73 -> 11 | AX73: =(AT73-AV73)/AV73 -> #DIV/0! | AY73: =VLOOKUP(C73,'[2]5月汇总'!$C:$AE,27,0) -> 60.9 | AZ73: =AY73+T73 -> 60.9 | BA73: =AZ73/S73 -> 0.203 | BB73: =VLOOKUP(C73,[1]两年对比终版!$A:$W,17,0) -> 0 | BC73: =AZ73-BB73 -> 60.9 | BD73: =(AZ73-BB73)/BB73 -> #DIV/0! | BE73: =VLOOKUP(C73,'[2]5月汇总'!$C:$AE,28,0) -> 0 | BF73: =BE73+Y73 -> 0 | BG73: =BF73/X73 -> 0 | BH73: =VLOOKUP(C73,[1]两年对比终版!$A:$T,20,0) -> 0 | BI73: =(BF73-BH73)/BH73 -> #DIV/0! | BJ73: =VLOOKUP(C73,'[2]5月汇总'!$C:$AE,29,0) -> 0 | BK73: 0 | BL73: 0 | BM73: =VLOOKUP(C73,[1]两年对比终版!$A:$W,23,0) -> 0 | BN73: =(BK73-BM73)/BM73 -> #DIV/0!
A74: 63 | B74: D | C74: 南非/安格拉 | D74: 90 | E74: 23 | F74: 0.25555556 | G74: 0 | H74: 1 | I74: 800 | J74: 295.853 | K74: 0.36981625 | L74: 0 | M74: 1 | N74: 30 | O74: 2 | P74: 0.066666667 | Q74: 0 | R74: 1 | S74: 300 | T74: 24.9391 | U74: 0.083130333 | V74: 0 | W74: 1 | X74: 30 | Y74: 1 | Z74: 0.033333333 | AA74: 0 | AB74: 1 | AC74: 300 | AD74: 13 | AE74: 0.043333333 | AF74: 0 | AG74: =(AD74-AF74)/AF74 -> #DIV/0! | AH74: =VLOOKUP(C74,'[2]5月汇总'!$C:$AE,24,0) -> 19 | AI74: =AH74+E74 -> 42 | AJ74: =AI74/D74 -> 0.46666667 | AK74: =VLOOKUP(C74,[1]两年对比终版!$A:$W,3,0) -> 0 | AM74: =(AI74-AK74)/AK74 -> #DIV/0! | AN74: =VLOOKUP(C74,'[2]5月汇总'!$C:$AE,25,0) -> 247 | AO74: =AN74+J74 -> 542.853 | AP74: =AO74/I74 -> 0.67856625 | AQ74: =VLOOKUP(C74,[1]两年对比终版!$A:$W,6,0) -> 0 | AS74: =VLOOKUP(C74,'[2]5月汇总'!$C:$AE,26,0) -> 5 | AT74: =AS74+O74 -> 7 | AU74: =AT74/N74 -> 0.23333333 | AV74: =VLOOKUP(C74,[1]两年对比终版!$A:$N,14,0) -> 0 | AW74: =AT74-AV74 -> 7 | AY74: =VLOOKUP(C74,'[2]5月汇总'!$C:$AE,27,0) -> 47 | AZ74: =AY74+T74 -> 71.9391 | BA74: =AZ74/S74 -> 0.239797 | BB74: =VLOOKUP(C74,[1]两年对比终版!$A:$W,17,0) -> 0 | BC74: =AZ74-BB74 -> 71.9391 | BE74: =VLOOKUP(C74,'[2]5月汇总'!$C:$AE,28,0) -> 2 | BF74: =BE74+Y74 -> 3 | BG74: =BF74/X74 -> 0.1 | BH74: =VLOOKUP(C74,[1]两年对比终版!$A:$T,20,0) -> 0 | BJ74: =VLOOKUP(C74,'[2]5月汇总'!$C:$AE,29,0) -> 23.5 | BK74: =BJ74+AD74 -> 36.5 | BL74: =BK74/AC74 -> 0.12166667 | BM74: =VLOOKUP(C74,[1]两年对比终版!$A:$W,23,0) -> 0
A75: 非洲合计 | D75: 1381 | E75: 331 | F75: 0.23968139 | G75: 388 | H75: -0.17220544 | I75: 10360 | J75: 2496.43 | K75: 0.24096815 | L75: 3913.3496 | M75: -0.56757836 | N75: 555.6197 | O75: 13 | P75: 0.023397299 | Q75: 26 | R75: -1 | S75: 4303.842 | T75: 129.63511 | U75: 0.030120787 | V75: 281.56988 | W75: -1.1720187 | X75: 555.6197 | Y75: 27 | Z75: 0.048594389 | AA75: 22 | AB75: 0.18518519 | AC75: 4303.842 | AD75: 289.951 | AE75: 0.067370271 | AF75: 221.44835 | AG75: =(AD75-AF75)/AF75 -> 0.30933918 | AH75: =SUM(AH69:AH74) -> 320 | AI75: =AH75+E75 -> 651 | AJ75: =AI75/D75 -> 0.47139754 | AK75: =SUM(AK69:AK74) -> 697 | AM75: =(AI75-AK75)/AK75 -> -0.065997131 | AN75: =SUM(AN69:AN74) -> 2466.5 | AO75: =AN75+J75 -> 4962.93 | AP75: =AO75/I75 -> 0.4790473 | AQ75: =SUM(AQ69:AQ74) -> 9747.0992 | AR75: =(AO75-AQ75)/AQ75 -> -0.49083005 | AS75: =SUM(AS69:AS74) -> 179 | AT75: =AS75+O75 -> 192 | AU75: =AT75/N75 -> 0.3455601 | AV75: =SUM(AV69:AV74) -> 427 | AW75: =AT75-AV75 -> -235 | AX75: =(AT75-AV75)/AV75 -> -0.55035129 | AY75: =SUM(AY69:AY74) -> 1142.2 | AZ75: =AY75+T75 -> 1271.8351 | BA75: =AZ75/S75 -> 0.29551157 | BB75: =SUM(BB69:BB74) -> 2633.1336 | BC75: =AZ75-BB75 -> -1361.2985 | BD75: =(AZ75-BB75)/BB75 -> -0.51698801 | BE75: =SUM(BE69:BE74) -> 49 | BF75: =BE75+Y75 -> 76 | BG75: =BF75/X75 -> 0.13678421 | BH75: =SUM(BH69:BH74) -> 205 | BI75: =(BF75-BH75)/BH75 -> -0.62926829 | BJ75: =SUM(BJ69:BJ74) -> 426.9 | BK75: =BJ75+AD75 -> 716.851 | BL75: =BK75/AC75 -> 0.16656071 | BM75: =SUM(BM69:BM74) -> 1326.0709 | BN75: =(BK75-BM75)/BM75 -> -0.4594173
A76: 64 | B76: D | C76: 德国西班牙 | D76: 34 | E76: 0 | F76: 0 | G76: 0 | H76: #DIV/0! | I76: 520 | J76: 0 | K76: 0 | L76: 0 | M76: #DIV/0! | N76: 15 | O76: 0 | P76: 0 | Q76: 0 | R76: #DIV/0! | S76: 210 | T76: 0 | U76: 0 | V76: 0 | W76: #DIV/0! | X76: 15 | Y76: 0 | Z76: 0 | AA76: 0 | AB76: #DIV/0! | AC76: 210 | AD76: 0 | AE76: 0 | AF76: 0 | AG76: =(AD76-AF76)/AF76 -> #DIV/0! | AH76: =VLOOKUP(C76,'[2]5月汇总'!$C:$AE,24,0) -> 0 | AI76: =AH76+E76 -> 0 | AJ76: =AI76/D76 -> 0 | AK76: =VLOOKUP(C76,[1]两年对比终版!$A:$C,3,0) -> 0 | AM76: =(AI76-AK76)/AK76 -> #DIV/0! | AN76: =VLOOKUP(C76,'[2]5月汇总'!$C:$AE,25,0) -> 0 | AO76: =AN76+J76 -> 0 | AP76: =AO76/I76 -> 0 | AQ76: =VLOOKUP(C76,[1]两年对比终版!$A:$W,6,0) -> 0 | AS76: =VLOOKUP(C76,'[2]5月汇总'!$C:$AE,26,0) -> 0 | AT76: =AS76+O76 -> 0 | AU76: =AT76/N76 -> 0 | AV76: =VLOOKUP(C76,[1]两年对比终版!$A:$N,14,0) -> 0 | AW76: =AT76-AV76 -> 0 | AY76: =VLOOKUP(C76,'[2]5月汇总'!$C:$AE,27,0) -> 0 | AZ76: =AY76+T76 -> 0 | BA76: =AZ76/S76 -> 0 | BB76: =VLOOKUP(C76,[1]两年对比终版!$A:$W,17,0) -> 0 | BC76: =AZ76-BB76 -> 0 | BE76: =VLOOKUP(C76,'[2]5月汇总'!$C:$AE,28,0) -> 0 | BF76: =BE76+Y76 -> 0 | BG76: =BF76/X76 -> 0 | BH76: =VLOOKUP(C76,[1]两年对比终版!$A:$W,20,0) -> 0 | BJ76: =VLOOKUP(C76,'[2]5月汇总'!$C:$AE,29,0) -> 0 | BK76: =BJ76+AD76 -> 0 | BL76: =BK76/AC76 -> 0 | BM76: =VLOOKUP(C76,[1]两年对比终版!$A:$W,23,0) -> 0
A77: 65 | B77: D | C77: 东欧 | D77: 50 | E77: 0 | F77: 0 | G77: 0 | H77: #DIV/0! | I77: 500 | J77: 0 | K77: 0 | L77: 0 | M77: #DIV/0! | N77: 15 | O77: 0 | P77: 0 | Q77: 0 | R77: #DIV/0! | S77: 201 | T77: 0 | U77: 0 | V77: 0 | W77: #DIV/0! | X77: 15 | Y77: 0 | Z77: 0 | AA77: 0 | AB77: #DIV/0! | AC77: 201 | AD77: 0 | AE77: 0 | AF77: 0 | AG77: =(AD77-AF77)/AF77 -> #DIV/0! | AH77: =VLOOKUP(C77,'[2]5月汇总'!$C:$AE,24,0) -> 31 | AI77: =AH77+E77 -> 31 | AJ77: =AI77/D77 -> 0.62 | AK77: =VLOOKUP(C77,[1]两年对比终版!$A:$W,3,0) -> 0 | AM77: =(AI77-AK77)/AK77 -> #DIV/0! | AN77: =VLOOKUP(C77,'[2]5月汇总'!$C:$AE,25,0) -> 323.6 | AO77: =AN77+J77 -> 323.6 | AP77: =AO77/I77 -> 0.6472 | AQ77: =VLOOKUP(C77,[1]两年对比终版!$A:$W,6,0) -> 0 | AS77: =VLOOKUP(C77,'[2]5月汇总'!$C:$AE,26,0) -> 6 | AT77: =AS77+O77 -> 6 | AU77: =AT77/N77 -> 0.4 | AV77: =VLOOKUP(C77,[1]两年对比终版!$A:$N,14,0) -> 0 | AW77: =AT77-AV77 -> 6 | AY77: =VLOOKUP(C77,'[2]5月汇总'!$C:$AE,27,0) -> 16.8 | AZ77: =AY77+T77 -> 16.8 | BA77: =AZ77/S77 -> 0.08358209 | BB77: =VLOOKUP(C77,[1]两年对比终版!$A:$W,17,0) -> 0 | BC77: =AZ77-BB77 -> 16.8 | BE77: =VLOOKUP(C77,'[2]5月汇总'!$C:$AE,28,0) -> 1 | BF77: =BE77+Y77 -> 1 | BG77: =BF77/X77 -> 0.066666667 | BH77: =VLOOKUP(C77,[1]两年对比终版!$A:$W,20,0) -> 0 | BJ77: =VLOOKUP(C77,'[2]5月汇总'!$C:$AE,29,0) -> 2.1 | BK77: =BJ77+AD77 -> 2.1 | BL77: =BK77/AC77 -> 0.010447761 | BM77: =VLOOKUP(C77,[1]两年对比终版!$A:$W,23,0) -> 0
A78: 66 | B78: D | C78: 英国意大利 | D78: 34 | E78: 1 | F78: 0.029411765 | G78: 0 | H78: 1 | I78: 520 | J78: 5.45297 | K78: 0.010486481 | L78: 0 | M78: 1 | N78: 15 | O78: 0 | P78: 0 | Q78: 0 | R78: #DIV/0! | S78: 210 | T78: 0 | U78: 0 | V78: 0 | W78: #DIV/0! | X78: 15 | Y78: 0 | Z78: 0 | AA78: 0 | AB78: #DIV/0! | AC78: 210 | AD78: 0 | AE78: 0 | AF78: 0 | AG78: =(AD78-AF78)/AF78 -> #DIV/0! | AH78: =VLOOKUP(C78,'[2]5月汇总'!$C:$AE,24,0) -> 0 | AI78: =AH78+E78 -> 1 | AJ78: =AI78/D78 -> 0.029411765 | AK78: =VLOOKUP(C78,[1]两年对比终版!$A:$W,3,0) -> 0 | AM78: =(AI78-AK78)/AK78 -> #DIV/0! | AN78: =VLOOKUP(C78,'[2]5月汇总'!$C:$AE,25,0) -> 6 | AO78: =AN78+J78 -> 11.45297 | AP78: =AO78/I78 -> 0.022024942 | AQ78: =VLOOKUP(C78,[1]两年对比终版!$A:$W,6,0) -> 0 | AS78: 0 | AT78: =AS78+O78 -> 0 | AU78: =AT78/N78 -> 0 | AV78: =VLOOKUP(C78,[1]两年对比终版!$A:$N,14,0) -> 0 | AW78: =AT78-AV78 -> 0 | AY78: 0 | AZ78: =AY78+T78 -> 0 | BA78: =AZ78/S78 -> 0 | BB78: =VLOOKUP(C78,[1]两年对比终版!$A:$W,17,0) -> 0 | BC78: =AZ78-BB78 -> 0 | BE78: 0 | BF78: =BE78+Y78 -> 0 | BG78: =BF78/X78 -> 0 | BH78: =VLOOKUP(C78,[1]两年对比终版!$A:$W,20,0) -> 0 | BJ78: =VLOOKUP(C78,'[2]5月汇总'!$C:$AE,29,0) -> 9 | BK78: =BJ78+AD78 -> 9 | BL78: =BK78/AC78 -> 0.042857143 | BM78: =VLOOKUP(C78,[1]两年对比终版!$A:$W,23,0) -> 0
A79: 欧洲合计 | D79: 118 | E79: 1 | F79: 0.0084745763 | G79: 0 | H79: 1 | I79: 1540 | J79: 5.45297 | K79: 0.0035408896 | L79: 0 | M79: 1 | N79: 45 | O79: 0 | P79: 0 | Q79: 0 | R79: #DIV/0! | S79: 621 | T79: 0 | U79: 0 | V79: 0 | W79: #DIV/0! | X79: 45 | Y79: 0 | Z79: 0 | AA79: 0 | AB79: #DIV/0! | AC79: 621 | AD79: 0 | AE79: 0 | AF79: 0 | AG79: =(AD79-AF79)/AF79 -> #DIV/0! | AH79: =SUM(AH76:AH78) -> 31 | AI79: =AH79+E79 -> 32 | AJ79: =AI79/D79 -> 0.27118644 | AK79: =SUM(AK76:AK78) -> 0 | AM79: =(AI79-AK79)/AK79 -> #DIV/0! | AN79: =SUM(AN76:AN78) -> 329.6 | AO79: =AN79+J79 -> 335.05297 | AP79: =AO79/I79 -> 0.21756686 | AQ79: =SUM(AQ76:AQ78) -> 0 | AS79: =SUM(AS76:AS78) -> 6 | AT79: =AS79+O79 -> 6 | AU79: =AT79/N79 -> 0.13333333 | AV79: =SUM(AV76:AV78) -> 0 | AW79: =AT79-AV79 -> 6 | AY79: =SUM(AY76:AY78) -> 16.8 | AZ79: =AY79+T79 -> 16.8 | BA79: =AZ79/S79 -> 0.02705314 | BB79: =SUM(BB76:BB78) -> 0 | BC79: =AZ79-BB79 -> 16.8 | BE79: =SUM(BE76:BE78) -> 1 | BF79: =BE79+Y79 -> 1 | BG79: =BF79/X79 -> 0.022222222 | BH79: =SUM(BH76:BH78) -> 0 | BJ79: =SUM(BJ76:BJ78) -> 11.1 | BK79: =BJ79+AD79 -> 11.1 | BL79: =BK79/AC79 -> 0.017874396 | BM79: =SUM(BM76:BM78) -> 0
A80: 67 | C80: 商贸1 | E80: 0 | G80: 0 | H80: #DIV/0! | I80: 1402 | J80: 402.91286 | K80: 0.28738435 | L80: 311.58418 | M80: 0.22667104 | N80: 0 | O80: 0 | Q80: 0 | R80: #DIV/0! | S80: 600 | T80: 95.22962 | U80: 0.15871603 | V80: 350.25346 | W80: -2.6779887 | X80: 0 | Y80: 0 | AA80: 0 | AB80: #DIV/0! | AC80: 600 | AD80: 95.22962 | AE80: 0.15871603 | AF80: 350.25346 | AG80: =(AD80-AF80)/AF80 -> -0.72811227 | AH80: =VLOOKUP(C80,'[2]5月汇总'!$C:$AE,24,0) -> 0 | AI80: =AH80+E80 -> 0 | AK80: =VLOOKUP(C80,[1]两年对比终版!$A:$C,3,0) -> 0 | AM80: =(AI80-AK80)/AK80 -> #DIV/0! | AN80: =VLOOKUP(C80,'[2]5月汇总'!$C:$AE,25,0) -> 22 | AO80: =AN80+J80 -> 424.91286 | AP80: =AO80/I80 -> 0.30307622 | AQ80: 1730.4243 | AR80: =(AO80-AQ80)/AQ80 -> -0.75444586 | AS80: =VLOOKUP(C80,'[2]5月汇总'!$C:$AE,26,0) -> 0 | AT80: =AS80+O80 -> 0 | AV80: =VLOOKUP(C80,[1]两年对比终版!$A:$N,14,0) -> 0 | AW80: =AT80-AV80 -> 0 | AY80: =VLOOKUP(C80,'[2]5月汇总'!$C:$AE,27,0) -> 22 | AZ80: =AY80+T80 -> 117.22962 | BA80: =AZ80/S80 -> 0.1953827 | BB80: 478.30637 | BC80: =AZ80-BB80 -> -361.07676 | BD80: =(AZ80-BB80)/BB80 -> -0.75490684 | BE80: =VLOOKUP(C80,'[2]5月汇总'!$C:$AE,28,0) -> 0 | BF80: =BE80+Y80 -> 0 | BH80: =VLOOKUP(C80,[1]两年对比终版!$A:$W,20,0) -> 0 | BI80: =(BF80-BH80)/BH80 -> #DIV/0! | BJ80: =VLOOKUP(C80,'[2]5月汇总'!$C:$AE,29,0) -> 13 | BK80: =BJ80+AD80 -> 108.22962 | BL80: =BK80/AC80 -> 0.1803827 | BM80: 488.30637 | BN80: =(BK80-BM80)/BM80 -> -0.77835714
A81: 68 | C81: 商贸2 | E81: 0 | G81: 0 | H81: #DIV/0! | I81: 720 | J81: 143.33 | K81: 0.19906944 | L81: 0 | M81: 1 | N81: 0 | O81: 0 | Q81: 0 | R81: #DIV/0! | S81: 300 | T81: 0 | U81: 0 | V81: 0 | W81: #DIV/0! | X81: 0 | Y81: 0 | AA81: 0 | AB81: #DIV/0! | AC81: 300 | AD81: 0 | AE81: 0 | AF81: 0 | AG81: =(AD81-AF81)/AF81 -> #DIV/0! | AH81: =VLOOKUP(C81,'[2]5月汇总'!$C:$AE,24,0) -> 0 | AI81: =AH81+E81 -> 0 | AK81: =VLOOKUP(C81,[1]两年对比终版!$A:$C,3,0) -> 0 | AM81: =(AI81-AK81)/AK81 -> #DIV/0! | AN81: =VLOOKUP(C81,'[2]5月汇总'!$C:$AE,25,0) -> 0 | AO81: =AN81+J81 -> 143.33 | AP81: =AO81/I81 -> 0.19906944 | AQ81: =VLOOKUP(C81,[1]两年对比终版!$A:$W,6,0) -> 0 | AS81: =VLOOKUP(C81,'[2]5月汇总'!$C:$AE,26,0) -> 0 | AT81: =AS81+O81 -> 0 | AV81: =VLOOKUP(C81,[1]两年对比终版!$A:$N,14,0) -> 0 | AW81: =AT81-AV81 -> 0 | AY81: =VLOOKUP(C81,'[2]5月汇总'!$C:$AE,27,0) -> 0 | AZ81: =AY81+T81 -> 0 | BA81: =AZ81/S81 -> 0 | BB81: =VLOOKUP(C81,[1]两年对比终版!$A:$W,17,0) -> 0 | BC81: =AZ81-BB81 -> 0 | BE81: =VLOOKUP(C81,'[2]5月汇总'!$C:$AE,28,0) -> 0 | BF81: =BE81+Y81 -> 0 | BH81: =VLOOKUP(C81,[1]两年对比终版!$A:$W,20,0) -> 0 | BJ81: =VLOOKUP(C81,'[2]5月汇总'!$C:$AE,29,0) -> 0 | BM81: =VLOOKUP(C81,[1]两年对比终版!$A:$W,23,0) -> 0
A82: 69 | C82: 商贸3 | E82: 0 | G82: 0 | H82: #DIV/0! | I82: 720 | J82: 211.10105 | K82: 0.2931959 | L82: 0 | M82: 1 | N82: 0 | O82: 0 | Q82: 0 | R82: #DIV/0! | S82: 300 | T82: 6.9669599 | U82: 0.0232232 | V82: 0 | W82: 1 | X82: 0 | Y82: 0 | AA82: 0 | AB82: #DIV/0! | AC82: 300 | AD82: 3.0215096 | AE82: 0.010071699 | AF82: 0 | AG82: =(AD82-AF82)/AF82 -> #DIV/0! | AH82: =VLOOKUP(C82,'[2]5月汇总'!$C:$AE,24,0) -> 0 | AI82: =AH82+E82 -> 0 | AK82: =VLOOKUP(C82,[1]两年对比终版!$A:$C,3,0) -> 0 | AM82: =(AI82-AK82)/AK82 -> #DIV/0! | AN82: =VLOOKUP(C82,'[2]5月汇总'!$C:$AE,25,0) -> 0 | AO82: =AN82+J82 -> 211.10105 | AP82: =AO82/I82 -> 0.2931959 | AQ82: =VLOOKUP(C82,[1]两年对比终版!$A:$W,6,0) -> 0 | AS82: =VLOOKUP(C82,'[2]5月汇总'!$C:$AE,26,0) -> 0 | AT82: =AS82+O82 -> 0 | AV82: =VLOOKUP(C82,[1]两年对比终版!$A:$N,14,0) -> 0 | AW82: =AT82-AV82 -> 0 | AY82: =VLOOKUP(C82,'[2]5月汇总'!$C:$AE,27,0) -> 0 | AZ82: =AY82+T82 -> 6.9669599 | BA82: =AZ82/S82 -> 0.0232232 | BB82: =VLOOKUP(C82,[1]两年对比终版!$A:$W,17,0) -> 0 | BC82: =AZ82-BB82 -> 6.9669599 | BE82: =VLOOKUP(C82,'[2]5月汇总'!$C:$AE,28,0) -> 0 | BF82: =BE82+Y82 -> 0 | BH82: =VLOOKUP(C82,[1]两年对比终版!$A:$W,20,0) -> 0 | BJ82: =VLOOKUP(C82,'[2]5月汇总'!$C:$AE,29,0) -> 6.84592 | BK82: =BJ82+AD82 -> 9.8674296 | BL82: =BK82/AC82 -> 0.032891432 | BM82: =VLOOKUP(C82,[1]两年对比终版!$A:$W,23,0) -> 0
A83: 70 | C83: 配件-1 | E83: 0 | G83: 0 | H83: #DIV/0! | I83: 4800 | J83: 1305.5155 | K83: 0.2719824 | L83: 565.06137 | M83: 0.56717375 | N83: 0 | O83: 0 | Q83: 0 | R83: #DIV/0! | S83: 2000 | T83: 470.70975 | U83: 0.23535488 | V83: 346.07499 | W83: 0.2647805 | X83: 0 | Y83: 0 | AA83: 0 | AB83: #DIV/0! | AC83: 2000 | AD83: 434.47 | AE83: 0.217235 | AF83: 346.07499 | AG83: =(AD83-AF83)/AF83 -> 0.25542154 | AH83: =VLOOKUP(C83,'[2]5月汇总'!$C:$AE,24,0) -> 0 | AI83: =AH83+E83 -> 0 | AK83: =VLOOKUP(C83,[1]两年对比终版!$A:$C,3,0) -> 0 | AM83: =(AI83-AK83)/AK83 -> #DIV/0! | AN83: =VLOOKUP(C83,'[2]5月汇总'!$C:$AE,25,0) -> 815 | AO83: =AN83+J83 -> 2120.5155 | AP83: =AO83/I83 -> 0.44177406 | AQ83: 2015.4943 | AR83: =(AO83-AQ83)/AQ83 -> 0.052106932 | AS83: =VLOOKUP(C83,'[2]5月汇总'!$C:$AE,26,0) -> 0 | AT83: =AS83+O83 -> 0 | AV83: =VLOOKUP(C83,[1]两年对比终版!$A:$N,14,0) -> 0 | AW83: =AT83-AV83 -> 0 | AY83: =VLOOKUP(C83,'[2]5月汇总'!$C:$AE,27,0) -> 343 | AZ83: =AY83+T83 -> 813.70975 | BA83: =AZ83/S83 -> 0.40685488 | BB83: 742.96756 | BC83: =AZ83-BB83 -> 70.742191 | BD83: =(AZ83-BB83)/BB83 -> 0.095215719 | BE83: =VLOOKUP(C83,'[2]5月汇总'!$C:$AE,28,0) -> 0 | BF83: =BE83+Y83 -> 0 | BH83: =VLOOKUP(C83,[1]两年对比终版!$A:$W,20,0) -> 0 | BI83: =(BF83-BH83)/BH83 -> #DIV/0! | BJ83: =VLOOKUP(C83,'[2]5月汇总'!$C:$AE,29,0) -> 175.34 | BM83: 752.96756 | BN83: =(BK83-BM83)/BM83 -> -1
A84: 71 | C84: 配件-2 | E84: 0 | G84: 0 | H84: #DIV/0! | I84: 2400 | J84: 623.07766 | K84: 0.25961569 | L84: 0 | M84: 1 | N84: 0 | O84: 0 | Q84: 0 | R84: #DIV/0! | S84: 1000 | T84: 0 | U84: 0 | V84: 0 | W84: #DIV/0! | X84: 0 | Y84: 0 | AA84: 0 | AB84: #DIV/0! | AC84: 1000 | AD84: 0 | AE84: 0 | AF84: 0 | AG84: =(AD84-AF84)/AF84 -> #DIV/0! | AH84: =VLOOKUP(C84,'[2]5月汇总'!$C:$AE,24,0) -> 0 | AI84: =AH84+E84 -> 0 | AK84: =VLOOKUP(C84,[1]两年对比终版!$A:$C,3,0) -> 0 | AM84: =(AI84-AK84)/AK84 -> #DIV/0! | AN84: =VLOOKUP(C84,'[2]5月汇总'!$C:$AE,25,0) -> 400 | AO84: =AN84+J84 -> 1023.0777 | AP84: =AO84/I84 -> 0.42628236 | AQ84: =VLOOKUP(C84,[1]两年对比终版!$A:$W,6,0) -> 0 | AS84: =VLOOKUP(C84,'[2]5月汇总'!$C:$AE,26,0) -> 0 | AT84: =AS84+O84 -> 0 | AV84: =VLOOKUP(C84,[1]两年对比终版!$A:$N,14,0) -> 0 | AW84: =AT84-AV84 -> 0 | AY84: =VLOOKUP(C84,'[2]5月汇总'!$C:$AE,27,0) -> 350 | AZ84: =AY84+T84 -> 350 | BA84: =AZ84/S84 -> 0.35 | BB84: =VLOOKUP(C84,[1]两年对比终版!$A:$W,17,0) -> 0 | BC84: =AZ84-BB84 -> 350 | BE84: =VLOOKUP(C84,'[2]5月汇总'!$C:$AE,28,0) -> 0 | BF84: =BE84+Y84 -> 0 | BH84: =VLOOKUP(C84,[1]两年对比终版!$A:$W,20,0) -> 0 | BJ84: =VLOOKUP(C84,'[2]5月汇总'!$C:$AE,29,0) -> 350 | BK84: 400 | BM84: =VLOOKUP(C84,[1]两年对比终版!$A:$W,23,0) -> 0
A85: 72 | C85: 改造 | E85: 132 | G85: 0 | H85: 1 | I85: 1960 | J85: 700.31841 | K85: 0.35730531 | L85: 0 | M85: 1 | N85: 0 | Q85: 0 | R85: #DIV/0! | S85: 1000 | T85: 253.59091 | U85: 0.25359091 | V85: 0 | W85: 1 | X85: 0 | AA85: - | AB85: #VALUE! | AC85: 1000 | AD85: 42.833193 | AE85: 0.042833193 | AF85: 82.46 | AG85: =(AD85-AF85)/AF85 -> -0.48055793 | AH85: =VLOOKUP(C85,'[2]5月汇总'!$C:$AE,24,0) -> 0 | AI85: =AH85+E85 -> 132 | AK85: =VLOOKUP(C85,[1]两年对比终版!$A:$W,3,0) -> 0 | AM85: =(AI85-AK85)/AK85 -> #DIV/0! | AN85: =VLOOKUP(C85,'[2]5月汇总'!$C:$AE,25,0) -> 600 | AO85: =AN85+J85 -> 1300.3184 | AP85: =AO85/I85 -> 0.66342776 | AQ85: 271.1718 | AR85: =(AO85-AQ85)/AQ85 -> 3.795183 | AS85: =VLOOKUP(C85,'[2]5月汇总'!$C:$AE,26,0) -> 0 | AT85: =AS85+O85 -> 0 | AV85: =VLOOKUP(C85,[1]两年对比终版!$A:$N,14,0) -> 0 | AW85: =AT85-AV85 -> 0 | AY85: =VLOOKUP(C85,'[2]5月汇总'!$C:$AE,27,0) -> 243 | AZ85: =AY85+T85 -> 496.59091 | BA85: =AZ85/S85 -> 0.49659091 | BB85: 271.1718 | BC85: =AZ85-BB85 -> 225.41911 | BD85: =(AZ85-BB85)/BB85 -> 0.83127784 | BE85: =VLOOKUP(C85,'[2]5月汇总'!$C:$AE,28,0) -> 0 | BF85: =BE85+Y85 -> 0 | BH85: =VLOOKUP(C85,[1]两年对比终版!$A:$W,20,0) -> - | BI85: =(BF85-BH85)/BH85 -> #VALUE! | BJ85: =VLOOKUP(C85,'[2]5月汇总'!$C:$AE,29,0) -> 168.95 | BM85: 152.15352 | BN85: =(BK85-BM85)/BM85 -> -1
A86: 商贸配件合计 | D86: 0 | E86: 0 | F86: 0 | G86: 0 | H86: #DIV/0! | I86: 12002 | J86: 3386.2555 | K86: 0.28214093 | L86: 876.64556 | M86: 0.74111653 | N86: 0 | O86: 0 | P86: 0 | Q86: 0 | R86: #DIV/0! | S86: 5200 | T86: 826.49724 | U86: 0.15894178 | V86: 696.32846 | W86: 0.15749452 | X86: 0 | Y86: 0 | Z86: 0 | AA86: 0 | AB86: #DIV/0! | AC86: 5200 | AD86: 575.55432 | AE86: 0.11068352 | AF86: =SUM(AF80:AF85) -> 778.78846 | AG86: =(AD86-AF86)/AF86 -> -0.26096193 | AH86: =SUM(AH80:AH85) -> 0 | AI86: =AH86+E86 -> 0 | AJ86: =AI86+F86 -> 0 | AK86: =SUM(AK80:AK85) -> 0 | AM86: =(AI86-AK86)/AK86 -> #DIV/0! | AN86: =SUM(AN80:AN85) -> 1837 | AO86: =AN86+J86 -> 5223.2555 | AP86: =AO86/I86 -> 0.43519876 | AQ86: =SUM(AQ80:AQ85) -> 4017.0904 | AR86: =(AO86-AQ86)/AQ86 -> 0.30025838 | AS86: =SUM(AS80:AS85) -> 0 | AT86: =AS86+O86 -> 0 | AU86: =AT86+P86 -> 0 | AV86: =SUM(AV80:AV85) -> 0 | AW86: =AT86-AV86 -> 0 | AX86: =(AT86-AV86)/AV86 -> #DIV/0! | AY86: =SUM(AY80:AY85) -> 958 | AZ86: =AY86+T86 -> 1784.4972 | BA86: =AZ86/S86 -> 0.34317255 | BB86: =SUM(BB80:BB85) -> 1492.4457 | BC86: =AZ86-BB86 -> 292.0515 | BD86: =(AZ86-BB86)/BB86 -> 0.19568651 | BE86: =SUM(BE80:BE85) -> 0 | BF86: =BE86+Y86 -> 0 | BG86: =BF86+Z86 -> 0 | BH86: =SUM(BH80:BH85) -> 0 | BI86: =(BF86-BH86)/BH86 -> #DIV/0! | BJ86: =SUM(BJ80:BJ85) -> 714.13592 | BK86: =BJ86+AD86 -> 1289.6902 | BL86: =BK86/AC86 -> 0.24801735 | BM86: =SUM(BM80:BM85) -> 1393.4275 | BN86: =(BK86-BM86)/BM86 -> -0.074447519
A87: 全国贸合计 | D87: 15930 | E87: 3956 | F87: 0.24833647 | G87: 5253 | H87: -0.32785642 | I87: 245000.02 | J87: 58074.291 | K87: 0.23703791 | L87: 78628.325 | M87: -0.35392654 | N87: 6500.3197 | O87: 1465 | P87: 0.22537353 | Q87: 1758 | R87: -0.2 | S87: 100000.41 | T87: =T15+T25+T37+T49+T58+T68+T75+T79+T86 -> 23683.198 | U87: 0.22856606 | V87: 29964.344 | W87: -0.31096543 | X87: 6500.3197 | Y87: 1118 | Z87: 0.17199154 | AA87: 1095 | AB87: 0.020572451 | AC87: 100000.41 | AD87: =AD15+AD25+AD37+AD49+AD58+AD68+AD75+AD79+AD86 -> 20057.749 | AE87: 0.19482114 | AF87: 17038.829 | AG87: =(AD87-AF87)/AF87 -> 0.17717879 | AH87: =AH15+AH25+AH37+AH49+AH58+AH68+AH75+AH79+AH86 -> 3117 | AI87: =AH87+E87 -> 7073 | AJ87: =AI87/D87 -> 0.44400502 | AK87: =AK15+AK25+AK37+AK49+AK58+AK68+AK75+AK79+AK86 -> 7711 | AM87: =(AI87-AK87)/AK87 -> -0.082738944 | AN87: =AN15+AN25+AN37+AN49+AN58+AN68+AN75+AN79+AN86 -> 39064.26 | AO87: =AN87+J87 -> 97138.551 | AP87: =AO87/I87 -> 0.39648385 | AQ87: =AQ15+AQ25+AQ37+AQ49+AQ58+AQ68+AQ75+AQ79+AQ86 -> 111140.23 | AR87: =(AO87-AQ87)/AQ87 -> -0.1259821 | AS87: =AS15+AS25+AS37+AS49+AS58+AS68+AS75+AS79 -> 1574 | AT87: =AS87+O87 -> 3039 | AU87: =AT87/N87 -> 0.46751547 | AV87: =AV15+AV25+AV37+AV49+AV58+AV68+AV75+AV79+AV86 -> 2414 | AW87: =AT87-AV87 -> 625 | AX87: =(AT87-AV87)/AV87 -> 0.25890638 | AY87: =AY15+AY25+AY37+AY49+AY58+AY68+AY75+AY79+AY86 -> 17236.31 | AZ87: =AY87+T87 -> 40919.508 | BA87: =AZ87/S87 -> 0.40919339 | BB87: =BB15+BB25+BB37+BB49+BB58+BB68+BB75+BB79+BB86 -> 37342.902 | BC87: =AZ87-BB87 -> 3576.6066 | BD87: =(AZ87-BB87)/BB87 -> 0.095777415 | BE87: =BE15+BE25+BE37+BE49+BE58+BE68+BE75+BE79 -> 1294 | BF87: =BE87+Y87 -> 2412 | BG87: =BF87/X87 -> 0.37105867 | BH87: =BH15+BH25+BH37+BH49+BH58+BH68+BH75+BH79+BH86 -> 1669 | BI87: =(BF87-BH87)/BH87 -> 0.44517675 | BJ87: =BJ15+BJ25+BJ37+BJ49+BJ58+BJ68+BJ75+BJ79+BJ86 -> 17508.07 | BK87: =BK86+BK79+BK75+BK68+BK58+BK49+BK37+BK25+BK15 -> 37565.819 | BL87: =BK87/AC87 -> 0.37565664 | BM87: =BM15+BM25+BM37+BM49+BM58+BM68+BM75+BM79+BM86 -> 28113.403 | BN87: =(BK87-BM87)/BM87 -> 0.33622452

Sheet 上半年单月明细
A1: 2026年国际市场运营系统上半年预计签排发数量
A2: 报表日期： | C2: 2026-04-28
A3: 序号 | B3: 模块类型 | C3: 模块 | D3: 1-4月新签梯量 | I3: 1-4月新签金额 | N3: 1-4月排产台 | S3: 1-4月排产额 | X3: 1-4月发货台 | AC3: 1-4月发货额 | AH3: 预计5月签单 | AR3: 预计5月排产 | BB3: 预计5月发货
D4: 指标 | E4: 完成 | F4: 完成比 | G4: 去年同期 | H4: 增长比 | I4: 指标 | J4: 完成 | K4: 完成比 | L4: 去年同期 | M4: 增长比 | N4: 指标 | O4: 完成 | P4: 完成比 | Q4: 去年同期 | R4: 增长比 | S4: 指标 | T4: 完成 | U4: 完成比 | V4: 去年同期 | W4: 增长比 | X4: 指标 | Y4: 完成 | Z4: 完成比 | AA4: 去年同期 | AB4: 增长比 | AC4: 指标 | AD4: 完成 | AE4: 完成比 | AF4: 去年同期 | AG4: 增长比 | AH4: 5月台数 | AI4: 1-5月台数合计 | AJ4: 完成比 | AK4: 去年同期 | AL4: 增长比 | AM4: 5月合同额 | AN4: 1-5月合同额合计 | AO4: 完成比 | AP4: 去年同期 | AQ4: 增长比 | AR4: 5月台数 | AS4: 1-5月台数合计 | AT4: 完成比 | AU4: 去年同期 | AV4: 增长比 | AW4: 5月合同额 | AX4: 1-5月排产额合计 | AY4: 完成比 | AZ4: 去年同期 | BA4: 增长比 | BB4: 5月台数 | BC4: 1-5月台数合计 | BD4: 完成比 | BE4: 去年同期 | BF4: 增长比 | BG4: 5月合同额 | BH4: 1-5月合同额合计 | BI4: 完成比 | BJ4: 去年同期 | BK4: 增长比
A5: 1 | B5: A | C5: 俄罗斯（中部） | D5: 1683 | E5: 429 | F5: 0.25490196 | G5: 448 | H5: =(E5-G5)/E5 -> -0.044289044 | I5: 35680 | J5: 8320.51 | K5: 0.23319815 | L5: 8425.6546 | M5: =(J5-L5)/J5 -> -0.012636798 | N5: 750 | O5: 291 | P5: 0.388 | Q5: 189 | R5: =(O5-Q5)/O5 -> 0.35051546 | S5: 14500 | T5: 5446.15 | U5: 0.37559655 | V5: 3547.1566 | W5: =(T5-V5)/T5 -> 0.34868548 | X5: 750 | Y5: 166 | Z5: 0.22133333 | AA5: 134 | AB5: =(Y5-AA5)/Y5 -> 0.19277108 | AC5: 14500 | AD5: 3443.34 | AE5: 0.23747172 | AF5: 2418.3666 | AG5: =(AD5-AF5)/AD5 -> 0.29766837 | AH5: 290 | AI5: =E5+AH5 -> 719 | AJ5: =AI5/D5 -> 0.42721331 | AK5: =VLOOKUP(C5,[1]两年对比终版!$A:$C,3,0) -> 714 | AL5: =(AI5-AK5)/AI5 -> 0.0069541029 | AM5: 5230 | AN5: =AM5+J5 -> 13550.51 | AO5: =AN5/I5 -> 0.37977887 | AP5: =VLOOKUP(C5,[1]两年对比终版!$A:$F,6,0) -> 12648.627 | AQ5: =(AN5-AP5)/AN5 -> 0.066557099 | AR5: 58 | AS5: =AR5+O5 -> 349 | AT5: =AS5/N5 -> 0.46533333 | AU5: =VLOOKUP(C5,[1]两年对比终版!$A:$W,14,0) -> 371 | AV5: =(AS5-AU5)/AS5 -> -0.063037249 | AW5: 1140 | AX5: =AW5+T5 -> 6586.15 | AY5: =AX5/S5 -> 0.45421724 | AZ5: =VLOOKUP(C5,[1]两年对比终版!$A:$W,17,0) -> 6707.2804 | BA5: =(AX5-AZ5)/AX5 -> -0.01839168 | BB5: 114 | BC5: =BB5+Y5 -> 280 | BD5: =BC5/X5 -> 0.37333333 | BE5: =VLOOKUP(C5,[1]两年对比终版!$A:$W,20,0) -> 223 | BF5: =(BC5-BE5)/BC5 -> 0.20357143 | BG5: 2627 | BH5: =BG5+AD5 -> 6070.34 | BI5: =BH5/AC5 -> 0.41864414 | BJ5: =VLOOKUP(C5,[1]两年对比终版!$A:$W,23,0) -> 4120.0566 | BK5: =(BH5-BJ5)/BH5 -> 0.32128075
A6: 2 | B6: A | C6: 俄罗斯（西部） | D6: 1683 | E6: 289 | F6: 0.17171717 | G6: 280 | H6: =(E6-G6)/E6 -> 0.031141869 | I6: 35680 | J6: 7186.16 | K6: 0.20140583 | L6: 5541.0212 | M6: =(J6-L6)/J6 -> 0.22893156 | N6: 750 | O6: 179 | P6: 0.23866667 | Q6: 117 | R6: =(O6-Q6)/O6 -> 0.34636872 | S6: 14500 | T6: 2931.35 | U6: 0.20216207 | V6: 2772.4712 | W6: =(T6-V6)/T6 -> 0.054199874 | X6: 750 | Y6: 175 | Z6: 0.23333333 | AA6: 32 | AB6: =(Y6-AA6)/Y6 -> 0.81714286 | AC6: 14500 | AD6: 3358.53 | AE6: 0.23162276 | AF6: 871.6712 | AG6: =(AD6-AF6)/AD6 -> 0.7404605 | AI6: =E6+AH6 -> 289 | AJ6: =AI6/D6 -> 0.17171717 | AK6: =VLOOKUP(C6,[1]两年对比终版!$A:$C,3,0) -> 500 | AL6: =(AI6-AK6)/AI6 -> -0.73010381 | AN6: =AM6+J6 -> 7186.16 | AO6: =AN6/I6 -> 0.20140583 | AP6: =VLOOKUP(C6,[1]两年对比终版!$A:$F,6,0) -> 9367.9865 | AQ6: =(AN6-AP6)/AN6 -> -0.30361508 | AS6: =AR6+O6 -> 179 | AT6: =AS6/N6 -> 0.23866667 | AU6: =VLOOKUP(C6,[1]两年对比终版!$A:$W,14,0) -> 207 | AV6: =(AS6-AU6)/AS6 -> -0.15642458 | AX6: =AW6+T6 -> 2931.35 | AY6: =AX6/S6 -> 0.20216207 | AZ6: =VLOOKUP(C6,[1]两年对比终版!$A:$W,17,0) -> 4230.2512 | BA6: =(AX6-AZ6)/AX6 -> -0.44310683 | BC6: =BB6+Y6 -> 175 | BD6: =BC6/X6 -> 0.23333333 | BE6: =VLOOKUP(C6,[1]两年对比终版!$A:$W,20,0) -> 121 | BF6: =(BC6-BE6)/BC6 -> 0.30857143 | BH6: =BG6+AD6 -> 3358.53 | BI6: =BH6/AC6 -> 0.23162276 | BJ6: =VLOOKUP(C6,[1]两年对比终版!$A:$W,23,0) -> 2814.2512 | BK6: =(BH6-BJ6)/BH6 -> 0.16205864
A7: 3 | B7: A | C7: 俄罗斯（东部） | D7: 400 | E7: 193 | F7: 0.4825 | G7: 207 | H7: =(E7-G7)/E7 -> -0.07253886 | I7: 6544 | J7: 3691.48 | K7: 0.56410147 | L7: 3066.3678 | M7: =(J7-L7)/J7 -> 0.16933918 | N7: 160 | O7: 75 | P7: 0.46875 | Q7: 92 | R7: =(O7-Q7)/O7 -> -0.22666667 | S7: 2657 | T7: 978.14 | U7: 0.368137 | V7: 1337.86 | W7: =(T7-V7)/T7 -> -0.36775922 | X7: 160 | Y7: 49 | Z7: 0.30625 | AA7: 69 | AB7: =(Y7-AA7)/Y7 -> -0.40816327 | AC7: 2657 | AD7: 637.85 | AE7: 0.24006398 | AF7: 997.73 | AG7: =(AD7-AF7)/AD7 -> -0.56420789 | AH7: 24 | AI7: =E7+AH7 -> 217 | AJ7: =AI7/D7 -> 0.5425 | AK7: =VLOOKUP(C7,[1]两年对比终版!$A:$C,3,0) -> 446 | AL7: =(AI7-AK7)/AI7 -> -1.0552995 | AM7: 341.03 | AN7: =AM7+J7 -> 4032.51 | AO7: =AN7/I7 -> 0.61621485 | AP7: =VLOOKUP(C7,[1]两年对比终版!$A:$F,6,0) -> 6485.9783 | AQ7: =(AN7-AP7)/AN7 -> -0.60842212 | AR7: 24 | AS7: =AR7+O7 -> 99 | AT7: =AS7/N7 -> 0.61875 | AU7: =VLOOKUP(C7,[1]两年对比终版!$A:$W,14,0) -> 126 | AV7: =(AS7-AU7)/AS7 -> -0.27272727 | AW7: 341.03 | AX7: =AW7+T7 -> 1319.17 | AY7: =AX7/S7 -> 0.49648852 | AZ7: =VLOOKUP(C7,[1]两年对比终版!$A:$W,17,0) -> 1887.3783 | BA7: =(AX7-AZ7)/AX7 -> -0.43073167 | BB7: 27 | BC7: =BB7+Y7 -> 76 | BD7: =BC7/X7 -> 0.475 | BE7: =VLOOKUP(C7,[1]两年对比终版!$A:$W,20,0) -> 125 | BF7: =(BC7-BE7)/BC7 -> -0.64473684 | BG7: 365.32 | BH7: =BG7+AD7 -> 1003.17 | BI7: =BH7/AC7 -> 0.3775574 | BJ7: =VLOOKUP(C7,[1]两年对比终版!$A:$W,23,0) -> 1964.9378 | BK7: =(BH7-BJ7)/BH7 -> -0.95872863
A8: 4 | B8: A | C8: 罗斯托夫 | D8: 270 | E8: 39 | F8: 0.14444444 | G8: 0 | H8: =(E8-G8)/E8 -> 1 | I8: 4428 | J8: 867.42 | K8: 0.19589431 | L8: 0 | M8: =(J8-L8)/J8 -> 1 | N8: 120 | O8: 10 | P8: 0.083333333 | Q8: 0 | R8: =(O8-Q8)/O8 -> 1 | S8: 1800 | T8: 102.4 | U8: 0.056888889 | V8: 0 | W8: =(T8-V8)/T8 -> 1 | X8: 120 | Y8: 10 | Z8: 0.083333333 | AA8: 0 | AB8: =(Y8-AA8)/Y8 -> 1 | AC8: 1800 | AD8: 102.4 | AE8: 0.056888889 | AF8: 0 | AG8: =(AD8-AF8)/AD8 -> 1 | AH8: 10 | AI8: =E8+AH8 -> 49 | AJ8: =AI8/D8 -> 0.18148148 | AK8: =VLOOKUP(C8,[1]两年对比终版!$A:$C,3,0) -> 0 | AL8: =(AI8-AK8)/AI8 -> 1 | AM8: 142 | AN8: =AM8+J8 -> 1009.42 | AO8: =AN8/I8 -> 0.22796296 | AP8: =VLOOKUP(C8,[1]两年对比终版!$A:$F,6,0) -> 0 | AQ8: =(AN8-AP8)/AN8 -> 1 | AR8: 10 | AS8: =AR8+O8 -> 20 | AT8: =AS8/N8 -> 0.16666667 | AU8: =VLOOKUP(C8,[1]两年对比终版!$A:$W,14,0) -> 0 | AV8: =(AS8-AU8)/AS8 -> 1 | AW8: 142 | AX8: =AW8+T8 -> 244.4 | AY8: =AX8/S8 -> 0.13577778 | AZ8: =VLOOKUP(C8,[1]两年对比终版!$A:$W,17,0) -> 0 | BA8: =(AX8-AZ8)/AX8 -> 1 | BB8: 0 | BC8: =BB8+Y8 -> 10 | BD8: =BC8/X8 -> 0.083333333 | BE8: =VLOOKUP(C8,[1]两年对比终版!$A:$W,20,0) -> 0 | BF8: =(BC8-BE8)/BC8 -> 1 | BG8: 0 | BH8: =BG8+AD8 -> 102.4 | BI8: =BH8/AC8 -> 0.056888889 | BJ8: =VLOOKUP(C8,[1]两年对比终版!$A:$W,23,0) -> 0 | BK8: =(BH8-BJ8)/BH8 -> 1
A9: 5 | B9: A | C9: 哈巴 | D9: 270 | E9: 89 | F9: 0.32962963 | G9: 0 | H9: =(E9-G9)/E9 -> 1 | I9: 4428 | J9: 946.586 | K9: 0.21377281 | L9: 0 | M9: =(J9-L9)/J9 -> 1 | N9: 120 | O9: 43 | P9: 0.35833333 | Q9: 0 | R9: =(O9-Q9)/O9 -> 1 | S9: 1800 | T9: 456.926 | U9: 0.25384778 | V9: 0 | W9: =(T9-V9)/T9 -> 1 | X9: 120 | Y9: 18 | Z9: 0.15 | AA9: 0 | AB9: =(Y9-AA9)/Y9 -> 1 | AC9: 1800 | AD9: 183.536 | AE9: 0.10196444 | AF9: 0 | AG9: =(AD9-AF9)/AD9 -> 1 | AH9: 50 | AI9: =E9+AH9 -> 139 | AJ9: =AI9/D9 -> 0.51481481 | AK9: =VLOOKUP(C9,[1]两年对比终版!$A:$C,3,0) -> 0 | AL9: =(AI9-AK9)/AI9 -> 1 | AM9: 660 | AN9: =AM9+J9 -> 1606.586 | AO9: =AN9/I9 -> 0.3628243 | AP9: =VLOOKUP(C9,[1]两年对比终版!$A:$F,6,0) -> 0 | AQ9: =(AN9-AP9)/AN9 -> 1 | AR9: 24 | AS9: =AR9+O9 -> 67 | AT9: =AS9/N9 -> 0.55833333 | AU9: =VLOOKUP(C9,[1]两年对比终版!$A:$W,14,0) -> 0 | AV9: =(AS9-AU9)/AS9 -> 1 | AW9: 227 | AX9: =AW9+T9 -> 683.926 | AY9: =AX9/S9 -> 0.37995889 | AZ9: =VLOOKUP(C9,[1]两年对比终版!$A:$W,17,0) -> 0 | BA9: =(AX9-AZ9)/AX9 -> 1 | BB9: 25 | BC9: =BB9+Y9 -> 43 | BD9: =BC9/X9 -> 0.35833333 | BE9: =VLOOKUP(C9,[1]两年对比终版!$A:$W,20,0) -> 0 | BF9: =(BC9-BE9)/BC9 -> 1 | BG9: 270 | BH9: =BG9+AD9 -> 453.536 | BI9: =BH9/AC9 -> 0.25196444 | BJ9: =VLOOKUP(C9,[1]两年对比终版!$A:$W,23,0) -> 0 | BK9: =(BH9-BJ9)/BH9 -> 1
A10: 6 | B10: B | C10: 俄罗斯（中南） | D10: 245 | E10: 15 | F10: 0.06122449 | G10: 69 | H10: =(E10-G10)/E10 -> -3.6 | I10: 4200 | J10: 145.87 | K10: 0.034730952 | L10: 885.396 | M10: =(J10-L10)/J10 -> -5.0697607 | N10: 100 | O10: 8 | P10: 0.08 | Q10: 28 | R10: =(O10-Q10)/O10 -> -2.5 | S10: 1778 | T10: 78.11 | U10: 0.043931384 | V10: 469.932 | W10: =(T10-V10)/T10 -> -5.0162847 | X10: 100 | Y10: 9 | Z10: 0.09 | AA10: 28 | AB10: =(Y10-AA10)/Y10 -> -2.1111111 | AC10: 1778 | AD10: 117.69 | AE10: 0.066192351 | AF10: 370.266 | AG10: =(AD10-AF10)/AD10 -> -2.1461127 | AH10: 36 | AI10: =E10+AH10 -> 51 | AJ10: =AI10/D10 -> 0.20816327 | AK10: =VLOOKUP(C10,[1]两年对比终版!$A:$C,3,0) -> 79 | AL10: =(AI10-AK10)/AI10 -> -0.54901961 | AM10: 477 | AN10: =AM10+J10 -> 622.87 | AO10: =AN10/I10 -> 0.14830238 | AP10: =VLOOKUP(C10,[1]两年对比终版!$A:$F,6,0) -> 1044.926 | AQ10: =(AN10-AP10)/AN10 -> -0.67759886 | AR10: 25 | AS10: =AR10+O10 -> 33 | AT10: =AS10/N10 -> 0.33 | AU10: =VLOOKUP(C10,[1]两年对比终版!$A:$W,14,0) -> 30 | AV10: =(AS10-AU10)/AS10 -> 0.090909091 | AW10: 302 | AX10: =AW10+T10 -> 380.11 | AY10: =AX10/S10 -> 0.21378515 | AZ10: =VLOOKUP(C10,[1]两年对比终版!$A:$W,17,0) -> 487.232 | BA10: =(AX10-AZ10)/AX10 -> -0.28181842 | BB10: 3 | BC10: =BB10+Y10 -> 12 | BD10: =BC10/X10 -> 0.12 | BE10: =VLOOKUP(C10,[1]两年对比终版!$A:$W,20,0) -> 36 | BF10: =(BC10-BE10)/BC10 -> -2 | BG10: 31.17 | BH10: =BG10+AD10 -> 148.86 | BI10: =BH10/AC10 -> 0.083723285 | BJ10: =VLOOKUP(C10,[1]两年对比终版!$A:$W,23,0) -> 515.132 | BK10: =(BH10-BJ10)/BH10 -> -2.4605132
A11: 7 | B11: B | C11: 俄罗斯（西南） | D11: 489 | E11: 54 | F11: 0.11042945 | G11: 324 | H11: =(E11-G11)/E11 -> -5 | I11: 7525.12 | J11: 1317.06 | K11: 0.17502179 | L11: 5818.925 | M11: =(J11-L11)/J11 -> -3.4181169 | N11: 210 | O11: 26 | P11: 0.12380952 | Q11: 133 | R11: =(O11-Q11)/O11 -> -4.1153846 | S11: 2972 | T11: 294.803 | U11: 0.099193472 | V11: 2251.3625 | W11: =(T11-V11)/T11 -> -6.6368371 | X11: 210 | Y11: 24 | Z11: 0.11428571 | AA11: 28 | AB11: =(Y11-AA11)/Y11 -> -0.16666667 | AC11: 2972 | AD11: 276.233 | AE11: 0.092945155 | AF11: 709.3345 | AG11: =(AD11-AF11)/AD11 -> -1.5678847 | AH11: 40 | AI11: =E11+AH11 -> 94 | AJ11: =AI11/D11 -> 0.19222904 | AK11: =VLOOKUP(C11,[1]两年对比终版!$A:$C,3,0) -> 415 | AL11: =(AI11-AK11)/AI11 -> -3.4148936 | AM11: 600 | AN11: =AM11+J11 -> 1917.06 | AO11: =AN11/I11 -> 0.25475474 | AP11: =VLOOKUP(C11,[1]两年对比终版!$A:$F,6,0) -> 7818.733 | AQ11: =(AN11-AP11)/AN11 -> -3.078502 | AR11: 7 | AS11: =AR11+O11 -> 33 | AT11: =AS11/N11 -> 0.15714286 | AU11: =VLOOKUP(C11,[1]两年对比终版!$A:$W,14,0) -> 156 | AV11: =(AS11-AU11)/AS11 -> -3.7272727 | AW11: 150 | AX11: =AW11+T11 -> 444.803 | AY11: =AX11/S11 -> 0.14966454 | AZ11: =VLOOKUP(C11,[1]两年对比终版!$A:$W,17,0) -> 2594.4505 | BA11: =(AX11-AZ11)/AX11 -> -4.832808 | BB11: 4 | BC11: =BB11+Y11 -> 28 | BD11: =BC11/X11 -> 0.13333333 | BE11: =VLOOKUP(C11,[1]两年对比终版!$A:$W,20,0) -> 108 | BF11: =(BC11-BE11)/BC11 -> -2.8571429 | BG11: 60 | BH11: =BG11+AD11 -> 336.233 | BI11: =BH11/AC11 -> 0.11313358 | BJ11: =VLOOKUP(C11,[1]两年对比终版!$A:$W,23,0) -> 1970.7395 | BK11: =(BH11-BJ11)/BH11 -> -4.8612316
A12: 8 | B12: C | C12: 莫斯科 | D12: 72 | E12: 2 | F12: 0.027777778 | G12: 0 | H12: =(E12-G12)/E12 -> 1 | I12: 1085 | J12: 22.84 | K12: 0.021050691 | L12: 0 | M12: =(J12-L12)/J12 -> 1 | N12: 30 | O12: 2 | P12: 0.066666667 | Q12: 0 | R12: =(O12-Q12)/O12 -> 1 | S12: 450 | T12: 22.84 | U12: 0.050755556 | V12: 0 | W12: =(T12-V12)/T12 -> 1 | X12: 30 | Y12: 2 | Z12: 0.066666667 | AA12: 0 | AB12: =(Y12-AA12)/Y12 -> 1 | AC12: 450 | AD12: 22.84 | AE12: 0.050755556 | AF12: 0 | AG12: =(AD12-AF12)/AD12 -> 1 | AH12: =VLOOKUP(C12,'[2]5月汇总'!$C:$I,2,0) -> 10 | AI12: =E12+AH12 -> 12 | AJ12: =AI12/D12 -> 0.16666667 | AK12: =VLOOKUP(C12,[1]两年对比终版!$A:$C,3,0) -> 0 | AL12: =(AI12-AK12)/AI12 -> 1 | AM12: =VLOOKUP(C12,'[2]5月汇总'!$C:$I,3,0) -> 80 | AN12: =AM12+J12 -> 102.84 | AO12: =AN12/I12 -> 0.09478341 | AP12: =VLOOKUP(C12,[1]两年对比终版!$A:$F,6,0) -> 0 | AQ12: =(AN12-AP12)/AN12 -> 1 | AR12: =VLOOKUP(C12,'[2]5月汇总'!$C:$I,4,0) -> 10 | AS12: =AR12+O12 -> 12 | AT12: =AS12/N12 -> 0.4 | AU12: =VLOOKUP(C12,[1]两年对比终版!$A:$W,14,0) -> 0 | AV12: =(AS12-AU12)/AS12 -> 1 | AW12: =VLOOKUP(C12,'[2]5月汇总'!$C:$I,5,0) -> 80 | AX12: =AW12+T12 -> 102.84 | AY12: =AX12/S12 -> 0.22853333 | AZ12: =VLOOKUP(C12,[1]两年对比终版!$A:$W,17,0) -> 0 | BA12: =(AX12-AZ12)/AX12 -> 1 | BB12: =VLOOKUP(C12,'[2]5月汇总'!$C:$I,6,0) -> 0 | BC12: =BB12+Y12 -> 2 | BD12: =BC12/X12 -> 0.066666667 | BE12: =VLOOKUP(C12,[1]两年对比终版!$A:$W,20,0) -> 0 | BF12: =(BC12-BE12)/BC12 -> 1 | BG12: =VLOOKUP(C12,'[2]5月汇总'!$C:$I,7,0) -> 0 | BH12: =BG12+AD12 -> 22.84 | BI12: =BH12/AC12 -> 0.050755556 | BJ12: =VLOOKUP(C12,[1]两年对比终版!$A:$W,23,0) -> 0 | BK12: =(BH12-BJ12)/BH12 -> 1
A13: 9 | B13: C | C13: 叶卡 | D13: 72 | E13: 0 | F13: 0 | G13: 0 | H13: =(E13-G13)/E13 -> #DIV/0! | I13: 1085 | J13: 0 | K13: 0 | L13: 0 | M13: =(J13-L13)/J13 -> #DIV/0! | N13: 30 | O13: 0 | P13: 0 | Q13: 0 | R13: =(O13-Q13)/O13 -> #DIV/0! | S13: 450 | T13: 0 | U13: 0 | V13: 0 | W13: =(T13-V13)/T13 -> #DIV/0! | X13: 30 | Y13: 0 | Z13: 0 | AA13: 0 | AB13: =(Y13-AA13)/Y13 -> #DIV/0! | AC13: 450 | AD13: 0 | AE13: 0 | AF13: 0 | AG13: =(AD13-AF13)/AD13 -> #DIV/0! | AH13: =VLOOKUP(C13,'[2]5月汇总'!$C:$I,2,0) -> 0 | AI13: =E13+AH13 -> 0 | AJ13: =AI13/D13 -> 0 | AK13: =VLOOKUP(C13,[1]两年对比终版!$A:$C,3,0) -> 0 | AL13: =(AI13-AK13)/AI13 -> #DIV/0! | AM13: =VLOOKUP(C13,'[2]5月汇总'!$C:$I,3,0) -> 0 | AN13: =AM13+J13 -> 0 | AO13: =AN13/I13 -> 0 | AP13: =VLOOKUP(C13,[1]两年对比终版!$A:$F,6,0) -> 0 | AQ13: =(AN13-AP13)/AN13 -> #DIV/0! | AR13: =VLOOKUP(C13,'[2]5月汇总'!$C:$I,4,0) -> 0 | AS13: =AR13+O13 -> 0 | AT13: =AS13/N13 -> 0 | AU13: =VLOOKUP(C13,[1]两年对比终版!$A:$W,14,0) -> 0 | AV13: =(AS13-AU13)/AS13 -> #DIV/0! | AW13: =VLOOKUP(C13,'[2]5月汇总'!$C:$I,5,0) -> 0 | AX13: =AW13+T13 -> 0 | AY13: =AX13/S13 -> 0 | AZ13: =VLOOKUP(C13,[1]两年对比终版!$A:$W,17,0) -> 0 | BA13: =(AX13-AZ13)/AX13 -> #DIV/0! | BB13: =VLOOKUP(C13,'[2]5月汇总'!$C:$I,6,0) -> 0 | BC13: =BB13+Y13 -> 0 | BD13: =BC13/X13 -> 0 | BE13: =VLOOKUP(C13,[1]两年对比终版!$A:$W,20,0) -> 0 | BF13: =(BC13-BE13)/BC13 -> #DIV/0! | BG13: =VLOOKUP(C13,'[2]5月汇总'!$C:$I,7,0) -> 0 | BH13: =BG13+AD13 -> 0 | BI13: =BH13/AC13 -> 0 | BJ13: =VLOOKUP(C13,[1]两年对比终版!$A:$W,23,0) -> 0 | BK13: =(BH13-BJ13)/BH13 -> #DIV/0!
A14: 10 | B14: C | C14: 新西 | D14: 72 | E14: 0 | F14: 0 | G14: 0 | H14: =(E14-G14)/E14 -> #DIV/0! | I14: 1085 | J14: 0 | K14: 0 | L14: 0 | M14: =(J14-L14)/J14 -> #DIV/0! | N14: 30 | O14: 0 | P14: 0 | Q14: 0 | R14: =(O14-Q14)/O14 -> #DIV/0! | S14: 450 | T14: 0 | U14: 0 | V14: 0 | W14: =(T14-V14)/T14 -> #DIV/0! | X14: 30 | Y14: 0 | Z14: 0 | AA14: 0 | AB14: =(Y14-AA14)/Y14 -> #DIV/0! | AC14: 450 | AD14: 0 | AE14: 0 | AF14: 0 | AG14: =(AD14-AF14)/AD14 -> #DIV/0! | AH14: =VLOOKUP(C14,'[2]5月汇总'!$C:$I,2,0) -> 0 | AI14: =E14+AH14 -> 0 | AJ14: =AI14/D14 -> 0 | AK14: =VLOOKUP(C14,[1]两年对比终版!$A:$C,3,0) -> 0 | AL14: =(AI14-AK14)/AI14 -> #DIV/0! | AM14: =VLOOKUP(C14,'[2]5月汇总'!$C:$I,3,0) -> 0 | AN14: =AM14+J14 -> 0 | AO14: =AN14/I14 -> 0 | AP14: =VLOOKUP(C14,[1]两年对比终版!$A:$F,6,0) -> 0 | AQ14: =(AN14-AP14)/AN14 -> #DIV/0! | AR14: =VLOOKUP(C14,'[2]5月汇总'!$C:$I,4,0) -> 0 | AS14: =AR14+O14 -> 0 | AT14: =AS14/N14 -> 0 | AU14: =VLOOKUP(C14,[1]两年对比终版!$A:$W,14,0) -> 0 | AV14: =(AS14-AU14)/AS14 -> #DIV/0! | AW14: =VLOOKUP(C14,'[2]5月汇总'!$C:$I,5,0) -> 0 | AX14: =AW14+T14 -> 0 | AY14: =AX14/S14 -> 0 | AZ14: =VLOOKUP(C14,[1]两年对比终版!$A:$W,17,0) -> 0 | BA14: =(AX14-AZ14)/AX14 -> #DIV/0! | BB14: =VLOOKUP(C14,'[2]5月汇总'!$C:$I,6,0) -> 0 | BC14: =BB14+Y14 -> 0 | BD14: =BC14/X14 -> 0 | BE14: =VLOOKUP(C14,[1]两年对比终版!$A:$W,20,0) -> 0 | BF14: =(BC14-BE14)/BC14 -> #DIV/0! | BG14: =VLOOKUP(C14,'[2]5月汇总'!$C:$I,7,0) -> 0 | BH14: =BG14+AD14 -> 0 | BI14: =BH14/AC14 -> 0 | BJ14: =VLOOKUP(C14,[1]两年对比终版!$A:$W,23,0) -> 0 | BK14: =(BH14-BJ14)/BH14 -> #DIV/0!
A15: 俄罗斯合计 | D15: 5256 | E15: 1110 | F15: 0.21118721 | G15: 1328 | H15: =(E15-G15)/E15 -> -0.1963964 | I15: 101740.12 | J15: 22497.926 | K15: 0.22113131 | L15: 23737.365 | M15: =(J15-L15)/J15 -> -0.055091238 | N15: 2300 | O15: 634 | P15: 0.27565217 | Q15: 559 | R15: =(O15-Q15)/O15 -> 0.11829653 | S15: 41357 | T15: 10310.719 | U15: 0.24931013 | V15: 10378.782 | W15: =(T15-V15)/T15 -> -0.0066012176 | X15: 2300 | Y15: 453 | Z15: 0.19695652 | AA15: 291 | AB15: =(Y15-AA15)/Y15 -> 0.35761589 | AC15: 41357 | AD15: 8142.419 | AE15: 0.19688128 | AF15: 5367.3683 | AG15: =(AD15-AF15)/AD15 -> 0.34081404 | AH15: =SUM(AH5:AH14) -> 460 | AI15: =AH15+E15 -> 1570 | AJ15: =AI15/D15 -> 0.29870624 | AK15: =SUM(AK5:AK14) -> 2154 | AL15: =(AI15-AK15)/AI15 -> -0.37197452 | AM15: =SUM(AM5:AM14) -> 7530.03 | AN15: =AM15+J15 -> 30027.956 | AO15: =AN15/I15 -> 0.29514371 | AP15: =SUM(AP5:AP14) -> 37366.251 | AQ15: =(AN15-AP15)/AN15 -> -0.24438211 | AR15: =SUM(AR5:AR14) -> 158 | AS15: =AR15+O15 -> 792 | AT15: =AS15/N15 -> 0.34434783 | AU15: =SUM(AU5:AU14) -> 890 | AV15: =(AS15-AU15)/AS15 -> -0.12373737 | AW15: =SUM(AW5:AW14) -> 2382.03 | AX15: =AW15+T15 -> 12692.749 | AY15: =AX15/S15 -> 0.30690691 | AZ15: =SUM(AZ5:AZ14) -> 15906.592 | BA15: =(AX15-AZ15)/AX15 -> -0.2532031 | BB15: =SUM(BB5:BB14) -> 173 | BC15: =BB15+Y15 -> 626 | BD15: =BC15/X15 -> 0.27217391 | BE15: =SUM(BE5:BE14) -> 613 | BF15: =(BC15-BE15)/BC15 -> 0.020766773 | BG15: =SUM(BG5:BG14) -> 3353.49 | BH15: =BG15+AD15 -> 11495.909 | BI15: =BH15/AC15 -> 0.27796767 | BJ15: =SUM(BJ5:BJ14) -> 11385.117 | BK15: =(BH15-BJ15)/BH15 -> 0.0096375067
A16: 11 | B16: D | C16: 朝鲜-韩国 | D16: 54 | E16: 34 | F16: 0.62962963 | G16: 15 | H16: =(E16-G16)/E16 -> 0.55882353 | I16: 540 | J16: 294.161 | K16: 0.54474259 | L16: 152.22 | M16: =(J16-L16)/J16 -> 0.48252828 | N16: 32 | O16: 4 | P16: 0.125 | Q16: 1 | R16: =(O16-Q16)/O16 -> 0.75 | S16: 264.163 | T16: 36.861 | U16: 0.13953885 | V16: 7.6 | W16: =(T16-V16)/T16 -> 0.79382003 | X16: 32 | Y16: 6 | Z16: 0.1875 | AA16: 1 | AB16: =(Y16-AA16)/Y16 -> 0.83333333 | AC16: 264.163 | AD16: 55.4871 | AE16: 0.21004872 | AF16: 7.6 | AG16: =(AD16-AF16)/AD16 -> 0.86303123 | AH16: =VLOOKUP(C16,'[2]5月汇总'!$C:$I,2,0) -> 8 | AI16: =E16+AH16 -> 42 | AJ16: =AI16/D16 -> 0.77777778 | AK16: =VLOOKUP(C16,[1]两年对比终版!$A:$C,3,0) -> 35 | AL16: =(AI16-AK16)/AI16 -> 0.16666667 | AM16: =VLOOKUP(C16,'[2]5月汇总'!$C:$I,3,0) -> 80 | AN16: =AM16+J16 -> 374.161 | AO16: =AN16/I16 -> 0.69289074 | AP16: =VLOOKUP(C16,[1]两年对比终版!$A:$F,6,0) -> 287.19 | AQ16: =(AN16-AP16)/AN16 -> 0.23244272 | AR16: =VLOOKUP(C16,'[2]5月汇总'!$C:$I,4,0) -> 4 | AS16: =AR16+O16 -> 8 | AT16: =AS16/N16 -> 0.25 | AU16: =VLOOKUP(C16,[1]两年对比终版!$A:$W,14,0) -> 1 | AV16: =(AS16-AU16)/AS16 -> 0.875 | AW16: =VLOOKUP(C16,'[2]5月汇总'!$C:$I,5,0) -> 40 | AX16: =AW16+T16 -> 76.861 | AY16: =AX16/S16 -> 0.29096051 | AZ16: =VLOOKUP(C16,[1]两年对比终版!$A:$W,17,0) -> 7.6 | BA16: =(AX16-AZ16)/AX16 -> 0.9011202 | BB16: =VLOOKUP(C16,'[2]5月汇总'!$C:$I,6,0) -> 5 | BC16: =BB16+Y16 -> 11 | BD16: =BC16/X16 -> 0.34375 | BE16: =VLOOKUP(C16,[1]两年对比终版!$A:$W,20,0) -> 1 | BF16: =(BC16-BE16)/BC16 -> 0.90909091 | BG16: =VLOOKUP(C16,'[2]5月汇总'!$C:$I,7,0) -> 38.42 | BH16: =BG16+AD16 -> 93.9071 | BI16: =BH16/AC16 -> 0.35548922 | BJ16: =VLOOKUP(C16,[1]两年对比终版!$A:$W,23,0) -> 7.6 | BK16: =(BH16-BJ16)/BH16 -> 0.91906895
A17: 12 | B17: A | C17: 新加坡市政会 | D17: 277 | E17: 67 | F17: 0.24187726 | G17: 111 | H17: =(E17-G17)/E17 -> -0.65671642 | I17: 6100 | J17: 1640.06 | K17: 0.2688623 | L17: 2182.0143 | M17: =(J17-L17)/J17 -> -0.33044787 | N17: 101 | O17: 4 | P17: 0.03960396 | Q17: 42 | R17: =(O17-Q17)/O17 -> -9.5 | S17: 2153 | T17: 74.2762 | U17: 0.034498932 | V17: 1068.6719 | W17: =(T17-V17)/T17 -> -13.38781 | X17: 101 | Y17: 21 | Z17: 0.20792079 | AA17: 21 | AB17: =(Y17-AA17)/Y17 -> 0 | AC17: 2153 | AD17: 398.035 | AE17: 0.18487459 | AF17: 522.63907 | AG17: =(AD17-AF17)/AD17 -> -0.31304803 | AH17: =VLOOKUP(C17,'[2]5月汇总'!$C:$I,2,0) -> 0 | AI17: =E17+AH17 -> 67 | AJ17: =AI17/D17 -> 0.24187726 | AK17: =VLOOKUP(C17,[1]两年对比终版!$A:$C,3,0) -> 196 | AL17: =(AI17-AK17)/AI17 -> -1.9253731 | AM17: =VLOOKUP(C17,'[2]5月汇总'!$C:$I,3,0) -> 0 | AN17: =AM17+J17 -> 1640.06 | AO17: =AN17/I17 -> 0.2688623 | AP17: =VLOOKUP(C17,[1]两年对比终版!$A:$F,6,0) -> 4135.4805 | AQ17: =(AN17-AP17)/AN17 -> -1.5215422 | AR17: =VLOOKUP(C17,'[2]5月汇总'!$C:$I,4,0) -> 0 | AS17: =AR17+O17 -> 4 | AT17: =AS17/N17 -> 0.03960396 | AU17: =VLOOKUP(C17,[1]两年对比终版!$A:$W,14,0) -> 77 | AV17: =(AS17-AU17)/AS17 -> -18.25 | AW17: =VLOOKUP(C17,'[2]5月汇总'!$C:$I,5,0) -> 0 | AX17: =AW17+T17 -> 74.2762 | AY17: =AX17/S17 -> 0.034498932 | AZ17: =VLOOKUP(C17,[1]两年对比终版!$A:$W,17,0) -> 1734.6186 | BA17: =(AX17-AZ17)/AX17 -> -22.353627 | BB17: =VLOOKUP(C17,'[2]5月汇总'!$C:$I,6,0) -> 7 | BC17: =BB17+Y17 -> 28 | BD17: =BC17/X17 -> 0.27722772 | BE17: =VLOOKUP(C17,[1]两年对比终版!$A:$W,20,0) -> 25 | BF17: =(BC17-BE17)/BC17 -> 0.10714286 | BG17: =VLOOKUP(C17,'[2]5月汇总'!$C:$I,7,0) -> 140 | BH17: =BG17+AD17 -> 538.035 | BI17: =BH17/AC17 -> 0.24990014 | BJ17: =VLOOKUP(C17,[1]两年对比终版!$A:$W,23,0) -> 619.60194 | BK17: =(BH17-BJ17)/BH17 -> -0.15160155
A18: 13 | B18: A | C18: 新加坡HDB | D18: 566 | E18: 189 | F18: 0.33392226 | G18: 87 | H18: =(E18-G18)/E18 -> 0.53968254 | I18: 20400 | J18: 4595.47 | K18: 0.22526814 | L18: 1832.6242 | M18: =(J18-L18)/J18 -> 0.60121071 | N18: 260 | O18: 121 | P18: 0.46538462 | Q18: 33 | R18: =(O18-Q18)/O18 -> 0.72727273 | S18: 8500 | T18: 5373.9 | U18: 0.63222353 | V18: 1324.4482 | W18: =(T18-V18)/T18 -> 0.7535406 | X18: 260 | Y18: 122 | Z18: 0.46923077 | AA18: 1 | AB18: =(Y18-AA18)/Y18 -> 0.99180328 | AC18: 8500 | AD18: 5274.41 | AE18: 0.62051882 | AF18: 13.34 | AG18: =(AD18-AF18)/AD18 -> 0.99747081 | AH18: =VLOOKUP(C18,'[2]5月汇总'!$C:$I,2,0) -> 75 | AI18: =E18+AH18 -> 264 | AJ18: =AI18/D18 -> 0.4664311 | AK18: =VLOOKUP(C18,[1]两年对比终版!$A:$C,3,0) -> 260 | AL18: =(AI18-AK18)/AI18 -> 0.015151515 | AM18: =VLOOKUP(C18,'[2]5月汇总'!$C:$I,3,0) -> 2500 | AN18: =AM18+J18 -> 7095.47 | AO18: =AN18/I18 -> 0.34781716 | AP18: =VLOOKUP(C18,[1]两年对比终版!$A:$F,6,0) -> 5925.604 | AQ18: =(AN18-AP18)/AN18 -> 0.16487505 | AR18: =VLOOKUP(C18,'[2]5月汇总'!$C:$I,4,0) -> 15 | AS18: =AR18+O18 -> 136 | AT18: =AS18/N18 -> 0.52307692 | AU18: =VLOOKUP(C18,[1]两年对比终版!$A:$W,14,0) -> 106 | AV18: =(AS18-AU18)/AS18 -> 0.22058824 | AW18: =VLOOKUP(C18,'[2]5月汇总'!$C:$I,5,0) -> 540 | AX18: =AW18+T18 -> 5913.9 | AY18: =AX18/S18 -> 0.69575294 | AZ18: =VLOOKUP(C18,[1]两年对比终版!$A:$W,17,0) -> 3962.6091 | BA18: =(AX18-AZ18)/AX18 -> 0.32994993 | BB18: =VLOOKUP(C18,'[2]5月汇总'!$C:$I,6,0) -> 18 | BC18: =BB18+Y18 -> 140 | BD18: =BC18/X18 -> 0.53846154 | BE18: =VLOOKUP(C18,[1]两年对比终版!$A:$W,20,0) -> 10 | BF18: =(BC18-BE18)/BC18 -> 0.92857143 | BG18: =VLOOKUP(C18,'[2]5月汇总'!$C:$I,7,0) -> 650 | BH18: =BG18+AD18 -> 5924.41 | BI18: =BH18/AC18 -> 0.69698941 | BJ18: =VLOOKUP(C18,[1]两年对比终版!$A:$W,23,0) -> 374.14793 | BK18: =(BH18-BJ18)/BH18 -> 0.93684638
A19: 14 | B19: D | C19: 泰国 | D19: 90 | E19: 20 | F19: 0.22222222 | G19: 37 | H19: =(E19-G19)/E19 -> -0.85 | I19: 840 | J19: 264.232 | K19: 0.3145619 | L19: 361.6613 | M19: =(J19-L19)/J19 -> -0.36872634 | N19: 25 | O19: 4 | P19: 0.16 | Q19: 15 | R19: =(O19-Q19)/O19 -> -2.75 | S19: 200 | T19: 47.118 | U19: 0.23559 | V19: 142.7175 | W19: =(T19-V19)/T19 -> -2.028938 | X19: 25 | Y19: 3 | Z19: 0.12 | AA19: 18 | AB19: =(Y19-AA19)/Y19 -> -5 | AC19: 200 | AD19: 32.8201 | AE19: 0.1641005 | AF19: 174.47638 | AG19: =(AD19-AF19)/AD19 -> -4.316144 | AH19: =VLOOKUP(C19,'[2]5月汇总'!$C:$I,2,0) -> 10 | AI19: =E19+AH19 -> 30 | AJ19: =AI19/D19 -> 0.33333333 | AK19: =VLOOKUP(C19,[1]两年对比终版!$A:$C,3,0) -> 52 | AL19: =(AI19-AK19)/AI19 -> -0.73333333 | AM19: =VLOOKUP(C19,'[2]5月汇总'!$C:$I,3,0) -> 82.8 | AN19: =AM19+J19 -> 347.032 | AO19: =AN19/I19 -> 0.41313333 | AP19: =VLOOKUP(C19,[1]两年对比终版!$A:$F,6,0) -> 517.46812 | AQ19: =(AN19-AP19)/AN19 -> -0.49112509 | AR19: =VLOOKUP(C19,'[2]5月汇总'!$C:$I,4,0) -> 2 | AS19: =AR19+O19 -> 6 | AT19: =AS19/N19 -> 0.24 | AU19: =VLOOKUP(C19,[1]两年对比终版!$A:$W,14,0) -> 26 | AV19: =(AS19-AU19)/AS19 -> -3.3333333 | AW19: =VLOOKUP(C19,'[2]5月汇总'!$C:$I,5,0) -> 20.08 | AX19: =AW19+T19 -> 67.198 | AY19: =AX19/S19 -> 0.33599 | AZ19: =VLOOKUP(C19,[1]两年对比终版!$A:$W,17,0) -> 239.82783 | BA19: =(AX19-AZ19)/AX19 -> -2.5689727 | BB19: =VLOOKUP(C19,'[2]5月汇总'!$C:$I,6,0) -> 2 | BC19: =BB19+Y19 -> 5 | BD19: =BC19/X19 -> 0.2 | BE19: =VLOOKUP(C19,[1]两年对比终版!$A:$W,20,0) -> 25 | BF19: =(BC19-BE19)/BC19 -> -4 | BG19: =VLOOKUP(C19,'[2]5月汇总'!$C:$I,7,0) -> 20 | BH19: =BG19+AD19 -> 52.8201 | BI19: =BH19/AC19 -> 0.2641005 | BJ19: =VLOOKUP(C19,[1]两年对比终版!$A:$W,23,0) -> 233.58913 | BK19: =(BH19-BJ19)/BH19 -> -3.422353
A20: 15 | B20: D | C20: 泰国2 | D20: 136 | E20: 44 | F20: 0.32352941 | G20: 0 | H20: =(E20-G20)/E20 -> 1 | I20: 1200 | J20: 382.54 | K20: 0.31878333 | L20: 0 | M20: =(J20-L20)/J20 -> 1 | N20: 36 | O20: 9 | P20: 0.25 | Q20: 0 | R20: =(O20-Q20)/O20 -> 1 | S20: 300 | T20: 74.13 | U20: 0.2471 | V20: 0 | W20: =(T20-V20)/T20 -> 1 | X20: 36 | Y20: 9 | Z20: 0.25 | AA20: 0 | AB20: =(Y20-AA20)/Y20 -> 1 | AC20: 300 | AD20: 74.13 | AE20: 0.2471 | AF20: 0 | AG20: =(AD20-AF20)/AD20 -> 1 | AH20: =VLOOKUP(C20,'[2]5月汇总'!$C:$I,2,0) -> 20 | AI20: =E20+AH20 -> 64 | AJ20: =AI20/D20 -> 0.47058824 | AK20: =VLOOKUP(C20,[1]两年对比终版!$A:$C,3,0) -> 0 | AL20: =(AI20-AK20)/AI20 -> 1 | AM20: =VLOOKUP(C20,'[2]5月汇总'!$C:$I,3,0) -> 160 | AN20: =AM20+J20 -> 542.54 | AO20: =AN20/I20 -> 0.45211667 | AP20: =VLOOKUP(C20,[1]两年对比终版!$A:$F,6,0) -> 0 | AQ20: =(AN20-AP20)/AN20 -> 1 | AR20: =VLOOKUP(C20,'[2]5月汇总'!$C:$I,4,0) -> 20 | AS20: =AR20+O20 -> 29 | AT20: =AS20/N20 -> 0.80555556 | AU20: =VLOOKUP(C20,[1]两年对比终版!$A:$W,14,0) -> 0 | AV20: =(AS20-AU20)/AS20 -> 1 | AW20: =VLOOKUP(C20,'[2]5月汇总'!$C:$I,5,0) -> 160 | AX20: =AW20+T20 -> 234.13 | AY20: =AX20/S20 -> 0.78043333 | AZ20: =VLOOKUP(C20,[1]两年对比终版!$A:$W,17,0) -> 0 | BA20: =(AX20-AZ20)/AX20 -> 1 | BB20: =VLOOKUP(C20,'[2]5月汇总'!$C:$I,6,0) -> 0 | BC20: =BB20+Y20 -> 9 | BD20: =BC20/X20 -> 0.25 | BE20: =VLOOKUP(C20,[1]两年对比终版!$A:$W,20,0) -> 0 | BF20: =(BC20-BE20)/BC20 -> 1 | BG20: =VLOOKUP(C20,'[2]5月汇总'!$C:$I,7,0) -> 0 | BH20: =BG20+AD20 -> 74.13 | BI20: =BH20/AC20 -> 0.2471 | BJ20: =VLOOKUP(C20,[1]两年对比终版!$A:$W,23,0) -> 0 | BK20: =(BH20-BJ20)/BH20 -> 1
A21: 16 | B21: D | C21: 金三角 | D21: 40 | E21: 5 | F21: 0.125 | G21: 40 | H21: =(E21-G21)/E21 -> -7 | I21: 200 | J21: 40.6814 | K21: 0.203407 | L21: 334.90668 | M21: =(J21-L21)/J21 -> -7.2324275 | N21: 36 | O21: 0 | P21: 0 | Q21: 0 | R21: =(O21-Q21)/O21 -> #DIV/0! | S21: 200 | T21: 0 | U21: 0 | V21: 0 | W21: =(T21-V21)/T21 -> #DIV/0! | X21: 36 | Y21: 0 | Z21: 0 | AA21: 0 | AB21: =(Y21-AA21)/Y21 -> #DIV/0! | AC21: 200 | AD21: 0 | AE21: 0 | AF21: 0 | AG21: =(AD21-AF21)/AD21 -> #DIV/0! | AH21: =VLOOKUP(C21,'[2]5月汇总'!$C:$I,2,0) -> 10 | AI21: =E21+AH21 -> 15 | AJ21: =AI21/D21 -> 0.375 | AK21: =VLOOKUP(C21,[1]两年对比终版!$A:$C,3,0) -> 94 | AL21: =(AI21-AK21)/AI21 -> -5.2666667 | AM21: =VLOOKUP(C21,'[2]5月汇总'!$C:$I,3,0) -> 70 | AN21: =AM21+J21 -> 110.6814 | AO21: =AN21/I21 -> 0.553407 | AP21: =VLOOKUP(C21,[1]两年对比终版!$A:$F,6,0) -> 1146.3367 | AQ21: =(AN21-AP21)/AN21 -> -9.3570851 | AR21: =VLOOKUP(C21,'[2]5月汇总'!$C:$I,4,0) -> 0 | AS21: =AR21+O21 -> 0 | AT21: =AS21/N21 -> 0 | AU21: =VLOOKUP(C21,[1]两年对比终版!$A:$W,14,0) -> 0 | AV21: =(AS21-AU21)/AS21 -> #DIV/0! | AW21: =VLOOKUP(C21,'[2]5月汇总'!$C:$I,5,0) -> 0 | AX21: =AW21+T21 -> 0 | AY21: =AX21/S21 -> 0 | AZ21: =VLOOKUP(C21,[1]两年对比终版!$A:$W,17,0) -> 0 | BA21: =(AX21-AZ21)/AX21 -> #DIV/0! | BB21: =VLOOKUP(C21,'[2]5月汇总'!$C:$I,6,0) -> 0 | BC21: =BB21+Y21 -> 0 | BD21: =BC21/X21 -> 0 | BE21: =VLOOKUP(C21,[1]两年对比终版!$A:$W,20,0) -> 0 | BF21: =(BC21-BE21)/BC21 -> #DIV/0! | BG21: =VLOOKUP(C21,'[2]5月汇总'!$C:$I,7,0) -> 0 | BH21: =BG21+AD21 -> 0 | BI21: =BH21/AC21 -> 0 | BJ21: =VLOOKUP(C21,[1]两年对比终版!$A:$W,23,0) -> 0 | BK21: =(BH21-BJ21)/BH21 -> #DIV/0!
A22: 17 | B22: B | C22: 马来西亚 | D22: 109 | E22: 48 | F22: 0.44036697 | G22: 43 | H22: =(E22-G22)/E22 -> 0.10416667 | I22: 900 | J22: 794.926 | K22: 0.88325111 | L22: 919.84 | M22: =(J22-L22)/J22 -> -0.15713916 | N22: 61 | O22: 14 | P22: 0.2295082 | Q22: 12 | R22: =(O22-Q22)/O22 -> 0.14285714 | S22: 521 | T22: 209.618 | U22: 0.40233781 | V22: 82.925 | W22: =(T22-V22)/T22 -> 0.60439943 | X22: 61 | Y22: 6 | Z22: 0.098360656 | AA22: 7 | AB22: =(Y22-AA22)/Y22 -> -0.16666667 | AC22: 521 | AD22: 56.597 | AE22: 0.10863148 | AF22: 83.85 | AG22: =(AD22-AF22)/AD22 -> -0.48152729 | AH22: =VLOOKUP(C22,'[2]5月汇总'!$C:$I,2,0) -> 105 | AI22: =E22+AH22 -> 153 | AJ22: =AI22/D22 -> 1.4036697 | AK22: =VLOOKUP(C22,[1]两年对比终版!$A:$C,3,0) -> 66 | AL22: =(AI22-AK22)/AI22 -> 0.56862745 | AM22: =VLOOKUP(C22,'[2]5月汇总'!$C:$I,3,0) -> 944.58 | AN22: =AM22+J22 -> 1739.506 | AO22: =AN22/I22 -> 1.9327844 | AP22: =VLOOKUP(C22,[1]两年对比终版!$A:$F,6,0) -> 1463.75 | AQ22: =(AN22-AP22)/AN22 -> 0.15852547 | AR22: =VLOOKUP(C22,'[2]5月汇总'!$C:$I,4,0) -> 14 | AS22: =AR22+O22 -> 28 | AT22: =AS22/N22 -> 0.45901639 | AU22: =VLOOKUP(C22,[1]两年对比终版!$A:$W,14,0) -> 16 | AV22: =(AS22-AU22)/AS22 -> 0.42857143 | AW22: =VLOOKUP(C22,'[2]5月汇总'!$C:$I,5,0) -> 365.46 | AX22: =AW22+T22 -> 575.078 | AY22: =AX22/S22 -> 1.1037965 | AZ22: =VLOOKUP(C22,[1]两年对比终版!$A:$W,17,0) -> 132.085 | BA22: =(AX22-AZ22)/AX22 -> 0.77031811 | BB22: =VLOOKUP(C22,'[2]5月汇总'!$C:$I,6,0) -> 7 | BC22: =BB22+Y22 -> 13 | BD22: =BC22/X22 -> 0.21311475 | BE22: =VLOOKUP(C22,[1]两年对比终版!$A:$W,20,0) -> 17 | BF22: =(BC22-BE22)/BC22 -> -0.30769231 | BG22: =VLOOKUP(C22,'[2]5月汇总'!$C:$I,7,0) -> 225.51 | BH22: =BG22+AD22 -> 282.107 | BI22: =BH22/AC22 -> 0.54147217 | BJ22: =VLOOKUP(C22,[1]两年对比终版!$A:$W,23,0) -> 140.475 | BK22: =(BH22-BJ22)/BH22 -> 0.50205064
A23: 18 | B23: D | C23: 马尔代夫 | D23: 36 | E23: 23 | F23: 0.63888889 | G23: 15 | H23: =(E23-G23)/E23 -> 0.34782609 | I23: 630 | J23: 266.22 | K23: 0.42257143 | L23: 194.69801 | M23: =(J23-L23)/J23 -> 0.26865746 | N23: 17 | O23: 2 | P23: 0.11764706 | Q23: 5 | R23: =(O23-Q23)/O23 -> -1.5 | S23: 264.163 | T23: 20.3891 | U23: 0.077183784 | V23: 67.535637 | W23: =(T23-V23)/T23 -> -2.3123403 | X23: 17 | Y23: 2 | Z23: 0.11764706 | AA23: 7 | AB23: =(Y23-AA23)/Y23 -> -2.5 | AC23: 264.163 | AD23: 22.29 | AE23: 0.08437972 | AF23: 79.339117 | AG23: =(AD23-AF23)/AD23 -> -2.5594041 | AH23: =VLOOKUP(C23,'[2]5月汇总'!$C:$I,2,0) -> 6 | AI23: =E23+AH23 -> 29 | AJ23: =AI23/D23 -> 0.80555556 | AK23: =VLOOKUP(C23,[1]两年对比终版!$A:$C,3,0) -> 37 | AL23: =(AI23-AK23)/AI23 -> -0.27586207 | AM23: =VLOOKUP(C23,'[2]5月汇总'!$C:$I,3,0) -> 100 | AN23: =AM23+J23 -> 366.22 | AO23: =AN23/I23 -> 0.58130159 | AP23: =VLOOKUP(C23,[1]两年对比终版!$A:$F,6,0) -> 543.86292 | AQ23: =(AN23-AP23)/AN23 -> -0.48507161 | AR23: =VLOOKUP(C23,'[2]5月汇总'!$C:$I,4,0) -> 5 | AS23: =AR23+O23 -> 7 | AT23: =AS23/N23 -> 0.41176471 | AU23: =VLOOKUP(C23,[1]两年对比终版!$A:$W,14,0) -> 7 | AV23: =(AS23-AU23)/AS23 -> 0 | AW23: =VLOOKUP(C23,'[2]5月汇总'!$C:$I,5,0) -> 50.5 | AX23: =AW23+T23 -> 70.8891 | AY23: =AX23/S23 -> 0.26835363 | AZ23: =VLOOKUP(C23,[1]两年对比终版!$A:$W,17,0) -> 96.411317 | BA23: =(AX23-AZ23)/AX23 -> -0.3600302 | BB23: =VLOOKUP(C23,'[2]5月汇总'!$C:$I,6,0) -> 2 | BC23: =BB23+Y23 -> 4 | BD23: =BC23/X23 -> 0.23529412 | BE23: =VLOOKUP(C23,[1]两年对比终版!$A:$W,20,0) -> 16 | BF23: =(BC23-BE23)/BC23 -> -3 | BG23: =VLOOKUP(C23,'[2]5月汇总'!$C:$I,7,0) -> 21 | BH23: =BG23+AD23 -> 43.29 | BI23: =BH23/AC23 -> 0.16387609 | BJ23: =VLOOKUP(C23,[1]两年对比终版!$A:$W,23,0) -> 3354.156 | BK23: =(BH23-BJ23)/BH23 -> -76.48108
A24: 19 | B24: D | C24: 香港-台湾 | D24: 20 | E24: 8 | F24: 0.4 | G24: 0 | H24: =(E24-G24)/E24 -> 1 | I24: 200 | J24: 50.38 | K24: 0.2519 | L24: 0 | M24: =(J24-L24)/J24 -> 1 | N24: 15 | O24: 0 | P24: 0 | Q24: 0 | R24: =(O24-Q24)/O24 -> #DIV/0! | S24: 200 | T24: 0 | U24: 0 | V24: 0 | W24: =(T24-V24)/T24 -> #DIV/0! | X24: 15 | Y24: 0 | Z24: 0 | AA24: 0 | AB24: =(Y24-AA24)/Y24 -> #DIV/0! | AC24: 200 | AD24: 0 | AE24: 0 | AF24: 0 | AG24: =(AD24-AF24)/AD24 -> #DIV/0! | AH24: =VLOOKUP(C24,'[2]5月汇总'!$C:$I,2,0) -> 0 | AI24: =E24+AH24 -> 8 | AJ24: =AI24/D24 -> 0.4 | AK24: =VLOOKUP(C24,[1]两年对比终版!$A:$C,3,0) -> 0 | AL24: =(AI24-AK24)/AI24 -> 1 | AM24: =VLOOKUP(C24,'[2]5月汇总'!$C:$I,3,0) -> 0 | AN24: =AM24+J24 -> 50.38 | AO24: =AN24/I24 -> 0.2519 | AP24: =VLOOKUP(C24,[1]两年对比终版!$A:$F,6,0) -> 0 | AQ24: =(AN24-AP24)/AN24 -> 1 | AR24: =VLOOKUP(C24,'[2]5月汇总'!$C:$I,4,0) -> 0 | AS24: =AR24+O24 -> 0 | AT24: =AS24/N24 -> 0 | AU24: =VLOOKUP(C24,[1]两年对比终版!$A:$W,14,0) -> 0 | AV24: =(AS24-AU24)/AS24 -> #DIV/0! | AW24: =VLOOKUP(C24,'[2]5月汇总'!$C:$I,5,0) -> 0 | AX24: =AW24+T24 -> 0 | AY24: =AX24/S24 -> 0 | AZ24: =VLOOKUP(C24,[1]两年对比终版!$A:$W,17,0) -> 0 | BA24: =(AX24-AZ24)/AX24 -> #DIV/0! | BB24: =VLOOKUP(C24,'[2]5月汇总'!$C:$I,6,0) -> 0 | BC24: =BB24+Y24 -> 0 | BD24: =BC24/X24 -> 0 | BE24: =VLOOKUP(C24,[1]两年对比终版!$A:$W,20,0) -> 0 | BF24: =(BC24-BE24)/BC24 -> #DIV/0! | BG24: =VLOOKUP(C24,'[2]5月汇总'!$C:$I,7,0) -> 0 | BH24: =BG24+AD24 -> 0 | BI24: =BH24/AC24 -> 0 | BJ24: =VLOOKUP(C24,[1]两年对比终版!$A:$W,23,0) -> 0 | BK24: =(BH24-BJ24)/BH24 -> #DIV/0!
A25: 亚洲1合计 | D25: 1328 | E25: 438 | F25: 0.32981928 | G25: 1676 | H25: =(E25-G25)/E25 -> -2.826484 | I25: 31010 | J25: 8328.6704 | K25: 0.26858015 | L25: 29715.329 | M25: =(J25-L25)/J25 -> -2.5678359 | N25: 583 | O25: 158 | P25: 0.27101201 | Q25: 667 | R25: =(O25-Q25)/O25 -> -3.221519 | S25: 12602.326 | T25: 5836.2923 | U25: 0.46311231 | V25: 13072.68 | W25: =(T25-V25)/T25 -> -1.2398947 | X25: 583 | Y25: 169 | Z25: 0.28987993 | AA25: 346 | AB25: =(Y25-AA25)/Y25 -> -1.0473373 | AC25: 12602.326 | AD25: 5913.7692 | AE25: 0.46926013 | AF25: 6248.6129 | AG25: =(AD25-AF25)/AD25 -> -0.056621024 | AH25: =SUM(AH16:AH24) -> 234 | AI25: =AH25+E25 -> 672 | AJ25: =AI25/D25 -> 0.5060241 | AK25: =AJ25+G25 -> 1676.506 | AL25: =(AI25-AK25)/AI25 -> -1.4948006 | AM25: =SUM(AM16:AM24) -> 3937.38 | AN25: =AM25+J25 -> 12266.05 | AO25: =AN25/I25 -> 0.39555145 | AP25: =AO25+L25 -> 29715.725 | AQ25: =(AN25-AP25)/AN25 -> -1.4225993 | AR25: =SUM(AR16:AR24) -> 60 | AS25: =AR25+O25 -> 218 | AT25: =AS25/N25 -> 0.37392796 | AU25: =AT25+Q25 -> 667.37393 | AV25: =(AS25-AU25)/AS25 -> -2.0613483 | AW25: =SUM(AW16:AW24) -> 1176.04 | AX25: =AW25+T25 -> 7012.3323 | AY25: =AX25/S25 -> 0.55643159 | AZ25: =AY25+V25 -> 13073.237 | BA25: =(AX25-AZ25)/AX25 -> -0.86432079 | BB25: =SUM(BB16:BB24) -> 41 | BC25: =BB25+Y25 -> 210 | BD25: =BC25/X25 -> 0.36020583 | BE25: =BD25+AA25 -> 346.36021 | BF25: =(BC25-BE25)/BC25 -> -0.64933431 | BG25: =SUM(BG16:BG24) -> 1094.93 | BH25: =BG25+AD25 -> 7008.6992 | BI25: =BH25/AC25 -> 0.5561433 | BJ25: =BI25+AF25 -> 6249.169 | BK25: =(BH25-BJ25)/BH25 -> 0.10836964
A26: 20 | B26: C | C26: 越南-2 | D26: 235 | E26: 64 | F26: 0.27234043 | G26: 42 | H26: =(E26-G26)/E26 -> 0.34375 | I26: 1673.35 | J26: 437.632 | K26: 0.26153046 | L26: 319.10661 | M26: =(J26-L26)/J26 -> 0.27083345 | N26: 63 | O26: 12 | P26: 0.19047619 | Q26: 14 | R26: =(O26-Q26)/O26 -> -0.16666667 | S26: 683 | T26: 65.701 | U26: 0.096194729 | V26: 117.34529 | W26: =(T26-V26)/T26 -> -0.78605029 | X26: 63 | Y26: 10 | Z26: 0.15873016 | AA26: 24 | AB26: =(Y26-AA26)/Y26 -> -1.4 | AC26: 683 | AD26: 55.8172 | AE26: 0.081723572 | AF26: 196.15974 | AG26: =(AD26-AF26)/AD26 -> -2.5143243 | AH26: =VLOOKUP(C26,'[2]5月汇总'!$C:$I,2,0) -> 15 | AI26: =E26+AH26 -> 79 | AJ26: =AI26/D26 -> 0.33617021 | AK26: =VLOOKUP(C26,[1]两年对比终版!$A:$C,3,0) -> 52 | AL26: =(AI26-AK26)/AI26 -> 0.34177215 | AM26: =VLOOKUP(C26,'[2]5月汇总'!$C:$I,3,0) -> 75 | AN26: =AM26+J26 -> 512.632 | AO26: =AN26/I26 -> 0.30635073 | AP26: =VLOOKUP(C26,[1]两年对比终版!$A:$F,6,0) -> 393.58625 | AQ26: =(AN26-AP26)/AN26 -> 0.23222458 | AR26: =VLOOKUP(C26,'[2]5月汇总'!$C:$I,4,0) -> 8 | AS26: =AR26+O26 -> 20 | AT26: =AS26/N26 -> 0.31746032 | AU26: =VLOOKUP(C26,[1]两年对比终版!$A:$W,14,0) -> 22 | AV26: =(AS26-AU26)/AS26 -> -0.1 | AW26: =VLOOKUP(C26,'[2]5月汇总'!$C:$I,5,0) -> 40 | AX26: =AW26+T26 -> 105.701 | AY26: =AX26/S26 -> 0.15475988 | AZ26: =VLOOKUP(C26,[1]两年对比终版!$A:$W,17,0) -> 178.45729 | BA26: =(AX26-AZ26)/AX26 -> -0.6883217 | BB26: =VLOOKUP(C26,'[2]5月汇总'!$C:$I,6,0) -> 4 | BC26: =BB26+Y26 -> 14 | BD26: =BC26/X26 -> 0.22222222 | BE26: =VLOOKUP(C26,[1]两年对比终版!$A:$W,20,0) -> 29 | BF26: =(BC26-BE26)/BC26 -> -1.0714286 | BG26: =VLOOKUP(C26,'[2]5月汇总'!$C:$I,7,0) -> 33.117 | BH26: =BG26+AD26 -> 88.9342 | BI26: =BH26/AC26 -> 0.13021113 | BJ26: =VLOOKUP(C26,[1]两年对比终版!$A:$W,23,0) -> 228.72333 | BK26: =(BH26-BJ26)/BH26 -> -1.5718265
A27: 21 | B27: B | C27: 印度公建 | D27: 66 | E27: 13 | F27: 0.1969697 | G27: 13 | H27: =(E27-G27)/E27 -> 0 | I27: 930 | J27: 260.053 | K27: 0.27962688 | L27: 386.93599 | M27: =(J27-L27)/J27 -> -0.48791203 | N27: 27 | O27: 6 | P27: 0.22222222 | Q27: 1 | R27: =(O27-Q27)/O27 -> 0.83333333 | S27: 396.245 | T27: 68.5136 | U27: 0.17290717 | V27: 19.06 | W27: =(T27-V27)/T27 -> 0.72180706 | X27: 27 | Y27: 5 | Z27: 0.18518519 | AA27: 0 | AB27: =(Y27-AA27)/Y27 -> 1 | AC27: 396.245 | AD27: 78.4854 | AE27: 0.19807291 | AF27: 0 | AG27: =(AD27-AF27)/AD27 -> 1 | AH27: =VLOOKUP(C27,'[2]5月汇总'!$C:$I,2,0) -> 12 | AI27: =E27+AH27 -> 25 | AJ27: =AI27/D27 -> 0.37878788 | AK27: =VLOOKUP(C27,[1]两年对比终版!$A:$C,3,0) -> 23 | AL27: =(AI27-AK27)/AI27 -> 0.08 | AM27: =VLOOKUP(C27,'[2]5月汇总'!$C:$I,3,0) -> 95.35 | AN27: =AM27+J27 -> 355.403 | AO27: =AN27/I27 -> 0.38215376 | AP27: =VLOOKUP(C27,[1]两年对比终版!$A:$F,6,0) -> 773.87896 | AQ27: =(AN27-AP27)/AN27 -> -1.1774689 | AR27: =VLOOKUP(C27,'[2]5月汇总'!$C:$I,4,0) -> 4 | AS27: =AR27+O27 -> 10 | AT27: =AS27/N27 -> 0.37037037 | AU27: =VLOOKUP(C27,[1]两年对比终版!$A:$W,14,0) -> 3 | AV27: =(AS27-AU27)/AS27 -> 0.7 | AW27: =VLOOKUP(C27,'[2]5月汇总'!$C:$I,5,0) -> 23.936 | AX27: =AW27+T27 -> 92.4496 | AY27: =AX27/S27 -> 0.23331424 | AZ27: =VLOOKUP(C27,[1]两年对比终版!$A:$W,17,0) -> 44.012007 | BA27: =(AX27-AZ27)/AX27 -> 0.52393513 | BB27: =VLOOKUP(C27,'[2]5月汇总'!$C:$I,6,0) -> 6 | BC27: =BB27+Y27 -> 11 | BD27: =BC27/X27 -> 0.40740741 | BE27: =VLOOKUP(C27,[1]两年对比终版!$A:$W,20,0) -> 0 | BF27: =(BC27-BE27)/BC27 -> 1 | BG27: =VLOOKUP(C27,'[2]5月汇总'!$C:$I,7,0) -> 253.51148 | BH27: =BG27+AD27 -> 331.99688 | BI27: =BH27/AC27 -> 0.83785759 | BJ27: =VLOOKUP(C27,[1]两年对比终版!$A:$W,23,0) -> 0 | BK27: =(BH27-BJ27)/BH27 -> 1
A28: 22 | B28: D | C28: 巴基斯坦 | D28: 87 | E28: 20 | F28: 0.22988506 | G28: 0 | H28: =(E28-G28)/E28 -> 1 | I28: 688 | J28: 154.487 | K28: 0.22454506 | L28: 0 | M28: =(J28-L28)/J28 -> 1 | N28: 32 | O28: 4 | P28: 0.125 | Q28: 0 | R28: =(O28-Q28)/O28 -> 1 | S28: 265 | T28: 23.2504 | U28: 0.087737358 | V28: 0 | W28: =(T28-V28)/T28 -> 1 | X28: 32 | Y28: 5 | Z28: 0.15625 | AA28: 0 | AB28: =(Y28-AA28)/Y28 -> 1 | AC28: 265 | AD28: 37.6112 | AE28: 0.14192906 | AF28: 0 | AG28: =(AD28-AF28)/AD28 -> 1 | AH28: =VLOOKUP(C28,'[2]5月汇总'!$C:$I,2,0) -> 7 | AI28: =E28+AH28 -> 27 | AJ28: =AI28/D28 -> 0.31034483 | AK28: =VLOOKUP(C28,[1]两年对比终版!$A:$C,3,0) -> 8 | AL28: =(AI28-AK28)/AI28 -> 0.7037037 | AM28: =VLOOKUP(C28,'[2]5月汇总'!$C:$I,3,0) -> 36 | AN28: =AM28+J28 -> 190.487 | AO28: =AN28/I28 -> 0.27687064 | AP28: =VLOOKUP(C28,[1]两年对比终版!$A:$F,6,0) -> 74.024224 | AQ28: =(AN28-AP28)/AN28 -> 0.61139488 | AR28: =VLOOKUP(C28,'[2]5月汇总'!$C:$I,4,0) -> 2 | AS28: =AR28+O28 -> 6 | AT28: =AS28/N28 -> 0.1875 | AU28: =VLOOKUP(C28,[1]两年对比终版!$A:$W,14,0) -> 2 | AV28: =(AS28-AU28)/AS28 -> 0.66666667 | AW28: =VLOOKUP(C28,'[2]5月汇总'!$C:$I,5,0) -> 22 | AX28: =AW28+T28 -> 45.2504 | AY28: =AX28/S28 -> 0.17075623 | AZ28: =VLOOKUP(C28,[1]两年对比终版!$A:$W,17,0) -> 6.912768 | BA28: =(AX28-AZ28)/AX28 -> 0.847233 | BB28: =VLOOKUP(C28,'[2]5月汇总'!$C:$I,6,0) -> 1 | BC28: =BB28+Y28 -> 6 | BD28: =BC28/X28 -> 0.1875 | BE28: =VLOOKUP(C28,[1]两年对比终版!$A:$W,20,0) -> 0 | BF28: =(BC28-BE28)/BC28 -> 1 | BG28: =VLOOKUP(C28,'[2]5月汇总'!$C:$I,7,0) -> 7.98 | BH28: =BG28+AD28 -> 45.5912 | BI28: =BH28/AC28 -> 0.17204226 | BJ28: =VLOOKUP(C28,[1]两年对比终版!$A:$W,23,0) -> 0 | BK28: =(BH28-BJ28)/BH28 -> 1
A29: 23 | B29: B | C29: 孟加拉-1 | D29: 238 | E29: 41 | F29: 0.17226891 | G29: 84 | H29: =(E29-G29)/E29 -> -1.0487805 | I29: 1768.9 | J29: 430.345 | K29: 0.24328396 | L29: 732.27569 | M29: =(J29-L29)/J29 -> -0.70160148 | N29: 73 | O29: 15 | P29: 0.20547945 | Q29: 16 | R29: =(O29-Q29)/O29 -> -0.066666667 | S29: 722 | T29: 122.238 | U29: 0.16930471 | V29: 135.72362 | W29: =(T29-V29)/T29 -> -0.11032267 | X29: 73 | Y29: 14 | Z29: 0.19178082 | AA29: 12 | AB29: =(Y29-AA29)/Y29 -> 0.14285714 | AC29: 722 | AD29: 114.248 | AE29: 0.15823823 | AF29: 104.07321 | AG29: =(AD29-AF29)/AD29 -> 0.089058828 | AH29: =VLOOKUP(C29,'[2]5月汇总'!$C:$I,2,0) -> 35 | AI29: =E29+AH29 -> 76 | AJ29: =AI29/D29 -> 0.31932773 | AK29: =VLOOKUP(C29,[1]两年对比终版!$A:$C,3,0) -> 128 | AL29: =(AI29-AK29)/AI29 -> -0.68421053 | AM29: =VLOOKUP(C29,'[2]5月汇总'!$C:$I,3,0) -> 257.9 | AN29: =AM29+J29 -> 688.245 | AO29: =AN29/I29 -> 0.38908078 | AP29: =VLOOKUP(C29,[1]两年对比终版!$A:$F,6,0) -> 1268.9125 | AQ29: =(AN29-AP29)/AN29 -> -0.84369297 | AR29: =VLOOKUP(C29,'[2]5月汇总'!$C:$I,4,0) -> 10 | AS29: =AR29+O29 -> 25 | AT29: =AS29/N29 -> 0.34246575 | AU29: =VLOOKUP(C29,[1]两年对比终版!$A:$W,14,0) -> 27 | AV29: =(AS29-AU29)/AS29 -> -0.08 | AW29: =VLOOKUP(C29,'[2]5月汇总'!$C:$I,5,0) -> 85.85 | AX29: =AW29+T29 -> 208.088 | AY29: =AX29/S29 -> 0.28821053 | AZ29: =VLOOKUP(C29,[1]两年对比终版!$A:$W,17,0) -> 224.14553 | BA29: =(AX29-AZ29)/AX29 -> -0.07716703 | BB29: =VLOOKUP(C29,'[2]5月汇总'!$C:$I,6,0) -> 1 | BC29: =BB29+Y29 -> 15 | BD29: =BC29/X29 -> 0.20547945 | BE29: =VLOOKUP(C29,[1]两年对比终版!$A:$W,20,0) -> 20 | BF29: =(BC29-BE29)/BC29 -> -0.33333333 | BG29: =VLOOKUP(C29,'[2]5月汇总'!$C:$I,7,0) -> 8.02 | BH29: =BG29+AD29 -> 122.268 | BI29: =BH29/AC29 -> 0.16934626 | BJ29: =VLOOKUP(C29,[1]两年对比终版!$A:$W,23,0) -> 167.86765 | BK29: =(BH29-BJ29)/BH29 -> -0.37294838
A30: 24 | B30: C | C30: 澳大利亚 | D30: 136 | E30: 23 | F30: 0.16911765 | G30: 38 | H30: =(E30-G30)/E30 -> -0.65217391 | I30: 964 | J30: 320.911 | K30: 0.33289523 | L30: 580.17456 | M30: =(J30-L30)/J30 -> -0.80789864 | N30: 32 | O30: 8 | P30: 0.25 | Q30: 2 | R30: =(O30-Q30)/O30 -> 0.75 | S30: 380 | T30: 88.3023 | U30: 0.23237447 | V30: 29.534539 | W30: =(T30-V30)/T30 -> 0.66552922 | X30: 32 | Y30: 3 | Z30: 0.09375 | AA30: 8 | AB30: =(Y30-AA30)/Y30 -> -1.6666667 | AC30: 380 | AD30: 53.7101 | AE30: 0.14134237 | AF30: 165.75891 | AG30: =(AD30-AF30)/AD30 -> -2.0861777 | AH30: =VLOOKUP(C30,'[2]5月汇总'!$C:$I,2,0) -> 8 | AI30: =E30+AH30 -> 31 | AJ30: =AI30/D30 -> 0.22794118 | AK30: =VLOOKUP(C30,[1]两年对比终版!$A:$C,3,0) -> 39 | AL30: =(AI30-AK30)/AI30 -> -0.25806452 | AM30: =VLOOKUP(C30,'[2]5月汇总'!$C:$I,3,0) -> 100 | AN30: =AM30+J30 -> 420.911 | AO30: =AN30/I30 -> 0.43662967 | AP30: =VLOOKUP(C30,[1]两年对比终版!$A:$F,6,0) -> 592.24855 | AQ30: =(AN30-AP30)/AN30 -> -0.40706361 | AR30: =VLOOKUP(C30,'[2]5月汇总'!$C:$I,4,0) -> 4 | AS30: =AR30+O30 -> 12 | AT30: =AS30/N30 -> 0.375 | AU30: =VLOOKUP(C30,[1]两年对比终版!$A:$W,14,0) -> 2 | AV30: =(AS30-AU30)/AS30 -> 0.83333333 | AW30: =VLOOKUP(C30,'[2]5月汇总'!$C:$I,5,0) -> 40 | AX30: =AW30+T30 -> 128.3023 | AY30: =AX30/S30 -> 0.33763763 | AZ30: =VLOOKUP(C30,[1]两年对比终版!$A:$W,17,0) -> 29.534539 | BA30: =(AX30-AZ30)/AX30 -> 0.76980507 | BB30: =VLOOKUP(C30,'[2]5月汇总'!$C:$I,6,0) -> 4 | BC30: =BB30+Y30 -> 7 | BD30: =BC30/X30 -> 0.21875 | BE30: =VLOOKUP(C30,[1]两年对比终版!$A:$W,20,0) -> 9 | BF30: =(BC30-BE30)/BC30 -> -0.28571429 | BG30: =VLOOKUP(C30,'[2]5月汇总'!$C:$I,7,0) -> 24.4 | BH30: =BG30+AD30 -> 78.1101 | BI30: =BH30/AC30 -> 0.20555289 | BJ30: =VLOOKUP(C30,[1]两年对比终版!$A:$W,23,0) -> 179.53971 | BK30: =(BH30-BJ30)/BH30 -> -1.2985467
A31: 25 | B31: C | C31: 菲律宾 | D31: 69 | E31: 26 | F31: 0.37681159 | G31: 0 | H31: =(E31-G31)/E31 -> 1 | I31: 710 | J31: 214.36 | K31: 0.30191549 | L31: 0 | M31: =(J31-L31)/J31 -> 1 | N31: 27 | O31: 0 | P31: 0 | Q31: 0 | R31: =(O31-Q31)/O31 -> #DIV/0! | S31: 350 | T31: 0 | U31: 0 | V31: 0 | W31: =(T31-V31)/T31 -> #DIV/0! | X31: 27 | Y31: 0 | Z31: 0 | AA31: 0 | AB31: =(Y31-AA31)/Y31 -> #DIV/0! | AC31: 350 | AD31: 0 | AE31: 0 | AF31: 0 | AG31: =(AD31-AF31)/AD31 -> #DIV/0! | AH31: =VLOOKUP(C31,'[2]5月汇总'!$C:$I,2,0) -> 0 | AI31: =E31+AH31 -> 26 | AJ31: =AI31/D31 -> 0.37681159 | AK31: =VLOOKUP(C31,[1]两年对比终版!$A:$C,3,0) -> 0 | AL31: =(AI31-AK31)/AI31 -> 1 | AM31: =VLOOKUP(C31,'[2]5月汇总'!$C:$I,3,0) -> 0 | AN31: =AM31+J31 -> 214.36 | AO31: =AN31/I31 -> 0.30191549 | AP31: =VLOOKUP(C31,[1]两年对比终版!$A:$F,6,0) -> 0 | AQ31: =(AN31-AP31)/AN31 -> 1 | AR31: =VLOOKUP(C31,'[2]5月汇总'!$C:$I,4,0) -> 0 | AS31: =AR31+O31 -> 0 | AT31: =AS31/N31 -> 0 | AU31: =VLOOKUP(C31,[1]两年对比终版!$A:$W,14,0) -> 0 | AV31: =(AS31-AU31)/AS31 -> #DIV/0! | AW31: =VLOOKUP(C31,'[2]5月汇总'!$C:$I,5,0) -> 15 | AX31: =AW31+T31 -> 15 | AY31: =AX31/S31 -> 0.042857143 | AZ31: =VLOOKUP(C31,[1]两年对比终版!$A:$W,17,0) -> 0 | BA31: =(AX31-AZ31)/AX31 -> 1 | BB31: =VLOOKUP(C31,'[2]5月汇总'!$C:$I,6,0) -> 0 | BC31: =BB31+Y31 -> 0 | BD31: =BC31/X31 -> 0 | BE31: =VLOOKUP(C31,[1]两年对比终版!$A:$W,20,0) -> 0 | BF31: =(BC31-BE31)/BC31 -> #DIV/0! | BG31: =VLOOKUP(C31,'[2]5月汇总'!$C:$I,7,0) -> 7.5 | BH31: =BG31+AD31 -> 7.5 | BI31: =BH31/AC31 -> 0.021428571 | BJ31: =VLOOKUP(C31,[1]两年对比终版!$A:$W,23,0) -> 0 | BK31: =(BH31-BJ31)/BH31 -> 1
A32: 26 | B32: C | C32: 印尼-1 | D32: 263 | E32: 48 | F32: 0.18250951 | G32: 35 | H32: =(E32-G32)/E32 -> 0.27083333 | I32: 1640 | J32: 499.416 | K32: 0.30452195 | L32: 300.42334 | M32: =(J32-L32)/J32 -> 0.39845071 | N32: 42 | O32: 8 | P32: 0.19047619 | Q32: 1 | R32: =(O32-Q32)/O32 -> 0.875 | S32: 400 | T32: 77.5997 | U32: 0.19399925 | V32: 7.43 | W32: =(T32-V32)/T32 -> 0.90425221 | X32: 42 | Y32: 8 | Z32: 0.19047619 | AA32: 1 | AB32: =(Y32-AA32)/Y32 -> 0.875 | AC32: 400 | AD32: 77.5997 | AE32: 0.19399925 | AF32: 7.43 | AG32: =(AD32-AF32)/AD32 -> 0.90425221 | AH32: =VLOOKUP(C32,'[2]5月汇总'!$C:$I,2,0) -> 0 | AI32: =E32+AH32 -> 48 | AJ32: =AI32/D32 -> 0.18250951 | AK32: =VLOOKUP(C32,[1]两年对比终版!$A:$C,3,0) -> 97 | AL32: =(AI32-AK32)/AI32 -> -1.0208333 | AM32: =VLOOKUP(C32,'[2]5月汇总'!$C:$I,3,0) -> 0 | AN32: =AM32+J32 -> 499.416 | AO32: =AN32/I32 -> 0.30452195 | AP32: =VLOOKUP(C32,[1]两年对比终版!$A:$F,6,0) -> 1049.8087 | AQ32: =(AN32-AP32)/AN32 -> -1.1020725 | AR32: =VLOOKUP(C32,'[2]5月汇总'!$C:$I,4,0) -> 0 | AS32: =AR32+O32 -> 8 | AT32: =AS32/N32 -> 0.19047619 | AU32: =VLOOKUP(C32,[1]两年对比终版!$A:$W,14,0) -> 1 | AV32: =(AS32-AU32)/AS32 -> 0.875 | AW32: =VLOOKUP(C32,'[2]5月汇总'!$C:$I,5,0) -> 50 | AX32: =AW32+T32 -> 127.5997 | AY32: =AX32/S32 -> 0.31899925 | AZ32: =VLOOKUP(C32,[1]两年对比终版!$A:$W,17,0) -> 7.43 | BA32: =(AX32-AZ32)/AX32 -> 0.94177102 | BB32: =VLOOKUP(C32,'[2]5月汇总'!$C:$I,6,0) -> 0 | BC32: =BB32+Y32 -> 8 | BD32: =BC32/X32 -> 0.19047619 | BE32: =VLOOKUP(C32,[1]两年对比终版!$A:$W,20,0) -> 1 | BF32: =(BC32-BE32)/BC32 -> 0.875 | BG32: =VLOOKUP(C32,'[2]5月汇总'!$C:$I,7,0) -> 0 | BH32: =BG32+AD32 -> 77.5997 | BI32: =BH32/AC32 -> 0.19399925 | BJ32: =VLOOKUP(C32,[1]两年对比终版!$A:$W,23,0) -> 7.43 | BK32: =(BH32-BJ32)/BH32 -> 0.90425221
A33: 27 | B33: B | C33: 越南-1（工厂） | D33: 148 | E33: 23 | F33: 0.15540541 | G33: 9 | H33: =(E33-G33)/E33 -> 0.60869565 | I33: 1470 | J33: 311.155 | K33: 0.21167007 | L33: 98.864647 | M33: =(J33-L33)/J33 -> 0.6822656 | N33: 55 | O33: 10 | P33: 0.18181818 | Q33: 0 | R33: =(O33-Q33)/O33 -> 1 | S33: 600 | T33: 74.2168 | U33: 0.12369467 | V33: 0 | W33: =(T33-V33)/T33 -> 1 | X33: 55 | Y33: 4 | Z33: 0.072727273 | AA33: 0 | AB33: =(Y33-AA33)/Y33 -> 1 | AC33: 600 | AD33: 24.6438 | AE33: 0.041073 | AF33: 0 | AG33: =(AD33-AF33)/AD33 -> 1 | AH33: =VLOOKUP(C33,'[2]5月汇总'!$C:$I,2,0) -> 10 | AI33: =E33+AH33 -> 33 | AJ33: =AI33/D33 -> 0.22297297 | AK33: =VLOOKUP(C33,[1]两年对比终版!$A:$C,3,0) -> 10 | AL33: =(AI33-AK33)/AI33 -> 0.6969697 | AM33: =VLOOKUP(C33,'[2]5月汇总'!$C:$I,3,0) -> 120 | AN33: =AM33+J33 -> 431.155 | AO33: =AN33/I33 -> 0.29330272 | AP33: =VLOOKUP(C33,[1]两年对比终版!$A:$F,6,0) -> 106.42549 | AQ33: =(AN33-AP33)/AN33 -> 0.75316189 | AR33: =VLOOKUP(C33,'[2]5月汇总'!$C:$I,4,0) -> 1 | AS33: =AR33+O33 -> 11 | AT33: =AS33/N33 -> 0.2 | AU33: =VLOOKUP(C33,[1]两年对比终版!$A:$W,14,0) -> 1 | AV33: =(AS33-AU33)/AS33 -> 0.90909091 | AW33: =VLOOKUP(C33,'[2]5月汇总'!$C:$I,5,0) -> 6.8 | AX33: =AW33+T33 -> 81.0168 | AY33: =AX33/S33 -> 0.135028 | AZ33: =VLOOKUP(C33,[1]两年对比终版!$A:$W,17,0) -> 7.56084 | BA33: =(AX33-AZ33)/AX33 -> 0.90667565 | BB33: =VLOOKUP(C33,'[2]5月汇总'!$C:$I,6,0) -> 6 | BC33: =BB33+Y33 -> 10 | BD33: =BC33/X33 -> 0.18181818 | BE33: =VLOOKUP(C33,[1]两年对比终版!$A:$W,20,0) -> 0 | BF33: =(BC33-BE33)/BC33 -> 1 | BG33: =VLOOKUP(C33,'[2]5月汇总'!$C:$I,7,0) -> 42.7 | BH33: =BG33+AD33 -> 67.3438 | BI33: =BH33/AC33 -> 0.11223967 | BJ33: =VLOOKUP(C33,[1]两年对比终版!$A:$W,23,0) -> 0 | BK33: =(BH33-BJ33)/BH33 -> 1
A34: 28 | B34: A | C34: 印度私营 | D34: 246 | E34: 63 | F34: 0.25609756 | G34: 36 | H34: =(E34-G34)/E34 -> 0.42857143 | I34: 2934 | J34: 788.161 | K34: 0.2686302 | L34: 555.16878 | M34: =(J34-L34)/J34 -> 0.29561501 | N34: 81 | O34: 23 | P34: 0.28395062 | Q34: 12 | R34: =(O34-Q34)/O34 -> 0.47826087 | S34: 1600 | T34: 269.24 | U34: 0.168275 | V34: 275.38668 | W34: =(T34-V34)/T34 -> -0.022829743 | X34: 81 | Y34: 6 | Z34: 0.074074074 | AA34: 14 | AB34: =(Y34-AA34)/Y34 -> -1.3333333 | AC34: 1600 | AD34: 78.962 | AE34: 0.04935125 | AF34: 254.07979 | AG34: =(AD34-AF34)/AD34 -> -2.2177476 | AH34: =VLOOKUP(C34,'[2]5月汇总'!$C:$I,2,0) -> 18 | AI34: =E34+AH34 -> 81 | AJ34: =AI34/D34 -> 0.32926829 | AK34: =VLOOKUP(C34,[1]两年对比终版!$A:$C,3,0) -> 110 | AL34: =(AI34-AK34)/AI34 -> -0.35802469 | AM34: =VLOOKUP(C34,'[2]5月汇总'!$C:$I,3,0) -> 200 | AN34: =AM34+J34 -> 988.161 | AO34: =AN34/I34 -> 0.33679652 | AP34: =VLOOKUP(C34,[1]两年对比终版!$A:$F,6,0) -> 1592.6828 | AQ34: =(AN34-AP34)/AN34 -> -0.61176445 | AR34: =VLOOKUP(C34,'[2]5月汇总'!$C:$I,4,0) -> 13 | AS34: =AR34+O34 -> 36 | AT34: =AS34/N34 -> 0.44444444 | AU34: =VLOOKUP(C34,[1]两年对比终版!$A:$W,14,0) -> 30 | AV34: =(AS34-AU34)/AS34 -> 0.16666667 | AW34: =VLOOKUP(C34,'[2]5月汇总'!$C:$I,5,0) -> 126 | AX34: =AW34+T34 -> 395.24 | AY34: =AX34/S34 -> 0.247025 | AZ34: =VLOOKUP(C34,[1]两年对比终版!$A:$W,17,0) -> 723.49246 | BA34: =(AX34-AZ34)/AX34 -> -0.83051428 | BB34: =VLOOKUP(C34,'[2]5月汇总'!$C:$I,6,0) -> 4 | BC34: =BB34+Y34 -> 10 | BD34: =BC34/X34 -> 0.12345679 | BE34: =VLOOKUP(C34,[1]两年对比终版!$A:$W,20,0) -> 19 | BF34: =(BC34-BE34)/BC34 -> -0.9 | BG34: =VLOOKUP(C34,'[2]5月汇总'!$C:$I,7,0) -> 47 | BH34: =BG34+AD34 -> 125.962 | BI34: =BH34/AC34 -> 0.07872625 | BJ34: =VLOOKUP(C34,[1]两年对比终版!$A:$W,23,0) -> 329.72867 | BK34: =(BH34-BJ34)/BH34 -> -1.6176837
A35: 29 | B35: C | C35: 菲律宾-2 | D35: 85 | E35: 29 | F35: 0.34117647 | G35: 0 | H35: =(E35-G35)/E35 -> 1 | I35: 650 | J35: 214.149 | K35: 0.32946 | L35: 0 | M35: =(J35-L35)/J35 -> 1 | N35: 27 | O35: 0 | P35: 0 | Q35: 0 | R35: =(O35-Q35)/O35 -> #DIV/0! | S35: 350 | T35: 0 | U35: 0 | V35: 0 | W35: =(T35-V35)/T35 -> #DIV/0! | X35: 27 | Y35: 0 | Z35: 0 | AA35: 0 | AB35: =(Y35-AA35)/Y35 -> #DIV/0! | AC35: 350 | AD35: 0 | AE35: 0 | AF35: 0 | AG35: =(AD35-AF35)/AD35 -> #DIV/0! | AH35: =VLOOKUP(C35,'[2]5月汇总'!$C:$I,2,0) -> 3 | AI35: =E35+AH35 -> 32 | AJ35: =AI35/D35 -> 0.37647059 | AK35: =VLOOKUP(C35,[1]两年对比终版!$A:$C,3,0) -> 0 | AL35: =(AI35-AK35)/AI35 -> 1 | AM35: =VLOOKUP(C35,'[2]5月汇总'!$C:$I,3,0) -> 35 | AN35: =AM35+J35 -> 249.149 | AO35: =AN35/I35 -> 0.38330615 | AP35: =VLOOKUP(C35,[1]两年对比终版!$A:$F,6,0) -> 0 | AQ35: =(AN35-AP35)/AN35 -> 1 | AR35: =VLOOKUP(C35,'[2]5月汇总'!$C:$I,4,0) -> 3 | AS35: =AR35+O35 -> 3 | AT35: =AS35/N35 -> 0.11111111 | AU35: =VLOOKUP(C35,[1]两年对比终版!$A:$W,14,0) -> 0 | AV35: =(AS35-AU35)/AS35 -> 1 | AW35: =VLOOKUP(C35,'[2]5月汇总'!$C:$I,5,0) -> 35 | AX35: =AW35+T35 -> 35 | AY35: =AX35/S35 -> 0.1 | AZ35: =VLOOKUP(C35,[1]两年对比终版!$A:$W,17,0) -> 0 | BA35: =(AX35-AZ35)/AX35 -> 1 | BB35: =VLOOKUP(C35,'[2]5月汇总'!$C:$I,6,0) -> 1 | BC35: =BB35+Y35 -> 1 | BD35: =BC35/X35 -> 0.037037037 | BE35: =VLOOKUP(C35,[1]两年对比终版!$A:$W,20,0) -> 0 | BF35: =(BC35-BE35)/BC35 -> 1 | BG35: =VLOOKUP(C35,'[2]5月汇总'!$C:$I,7,0) -> 10 | BH35: =BG35+AD35 -> 10 | BI35: =BH35/AC35 -> 0.028571429 | BJ35: =VLOOKUP(C35,[1]两年对比终版!$A:$W,23,0) -> 0 | BK35: =(BH35-BJ35)/BH35 -> 1
A36: 30 | B36: C | C36: 印尼-2 | D36: 250 | E36: 51 | F36: 0.204 | G36: 0 | H36: =(E36-G36)/E36 -> 1 | I36: 1700 | J36: 530.632 | K36: 0.31213647 | L36: 0 | M36: =(J36-L36)/J36 -> 1 | N36: 42 | O36: 0 | P36: 0 | Q36: 0 | R36: =(O36-Q36)/O36 -> #DIV/0! | S36: 400 | T36: 0 | U36: 0 | V36: 0 | W36: =(T36-V36)/T36 -> #DIV/0! | X36: 42 | Y36: 0 | Z36: 0 | AA36: 0 | AB36: =(Y36-AA36)/Y36 -> #DIV/0! | AC36: 400 | AD36: 0 | AE36: 0 | AF36: 0 | AG36: =(AD36-AF36)/AD36 -> #DIV/0! | AH36: =VLOOKUP(C36,'[2]5月汇总'!$C:$I,2,0) -> 0 | AI36: =E36+AH36 -> 51 | AJ36: =AI36/D36 -> 0.204 | AK36: =VLOOKUP(C36,[1]两年对比终版!$A:$C,3,0) -> 0 | AL36: =(AI36-AK36)/AI36 -> 1 | AM36: =VLOOKUP(C36,'[2]5月汇总'!$C:$I,3,0) -> 0 | AN36: =AM36+J36 -> 530.632 | AO36: =AN36/I36 -> 0.31213647 | AP36: =VLOOKUP(C36,[1]两年对比终版!$A:$F,6,0) -> 0 | AQ36: =(AN36-AP36)/AN36 -> 1 | AR36: =VLOOKUP(C36,'[2]5月汇总'!$C:$I,4,0) -> 0 | AS36: =AR36+O36 -> 0 | AT36: =AS36/N36 -> 0 | AU36: =VLOOKUP(C36,[1]两年对比终版!$A:$W,14,0) -> 0 | AV36: =(AS36-AU36)/AS36 -> #DIV/0! | AW36: =VLOOKUP(C36,'[2]5月汇总'!$C:$I,5,0) -> 0 | AX36: =AW36+T36 -> 0 | AY36: =AX36/S36 -> 0 | AZ36: =VLOOKUP(C36,[1]两年对比终版!$A:$W,17,0) -> 0 | BA36: =(AX36-AZ36)/AX36 -> #DIV/0! | BB36: =VLOOKUP(C36,'[2]5月汇总'!$C:$I,6,0) -> 0 | BC36: =BB36+Y36 -> 0 | BD36: =BC36/X36 -> 0 | BE36: =VLOOKUP(C36,[1]两年对比终版!$A:$W,20,0) -> 0 | BF36: =(BC36-BE36)/BC36 -> #DIV/0! | BG36: =VLOOKUP(C36,'[2]5月汇总'!$C:$I,7,0) -> 85 | BH36: =BG36+AD36 -> 85 | BI36: =BH36/AC36 -> 0.2125 | BJ36: =VLOOKUP(C36,[1]两年对比终版!$A:$W,23,0) -> 0 | BK36: =(BH36-BJ36)/BH36 -> 1
A37: 亚洲2合计 | D37: 1823 | E37: 401 | F37: 0.21996709 | G37: 257 | H37: =(E37-G37)/E37 -> 0.35910224 | I37: 15128.25 | J37: 4161.301 | K37: 0.27506823 | L37: 2972.9496 | M37: =(J37-L37)/J37 -> 0.28557208 | N37: 501 | O37: 86 | P37: 0.17165669 | Q37: 46 | R37: =(O37-Q37)/O37 -> 0.46511628 | S37: 6146.245 | T37: 789.0618 | U37: 0.12838112 | V37: 584.48013 | W37: =(T37-V37)/T37 -> 0.25927205 | X37: 501 | Y37: 55 | Z37: 0.10978044 | AA37: 59 | AB37: =(Y37-AA37)/Y37 -> -0.072727273 | AC37: 6146.245 | AD37: 521.0774 | AE37: 0.084779796 | AF37: 727.50165 | AG37: =(AD37-AF37)/AD37 -> -0.39614892 | AH37: =SUM(AH26:AH36) -> 108 | AI37: =AH37+E37 -> 509 | AJ37: =AI37/D37 -> 0.27921009 | AK37: =SUM(AK26:AK36) -> 467 | AL37: =(AI37-AK37)/AI37 -> 0.082514735 | AM37: =SUM(AM26:AM36) -> 919.25 | AN37: =AM37+J37 -> 5080.551 | AO37: =AN37/I37 -> 0.33583204 | AP37: =SUM(AP26:AP36) -> 5851.5674 | AQ37: =(AN37-AP37)/AN37 -> -0.15175842 | AR37: =SUM(AR26:AR36) -> 45 | AS37: =AR37+O37 -> 131 | AT37: =AS37/N37 -> 0.26147705 | AU37: =SUM(AU26:AU36) -> 88 | AV37: =(AS37-AU37)/AS37 -> 0.32824427 | AW37: =SUM(AW26:AW36) -> 444.586 | AX37: =AW37+T37 -> 1233.6478 | AY37: =AX37/S37 -> 0.20071569 | AZ37: =SUM(AZ26:AZ36) -> 1221.5454 | BA37: =(AX37-AZ37)/AX37 -> 0.0098102206 | BB37: =SUM(BB26:BB36) -> 27 | BC37: =BB37+Y37 -> 82 | BD37: =BC37/X37 -> 0.16367265 | BE37: =SUM(BE26:BE36) -> 78 | BF37: =(BC37-BE37)/BC37 -> 0.048780488 | BG37: =SUM(BG26:BG36) -> 519.22848 | BH37: =BG37+AD37 -> 1040.3059 | BI37: =BH37/AC37 -> 0.16925877 | BJ37: =SUM(BJ26:BJ36) -> 913.28937 | BK37: =(BH37-BJ37)/BH37 -> 0.12209535
A38: 31 | B38: B | C38: 阿联酋-2 | D38: 63 | E38: 43 | F38: 0.68253968 | G38: 40 | H38: =(E38-G38)/E38 -> 0.069767442 | I38: 2450 | J38: 490.787 | K38: 0.20032122 | L38: 1027.7122 | M38: =(J38-L38)/J38 -> -1.0940087 | N38: 20 | O38: 5 | P38: 0.25 | Q38: 25 | R38: =(O38-Q38)/O38 -> -4 | S38: 900 | T38: 55.9393 | U38: 0.062154778 | V38: 891.86092 | W38: =(T38-V38)/T38 -> -14.943369 | X38: 20 | Y38: 1 | Z38: 0.05 | AA38: 16 | AB38: =(Y38-AA38)/Y38 -> -15 | AC38: 900 | AD38: 26.6761 | AE38: 0.029640111 | AF38: 539.00555 | AG38: =(AD38-AF38)/AD38 -> -19.20556 | AH38: =VLOOKUP(C38,'[2]5月汇总'!$C:$I,2,0) -> 50 | AI38: =E38+AH38 -> 93 | AJ38: =AI38/D38 -> 1.4761905 | AK38: =VLOOKUP(C38,[1]两年对比终版!$A:$C,3,0) -> 42 | AL38: =(AI38-AK38)/AI38 -> 0.5483871 | AM38: =VLOOKUP(C38,'[2]5月汇总'!$C:$I,3,0) -> 267.5 | AN38: =AM38+J38 -> 758.287 | AO38: =AN38/I38 -> 0.3095049 | AP38: =VLOOKUP(C38,[1]两年对比终版!$A:$F,6,0) -> 1049.7856 | AQ38: =(AN38-AP38)/AN38 -> -0.3844172 | AR38: =VLOOKUP(C38,'[2]5月汇总'!$C:$I,4,0) -> 15 | AS38: =AR38+O38 -> 20 | AT38: =AS38/N38 -> 1 | AU38: =VLOOKUP(C38,[1]两年对比终版!$A:$W,14,0) -> 27 | AV38: =(AS38-AU38)/AS38 -> -0.35 | AW38: =VLOOKUP(C38,'[2]5月汇总'!$C:$I,5,0) -> 157.5 | AX38: =AW38+T38 -> 213.4393 | AY38: =AX38/S38 -> 0.23715478 | AZ38: =VLOOKUP(C38,[1]两年对比终版!$A:$W,17,0) -> 913.93426 | BA38: =(AX38-AZ38)/AX38 -> -3.2819399 | BB38: =VLOOKUP(C38,'[2]5月汇总'!$C:$I,6,0) -> 15 | BC38: =BB38+Y38 -> 16 | BD38: =BC38/X38 -> 0.8 | BE38: =VLOOKUP(C38,[1]两年对比终版!$A:$W,20,0) -> 26 | BF38: =(BC38-BE38)/BC38 -> -0.625 | BG38: =VLOOKUP(C38,'[2]5月汇总'!$C:$I,7,0) -> 157.5 | BH38: =BG38+AD38 -> 184.1761 | BI38: =BH38/AC38 -> 0.20464011 | BJ38: =VLOOKUP(C38,[1]两年对比终版!$A:$W,23,0) -> 895.74992 | BK38: =(BH38-BJ38)/BH38 -> -3.8635514
A39: 32 | B39: A | C39: 沙特工厂 | D39: 733 | E39: 213 | F39: 0.29058663 | G39: 288 | H39: =(E39-G39)/E39 -> -0.35211268 | I39: 6860 | J39: 1838.18 | K39: 0.26795627 | L39: 2858.819 | M39: =(J39-L39)/J39 -> -0.55524433 | N39: 200 | O39: 29 | P39: 0.145 | Q39: 56 | R39: =(O39-Q39)/O39 -> -0.93103448 | S39: 2360 | T39: 257.589 | U39: 0.10914788 | V39: 513.03622 | W39: =(T39-V39)/T39 -> -0.99168527 | X39: 200 | Y39: 29 | Z39: 0.145 | AA39: 60 | AB39: =(Y39-AA39)/Y39 -> -1.0689655 | AC39: 2360 | AD39: 257.589 | AE39: 0.10914788 | AF39: 501.76314 | AG39: =(AD39-AF39)/AD39 -> -0.94792146 | AH39: =VLOOKUP(C39,'[2]5月汇总'!$C:$I,2,0) -> 60 | AI39: =E39+AH39 -> 273 | AJ39: =AI39/D39 -> 0.37244202 | AK39: =VLOOKUP(C39,[1]两年对比终版!$A:$C,3,0) -> 860 | AL39: =(AI39-AK39)/AI39 -> -2.1501832 | AM39: =VLOOKUP(C39,'[2]5月汇总'!$C:$I,3,0) -> 480 | AN39: =AM39+J39 -> 2318.18 | AO39: =AN39/I39 -> 0.33792711 | AP39: =VLOOKUP(C39,[1]两年对比终版!$A:$F,6,0) -> 7680.8761 | AQ39: =(AN39-AP39)/AN39 -> -2.3133217 | AR39: =VLOOKUP(C39,'[2]5月汇总'!$C:$I,4,0) -> 40 | AS39: =AR39+O39 -> 69 | AT39: =AS39/N39 -> 0.345 | AU39: =VLOOKUP(C39,[1]两年对比终版!$A:$W,14,0) -> 115 | AV39: =(AS39-AU39)/AS39 -> -0.66666667 | AW39: =VLOOKUP(C39,'[2]5月汇总'!$C:$I,5,0) -> 320 | AX39: =AW39+T39 -> 577.589 | AY39: =AX39/S39 -> 0.2447411 | AZ39: =VLOOKUP(C39,[1]两年对比终版!$A:$W,17,0) -> 999.50571 | BA39: =(AX39-AZ39)/AX39 -> -0.73047912 | BB39: =VLOOKUP(C39,'[2]5月汇总'!$C:$I,6,0) -> 30 | BC39: =BB39+Y39 -> 59 | BD39: =BC39/X39 -> 0.295 | BE39: =VLOOKUP(C39,[1]两年对比终版!$A:$W,20,0) -> 132 | BF39: =(BC39-BE39)/BC39 -> -1.2372881 | BG39: =VLOOKUP(C39,'[2]5月汇总'!$C:$I,7,0) -> 240 | BH39: =BG39+AD39 -> 497.589 | BI39: =BH39/AC39 -> 0.2108428 | BJ39: =VLOOKUP(C39,[1]两年对比终版!$A:$W,23,0) -> 1132.2966 | BK39: =(BH39-BJ39)/BH39 -> -1.275566
A40: 33 | B40: A | C40: 沙特-1 | D40: 299 | E40: 89 | F40: 0.29765886 | G40: 115 | H40: =(E40-G40)/E40 -> -0.29213483 | I40: 3710 | J40: 696.211 | K40: 0.18765795 | L40: 884.79749 | M40: =(J40-L40)/J40 -> -0.27087548 | N40: 150 | O40: 13 | P40: 0.086666667 | Q40: 14 | R40: =(O40-Q40)/O40 -> -0.076923077 | S40: 1500 | T40: 108.787 | U40: 0.072524667 | V40: 188.04364 | W40: =(T40-V40)/T40 -> -0.72854886 | X40: 150 | Y40: 22 | Z40: 0.14666667 | AA40: 8 | AB40: =(Y40-AA40)/Y40 -> 0.63636364 | AC40: 1500 | AD40: 239.502 | AE40: 0.159668 | AF40: 74.390415 | AG40: =(AD40-AF40)/AD40 -> 0.68939543 | AH40: =VLOOKUP(C40,'[2]5月汇总'!$C:$I,2,0) -> 24 | AI40: =E40+AH40 -> 113 | AJ40: =AI40/D40 -> 0.37792642 | AK40: =VLOOKUP(C40,[1]两年对比终版!$A:$C,3,0) -> 380 | AL40: =(AI40-AK40)/AI40 -> -2.3628319 | AM40: =VLOOKUP(C40,'[2]5月汇总'!$C:$I,3,0) -> 190 | AN40: =AM40+J40 -> 886.211 | AO40: =AN40/I40 -> 0.23887089 | AP40: =VLOOKUP(C40,[1]两年对比终版!$A:$F,6,0) -> 2999.3153 | AQ40: =(AN40-AP40)/AN40 -> -2.3844257 | AR40: =VLOOKUP(C40,'[2]5月汇总'!$C:$I,4,0) -> 2 | AS40: =AR40+O40 -> 15 | AT40: =AS40/N40 -> 0.1 | AU40: =VLOOKUP(C40,[1]两年对比终版!$A:$W,14,0) -> 18 | AV40: =(AS40-AU40)/AS40 -> -0.2 | AW40: =VLOOKUP(C40,'[2]5月汇总'!$C:$I,5,0) -> 21 | AX40: =AW40+T40 -> 129.787 | AY40: =AX40/S40 -> 0.086524667 | AZ40: =VLOOKUP(C40,[1]两年对比终版!$A:$W,17,0) -> 244.92997 | BA40: =(AX40-AZ40)/AX40 -> -0.88716871 | BB40: =VLOOKUP(C40,'[2]5月汇总'!$C:$I,6,0) -> 15 | BC40: =BB40+Y40 -> 37 | BD40: =BC40/X40 -> 0.24666667 | BE40: =VLOOKUP(C40,[1]两年对比终版!$A:$W,20,0) -> 22 | BF40: =(BC40-BE40)/BC40 -> 0.40540541 | BG40: =VLOOKUP(C40,'[2]5月汇总'!$C:$I,7,0) -> 160 | BH40: =BG40+AD40 -> 399.502 | BI40: =BH40/AC40 -> 0.26633467 | BJ40: =VLOOKUP(C40,[1]两年对比终版!$A:$W,23,0) -> 262.43406 | BK40: =(BH40-BJ40)/BH40 -> 0.34309701
A41: 34 | B41: C | C41: 科威特 | D41: 136 | E41: 25 | F41: 0.18382353 | G41: 30 | H41: =(E41-G41)/E41 -> -0.2 | I41: 1820 | J41: 479.952 | K41: 0.26370989 | L41: 304.12705 | M41: =(J41-L41)/J41 -> 0.3663386 | N41: 64 | O41: 0 | P41: 0 | Q41: 10 | R41: =(O41-Q41)/O41 -> #DIV/0! | S41: 732 | T41: 0 | U41: 0 | V41: 117.1505 | W41: =(T41-V41)/T41 -> #DIV/0! | X41: 64 | Y41: 9 | Z41: 0.140625 | AA41: 5 | AB41: =(Y41-AA41)/Y41 -> 0.44444444 | AC41: 732 | AD41: 87.0849 | AE41: 0.11896844 | AF41: 62.95374 | AG41: =(AD41-AF41)/AD41 -> 0.27709924 | AH41: =VLOOKUP(C41,'[2]5月汇总'!$C:$I,2,0) -> 20 | AI41: =E41+AH41 -> 45 | AJ41: =AI41/D41 -> 0.33088235 | AK41: =VLOOKUP(C41,[1]两年对比终版!$A:$C,3,0) -> 77 | AL41: =(AI41-AK41)/AI41 -> -0.71111111 | AM41: =VLOOKUP(C41,'[2]5月汇总'!$C:$I,3,0) -> 200 | AN41: =AM41+J41 -> 679.952 | AO41: =AN41/I41 -> 0.3736 | AP41: =VLOOKUP(C41,[1]两年对比终版!$A:$F,6,0) -> 1017.158 | AQ41: =(AN41-AP41)/AN41 -> -0.49592623 | AR41: =VLOOKUP(C41,'[2]5月汇总'!$C:$I,4,0) -> 4 | AS41: =AR41+O41 -> 4 | AT41: =AS41/N41 -> 0.0625 | AU41: =VLOOKUP(C41,[1]两年对比终版!$A:$W,14,0) -> 11 | AV41: =(AS41-AU41)/AS41 -> -1.75 | AW41: =VLOOKUP(C41,'[2]5月汇总'!$C:$I,5,0) -> 45 | AX41: =AW41+T41 -> 45 | AY41: =AX41/S41 -> 0.06147541 | AZ41: =VLOOKUP(C41,[1]两年对比终版!$A:$W,17,0) -> 126.79957 | BA41: =(AX41-AZ41)/AX41 -> -1.8177682 | BB41: =VLOOKUP(C41,'[2]5月汇总'!$C:$I,6,0) -> 1 | BC41: =BB41+Y41 -> 10 | BD41: =BC41/X41 -> 0.15625 | BE41: =VLOOKUP(C41,[1]两年对比终版!$A:$W,20,0) -> 12 | BF41: =(BC41-BE41)/BC41 -> -0.2 | BG41: =VLOOKUP(C41,'[2]5月汇总'!$C:$I,7,0) -> 4 | BH41: =BG41+AD41 -> 91.0849 | BI41: =BH41/AC41 -> 0.12443292 | BJ41: =VLOOKUP(C41,[1]两年对比终版!$A:$W,23,0) -> 134.82774 | BK41: =(BH41-BJ41)/BH41 -> -0.48024255
A42: 35 | B42: A | C42: 阿联酋-1 | D42: 416 | E42: 88 | F42: 0.21153846 | G42: 103 | H42: =(E42-G42)/E42 -> -0.17045455 | I42: 3710 | J42: 778.696 | K42: 0.20989111 | L42: 727.19352 | M42: =(J42-L42)/J42 -> 0.066139387 | N42: 150 | O42: 34 | P42: 0.22666667 | Q42: 46 | R42: =(O42-Q42)/O42 -> -0.35294118 | S42: 1500 | T42: 246.246 | U42: 0.164164 | V42: 332.66631 | W42: =(T42-V42)/T42 -> -0.3509511 | X42: 150 | Y42: 32 | Z42: 0.21333333 | AA42: 32 | AB42: =(Y42-AA42)/Y42 -> 0 | AC42: 1500 | AD42: 217.117 | AE42: 0.14474467 | AF42: 238.98827 | AG42: =(AD42-AF42)/AD42 -> -0.10073493 | AH42: =VLOOKUP(C42,'[2]5月汇总'!$C:$I,2,0) -> 9 | AI42: =E42+AH42 -> 97 | AJ42: =AI42/D42 -> 0.23317308 | AK42: =VLOOKUP(C42,[1]两年对比终版!$A:$C,3,0) -> 404 | AL42: =(AI42-AK42)/AI42 -> -3.1649485 | AM42: =VLOOKUP(C42,'[2]5月汇总'!$C:$I,3,0) -> 110 | AN42: =AM42+J42 -> 888.696 | AO42: =AN42/I42 -> 0.2395407 | AP42: =VLOOKUP(C42,[1]两年对比终版!$A:$F,6,0) -> 3426.4583 | AQ42: =(AN42-AP42)/AN42 -> -2.8556023 | AR42: =VLOOKUP(C42,'[2]5月汇总'!$C:$I,4,0) -> 34 | AS42: =AR42+O42 -> 68 | AT42: =AS42/N42 -> 0.45333333 | AU42: =VLOOKUP(C42,[1]两年对比终版!$A:$W,14,0) -> 63 | AV42: =(AS42-AU42)/AS42 -> 0.073529412 | AW42: =VLOOKUP(C42,'[2]5月汇总'!$C:$I,5,0) -> 300 | AX42: =AW42+T42 -> 546.246 | AY42: =AX42/S42 -> 0.364164 | AZ42: =VLOOKUP(C42,[1]两年对比终版!$A:$W,17,0) -> 500.02766 | BA42: =(AX42-AZ42)/AX42 -> 0.084610851 | BB42: =VLOOKUP(C42,'[2]5月汇总'!$C:$I,6,0) -> 6 | BC42: =BB42+Y42 -> 38 | BD42: =BC42/X42 -> 0.25333333 | BE42: =VLOOKUP(C42,[1]两年对比终版!$A:$W,20,0) -> 52 | BF42: =(BC42-BE42)/BC42 -> -0.36842105 | BG42: =VLOOKUP(C42,'[2]5月汇总'!$C:$I,7,0) -> 80 | BH42: =BG42+AD42 -> 297.117 | BI42: =BH42/AC42 -> 0.198078 | BJ42: =VLOOKUP(C42,[1]两年对比终版!$A:$W,23,0) -> 388.01158 | BK42: =(BH42-BJ42)/BH42 -> -0.30592183
A43: 36 | B43: C | C43: 卡塔尔 | D43: 50 | E43: 12 | F43: 0.24 | G43: 0 | H43: =(E43-G43)/E43 -> 1 | I43: 700 | J43: 155.366 | K43: 0.22195143 | L43: 0 | M43: =(J43-L43)/J43 -> 1 | N43: 42 | O43: 0 | P43: 0 | Q43: 0 | R43: =(O43-Q43)/O43 -> #DIV/0! | S43: 500 | T43: 0 | U43: 0 | V43: 0 | W43: =(T43-V43)/T43 -> #DIV/0! | X43: 42 | Y43: 0 | Z43: 0 | AA43: 0 | AB43: =(Y43-AA43)/Y43 -> #DIV/0! | AC43: 500 | AD43: 0 | AE43: 0 | AF43: 0 | AG43: =(AD43-AF43)/AD43 -> #DIV/0! | AH43: =VLOOKUP(C43,'[2]5月汇总'!$C:$I,2,0) -> 6 | AI43: =E43+AH43 -> 18 | AJ43: =AI43/D43 -> 0.36 | AK43: =VLOOKUP(C43,[1]两年对比终版!$A:$C,3,0) -> 0 | AL43: =(AI43-AK43)/AI43 -> 1 | AM43: =VLOOKUP(C43,'[2]5月汇总'!$C:$I,3,0) -> 36.72 | AN43: =AM43+J43 -> 192.086 | AO43: =AN43/I43 -> 0.27440857 | AP43: =VLOOKUP(C43,[1]两年对比终版!$A:$F,6,0) -> 0 | AQ43: =(AN43-AP43)/AN43 -> 1 | AR43: =VLOOKUP(C43,'[2]5月汇总'!$C:$I,4,0) -> 2 | AS43: =AR43+O43 -> 2 | AT43: =AS43/N43 -> 0.047619048 | AU43: =VLOOKUP(C43,[1]两年对比终版!$A:$W,14,0) -> 0 | AV43: =(AS43-AU43)/AS43 -> 1 | AW43: =VLOOKUP(C43,'[2]5月汇总'!$C:$I,5,0) -> 12.24 | AX43: =AW43+T43 -> 12.24 | AY43: =AX43/S43 -> 0.02448 | AZ43: =VLOOKUP(C43,[1]两年对比终版!$A:$W,17,0) -> 0 | BA43: =(AX43-AZ43)/AX43 -> 1 | BB43: =VLOOKUP(C43,'[2]5月汇总'!$C:$I,6,0) -> 0 | BC43: =BB43+Y43 -> 0 | BD43: =BC43/X43 -> 0 | BE43: =VLOOKUP(C43,[1]两年对比终版!$A:$W,20,0) -> 0 | BF43: =(BC43-BE43)/BC43 -> #DIV/0! | BG43: =VLOOKUP(C43,'[2]5月汇总'!$C:$I,7,0) -> 0 | BH43: =BG43+AD43 -> 0 | BI43: =BH43/AC43 -> 0 | BJ43: =VLOOKUP(C43,[1]两年对比终版!$A:$W,23,0) -> 0 | BK43: =(BH43-BJ43)/BH43 -> #DIV/0!
A44: 37 | B44: D | C44: 伊拉克 | D44: 81 | E44: 24 | F44: 0.2962963 | G44: 19 | H44: =(E44-G44)/E44 -> 0.20833333 | I44: 700 | J44: 292.144 | K44: 0.41734857 | L44: 141.60719 | M44: =(J44-L44)/J44 -> 0.51528292 | N44: 42 | O44: 8 | P44: 0.19047619 | Q44: 5 | R44: =(O44-Q44)/O44 -> 0.375 | S44: 300 | T44: 65.9294 | U44: 0.21976467 | V44: 36.667755 | W44: =(T44-V44)/T44 -> 0.44383302 | X44: 42 | Y44: 4 | Z44: 0.095238095 | AA44: 0 | AB44: =(Y44-AA44)/Y44 -> 1 | AC44: 300 | AD44: 29.1079 | AE44: 0.097026333 | AF44: 0 | AG44: =(AD44-AF44)/AD44 -> 1 | AH44: =VLOOKUP(C44,'[2]5月汇总'!$C:$I,2,0) -> 4 | AI44: =E44+AH44 -> 28 | AJ44: =AI44/D44 -> 0.34567901 | AK44: =VLOOKUP(C44,[1]两年对比终版!$A:$C,3,0) -> 53 | AL44: =(AI44-AK44)/AI44 -> -0.89285714 | AM44: =VLOOKUP(C44,'[2]5月汇总'!$C:$I,3,0) -> 30 | AN44: =AM44+J44 -> 322.144 | AO44: =AN44/I44 -> 0.46020571 | AP44: =VLOOKUP(C44,[1]两年对比终版!$A:$F,6,0) -> 592.63862 | AQ44: =(AN44-AP44)/AN44 -> -0.83966989 | AR44: =VLOOKUP(C44,'[2]5月汇总'!$C:$I,4,0) -> 4 | AS44: =AR44+O44 -> 12 | AT44: =AS44/N44 -> 0.28571429 | AU44: =VLOOKUP(C44,[1]两年对比终版!$A:$W,14,0) -> 8 | AV44: =(AS44-AU44)/AS44 -> 0.33333333 | AW44: =VLOOKUP(C44,'[2]5月汇总'!$C:$I,5,0) -> 30 | AX44: =AW44+T44 -> 95.9294 | AY44: =AX44/S44 -> 0.31976467 | AZ44: =VLOOKUP(C44,[1]两年对比终版!$A:$W,17,0) -> 61.438507 | BA44: =(AX44-AZ44)/AX44 -> 0.35954455 | BB44: =VLOOKUP(C44,'[2]5月汇总'!$C:$I,6,0) -> 7 | BC44: =BB44+Y44 -> 11 | BD44: =BC44/X44 -> 0.26190476 | BE44: =VLOOKUP(C44,[1]两年对比终版!$A:$W,20,0) -> 8 | BF44: =(BC44-BE44)/BC44 -> 0.27272727 | BG44: =VLOOKUP(C44,'[2]5月汇总'!$C:$I,7,0) -> 51.3 | BH44: =BG44+AD44 -> 80.4079 | BI44: =BH44/AC44 -> 0.26802633 | BJ44: =VLOOKUP(C44,[1]两年对比终版!$A:$W,23,0) -> 61.438507 | BK44: =(BH44-BJ44)/BH44 -> 0.23591454
A45: 38 | B45: C | C45: 巴勒斯坦 | D45: 181 | E45: 18 | F45: 0.099447514 | G45: 0 | H45: =(E45-G45)/E45 -> 1 | I45: 1680 | J45: 333.397 | K45: 0.1984506 | L45: 0 | M45: =(J45-L45)/J45 -> 1 | N45: 80 | O45: 3 | P45: 0.0375 | Q45: 0 | R45: =(O45-Q45)/O45 -> 1 | S45: 700 | T45: 24.9508 | U45: 0.035644 | V45: 0 | W45: =(T45-V45)/T45 -> 1 | X45: 80 | Y45: 0 | Z45: 0 | AA45: 0 | AB45: =(Y45-AA45)/Y45 -> #DIV/0! | AC45: 700 | AD45: 0 | AE45: 0 | AF45: 0 | AG45: =(AD45-AF45)/AD45 -> #DIV/0! | AH45: =VLOOKUP(C45,'[2]5月汇总'!$C:$I,2,0) -> 2 | AI45: =E45+AH45 -> 20 | AJ45: =AI45/D45 -> 0.11049724 | AK45: =VLOOKUP(C45,[1]两年对比终版!$A:$C,3,0) -> 0 | AL45: =(AI45-AK45)/AI45 -> 1 | AM45: =VLOOKUP(C45,'[2]5月汇总'!$C:$I,3,0) -> 15 | AN45: =AM45+J45 -> 348.397 | AO45: =AN45/I45 -> 0.20737917 | AP45: =VLOOKUP(C45,[1]两年对比终版!$A:$F,6,0) -> 0 | AQ45: =(AN45-AP45)/AN45 -> 1 | AR45: =VLOOKUP(C45,'[2]5月汇总'!$C:$I,4,0) -> 2 | AS45: =AR45+O45 -> 5 | AT45: =AS45/N45 -> 0.0625 | AU45: =VLOOKUP(C45,[1]两年对比终版!$A:$W,14,0) -> 0 | AV45: =(AS45-AU45)/AS45 -> 1 | AW45: =VLOOKUP(C45,'[2]5月汇总'!$C:$I,5,0) -> 15 | AX45: =AW45+T45 -> 39.9508 | AY45: =AX45/S45 -> 0.057072571 | AZ45: =VLOOKUP(C45,[1]两年对比终版!$A:$W,17,0) -> 0 | BA45: =(AX45-AZ45)/AX45 -> 1 | BB45: =VLOOKUP(C45,'[2]5月汇总'!$C:$I,6,0) -> 3 | BC45: =BB45+Y45 -> 3 | BD45: =BC45/X45 -> 0.0375 | BE45: =VLOOKUP(C45,[1]两年对比终版!$A:$W,20,0) -> 0 | BF45: =(BC45-BE45)/BC45 -> 1 | BG45: =VLOOKUP(C45,'[2]5月汇总'!$C:$I,7,0) -> 25 | BH45: =BG45+AD45 -> 25 | BI45: =BH45/AC45 -> 0.035714286 | BJ45: =VLOOKUP(C45,[1]两年对比终版!$A:$W,23,0) -> 0 | BK45: =(BH45-BJ45)/BH45 -> 1
A46: 39 | B46: C | C46: 阿联酋3 | D46: 59 | E46: 0 | F46: 0 | G46: 0 | H46: =(E46-G46)/E46 -> #DIV/0! | I46: 910 | J46: 0 | K46: 0 | L46: 0 | M46: =(J46-L46)/J46 -> #DIV/0! | N46: 44 | O46: 0 | P46: 0 | Q46: 0 | R46: =(O46-Q46)/O46 -> #DIV/0! | S46: 600 | T46: 0 | U46: 0 | V46: 0 | W46: =(T46-V46)/T46 -> #DIV/0! | X46: 44 | Y46: 0 | Z46: 0 | AA46: 0 | AB46: =(Y46-AA46)/Y46 -> #DIV/0! | AC46: 600 | AD46: 0 | AE46: 0 | AF46: 0 | AG46: =(AD46-AF46)/AD46 -> #DIV/0! | AH46: =VLOOKUP(C46,'[2]5月汇总'!$C:$I,2,0) -> 30 | AI46: =E46+AH46 -> 30 | AJ46: =AI46/D46 -> 0.50847458 | AK46: =VLOOKUP(C46,[1]两年对比终版!$A:$C,3,0) -> 0 | AL46: =(AI46-AK46)/AI46 -> 1 | AM46: =VLOOKUP(C46,'[2]5月汇总'!$C:$I,3,0) -> 205 | AN46: =AM46+J46 -> 205 | AO46: =AN46/I46 -> 0.22527473 | AP46: =VLOOKUP(C46,[1]两年对比终版!$A:$F,6,0) -> 0 | AQ46: =(AN46-AP46)/AN46 -> 1 | AR46: =VLOOKUP(C46,'[2]5月汇总'!$C:$I,4,0) -> 9 | AS46: =AR46+O46 -> 9 | AT46: =AS46/N46 -> 0.20454545 | AU46: =VLOOKUP(C46,[1]两年对比终版!$A:$W,14,0) -> 0 | AV46: =(AS46-AU46)/AS46 -> 1 | AW46: =VLOOKUP(C46,'[2]5月汇总'!$C:$I,5,0) -> 135 | AX46: =AW46+T46 -> 135 | AY46: =AX46/S46 -> 0.225 | AZ46: =VLOOKUP(C46,[1]两年对比终版!$A:$W,17,0) -> 0 | BA46: =(AX46-AZ46)/AX46 -> 1 | BB46: =VLOOKUP(C46,'[2]5月汇总'!$C:$I,6,0) -> 9 | BC46: =BB46+Y46 -> 9 | BD46: =BC46/X46 -> 0.20454545 | BE46: =VLOOKUP(C46,[1]两年对比终版!$A:$W,20,0) -> 0 | BF46: =(BC46-BE46)/BC46 -> 1 | BG46: =VLOOKUP(C46,'[2]5月汇总'!$C:$I,7,0) -> 135 | BH46: =BG46+AD46 -> 135 | BI46: =BH46/AC46 -> 0.225 | BJ46: =VLOOKUP(C46,[1]两年对比终版!$A:$W,23,0) -> 0 | BK46: =(BH46-BJ46)/BH46 -> 1
