Workbook

Sheet 汇总
A1: 2026年国际市场运营系统合同预算情况表
AZ2: 金额单位：万元
A3: 序号 | B3: 模块类型 | C3: 模块 | D3: 新签梯量 | L3: 新签金额 | T3: 排产台 | AB3: 排产额 | AJ3: 发货台 | AR3: 发货额 | AZ3: 回款
D4: 指标 | E4: 完成 | F4: 5月 | G4: 6月 | H4: 半年累计 | I4: 去年同期 | J4: 同比增长 | K4: 完成比 | L4: 指标 | M4: 完成 | N4: 5月 | O4: 6月 | P4: 半年累计 | Q4: 去年同期 | R4: 同比增长 | S4: 完成比 | T4: 指标 | U4: 完成 | V4: 5月 | W4: 6月 | X4: 半年累计 | Y4: 去年同期 | Z4: 同比增长 | AA4: 完成比 | AB4: 指标 | AC4: 完成 | AD4: 5月 | AE4: 6月 | AF4: 半年累计 | AG4: 去年同期 | AH4: 同比增长 | AI4: 完成比 | AJ4: 指标 | AK4: 完成 | AL4: 5月 | AM4: 6月 | AN4: 半年累计 | AO4: 去年同期 | AP4: 同比增长 | AQ4: 完成比 | AR4: 指标 | AS4: 完成 | AT4: 5月 | AU4: 6月 | AV4: 半年累计 | AW4: 去年同期 | AX4: 同比增长 | AY4: 完成比 | AZ4: 指标 | BA4: 完成 | BB4: 5月 | BC4: 6月 | BD4: 累计 | BE4: 去年同期 | BF4: 完成比
A5: 1 | B5: A | C5: 俄罗斯（中部） | D5: 1683 | E5: 437 | F5: =VLOOKUP(C5,'[1]5月25-5月31日汇总'!$C:$D,2,0) -> 0 | G5: =VLOOKUP(C5,'[1]6月汇总'!$C:$D,2,0) -> 100 | H5: =SUM(E5:G5) -> 537 | I5: =VLOOKUP(C5,[2]两年对比终版!$A:$C,3,0) -> 714 | K5: =H5/D5 -> 0.31907308 | L5: 35680 | M5: 8416.64 | N5: =VLOOKUP(C5,'[1]5月25-5月31日汇总'!$C:$E,3,0) -> 0 | O5: =VLOOKUP(C5,'[1]6月汇总'!$C:$E,3,0) -> 1800 | P5: =SUM(M5:O5) -> 10216.64 | Q5: =VLOOKUP(C5,[2]两年对比终版!$A:$F,6,0) -> 12662.341 | S5: =P5/L5 -> 0.28634081 | T5: 750 | U5: 309 | V5: =VLOOKUP(C5,'[1]5月25-5月31日汇总'!$C:$F,4,0) -> 0 | W5: =VLOOKUP(C5,'[1]6月汇总'!$C:$F,4,0) -> 19 | X5: =SUM(U5:W5) -> 328 | Y5: =VLOOKUP(C5,[2]两年对比终版!$A:$N,14,0) -> 371 | AA5: =X5/T5 -> 0.43733333 | AB5: 14500 | AC5: 5700.21 | AD5: =VLOOKUP(C5,'[1]5月25-5月31日汇总'!$C:$G,5,0) -> 0 | AE5: =VLOOKUP(C5,'[1]6月汇总'!$C:$G,5,0) -> 350 | AF5: =SUM(AC5:AE5) -> 6050.21 | AG5: =VLOOKUP(C5,[2]两年对比终版!$A:$Q,17,0) -> 6707.2804 | AI5: =AF5/AB5 -> 0.41725586 | AJ5: 750 | AK5: 259 | AL5: =VLOOKUP(C5,'[1]5月25-5月31日汇总'!$C:$H,6,0) -> 0 | AM5: =VLOOKUP(C5,'[1]6月汇总'!$C:$I,6,0) -> 182 | AN5: =SUM(AK5:AM5) -> 441 | AO5: =VLOOKUP(C5,[2]两年对比终版!$A:$T,20,0) -> 223 | AQ5: =AN5/AJ5 -> 0.588 | AR5: 14500 | AS5: 5724.95 | AT5: =VLOOKUP(C5,'[1]5月25-5月31日汇总'!$C:$I,7,0) -> 0 | AU5: =VLOOKUP(C5,'[1]6月汇总'!$C:$I,7,0) -> 2937 | AV5: =SUM(AS5:AU5) -> 8661.95 | AW5: =VLOOKUP(C5,[2]两年对比终版!$A:$X,23,0) -> 4120.0566 | AY5: =AV5/AR5 -> 0.59737586 | AZ5: 13775 | BA5: 3848.89 | BD5: =SUM(BA5:BC5) -> 3848.89 | BE5: =VLOOKUP(C5,[2]两年对比终版!$A:$AD,30,0) -> 5003.1689 | BF5: =BD5/AZ5 -> 0.27941125
A6: 2 | B6: A | C6: 俄罗斯（西部） | D6: 1683 | E6: 433 | F6: =VLOOKUP(C6,'[1]5月25-5月31日汇总'!$C:$D,2,0) -> 0 | G6: =VLOOKUP(C6,'[1]6月汇总'!$C:$D,2,0) -> 25 | H6: =SUM(E6:G6) -> 458 | I6: =VLOOKUP(C6,[2]两年对比终版!$A:$C,3,0) -> 500 | K6: =H6/D6 -> 0.2721331 | L6: 35680 | M6: 9375.82 | N6: =VLOOKUP(C6,'[1]5月25-5月31日汇总'!$C:$E,3,0) -> 0 | O6: =VLOOKUP(C6,'[1]6月汇总'!$C:$E,3,0) -> 450 | P6: =SUM(M6:O6) -> 9825.82 | Q6: =VLOOKUP(C6,[2]两年对比终版!$A:$F,6,0) -> 9367.9865 | S6: =P6/L6 -> 0.27538733 | T6: 750 | U6: 304 | V6: =VLOOKUP(C6,'[1]5月25-5月31日汇总'!$C:$F,4,0) -> 44 | W6: =VLOOKUP(C6,'[1]6月汇总'!$C:$F,4,0) -> 36 | X6: =SUM(U6:W6) -> 384 | Y6: =VLOOKUP(C6,[2]两年对比终版!$A:$N,14,0) -> 207 | AA6: =X6/T6 -> 0.512 | AB6: 14500 | AC6: 4876.19 | AD6: =VLOOKUP(C6,'[1]5月25-5月31日汇总'!$C:$G,5,0) -> 660.1 | AE6: =VLOOKUP(C6,'[1]6月汇总'!$C:$G,5,0) -> 550 | AF6: =SUM(AC6:AE6) -> 6086.29 | AG6: =VLOOKUP(C6,[2]两年对比终版!$A:$Q,17,0) -> 4230.2512 | AI6: =AF6/AB6 -> 0.41974414 | AJ6: 750 | AK6: 183 | AL6: =VLOOKUP(C6,'[1]5月25-5月31日汇总'!$C:$H,6,0) -> 0 | AM6: =VLOOKUP(C6,'[1]6月汇总'!$C:$I,6,0) -> 0 | AN6: =SUM(AK6:AM6) -> 183 | AO6: =VLOOKUP(C6,[2]两年对比终版!$A:$T,20,0) -> 121 | AQ6: =AN6/AJ6 -> 0.244 | AR6: 14500 | AS6: 3464.95 | AT6: =VLOOKUP(C6,'[1]5月25-5月31日汇总'!$C:$I,7,0) -> 0 | AU6: =VLOOKUP(C6,'[1]6月汇总'!$C:$I,7,0) -> 0 | AV6: =SUM(AS6:AU6) -> 3464.95 | AW6: =VLOOKUP(C6,[2]两年对比终版!$A:$X,23,0) -> 2814.2512 | AY6: =AV6/AR6 -> 0.23896207 | AZ6: 13775 | BA6: 2098.04 | BD6: =SUM(BA6:BC6) -> 2098.04 | BE6: =VLOOKUP(C6,[2]两年对比终版!$A:$AD,30,0) -> 3283.8379 | BF6: =BD6/AZ6 -> 0.1523078
A7: 3 | B7: A | C7: 俄罗斯（东部） | D7: 400 | E7: 210 | F7: =VLOOKUP(C7,'[1]5月25-5月31日汇总'!$C:$D,2,0) -> 0 | G7: =VLOOKUP(C7,'[1]6月汇总'!$C:$D,2,0) -> 31 | H7: =SUM(E7:G7) -> 241 | I7: =VLOOKUP(C7,[2]两年对比终版!$A:$C,3,0) -> 446 | K7: =H7/D7 -> 0.6025 | L7: 6544 | M7: 3909.41 | N7: =VLOOKUP(C7,'[1]5月25-5月31日汇总'!$C:$E,3,0) -> 0 | O7: =VLOOKUP(C7,'[1]6月汇总'!$C:$E,3,0) -> 364 | P7: =SUM(M7:O7) -> 4273.41 | Q7: =VLOOKUP(C7,[2]两年对比终版!$A:$F,6,0) -> 6485.9783 | S7: =P7/L7 -> 0.6530272 | T7: 160 | U7: 98 | V7: =VLOOKUP(C7,'[1]5月25-5月31日汇总'!$C:$F,4,0) -> 0 | W7: =VLOOKUP(C7,'[1]6月汇总'!$C:$F,4,0) -> 10 | X7: =SUM(U7:W7) -> 108 | Y7: =VLOOKUP(C7,[2]两年对比终版!$A:$N,14,0) -> 126 | AA7: =X7/T7 -> 0.675 | AB7: 2657 | AC7: 1280.19 | AD7: =VLOOKUP(C7,'[1]5月25-5月31日汇总'!$C:$G,5,0) -> 0 | AE7: =VLOOKUP(C7,'[1]6月汇总'!$C:$G,5,0) -> 180 | AF7: =SUM(AC7:AE7) -> 1460.19 | AG7: =VLOOKUP(C7,[2]两年对比终版!$A:$Q,17,0) -> 1887.3783 | AI7: =AF7/AB7 -> 0.54956342 | AJ7: 160 | AK7: 58 | AL7: =VLOOKUP(C7,'[1]5月25-5月31日汇总'!$C:$H,6,0) -> 4 | AM7: =VLOOKUP(C7,'[1]6月汇总'!$C:$I,6,0) -> 27 | AN7: =SUM(AK7:AM7) -> 89 | AO7: =VLOOKUP(C7,[2]两年对比终版!$A:$T,20,0) -> 125 | AQ7: =AN7/AJ7 -> 0.55625 | AR7: 2657 | AS7: 712.73 | AT7: =VLOOKUP(C7,'[1]5月25-5月31日汇总'!$C:$I,7,0) -> 72 | AU7: =VLOOKUP(C7,'[1]6月汇总'!$C:$I,7,0) -> 374 | AV7: =SUM(AS7:AU7) -> 1158.73 | AW7: =VLOOKUP(C7,[2]两年对比终版!$A:$X,23,0) -> 1964.9378 | AY7: =AV7/AR7 -> 0.43610463 | AZ7: 2524 | BA7: 761.994 | BD7: =SUM(BA7:BC7) -> 761.994 | BE7: =VLOOKUP(C7,[2]两年对比终版!$A:$AD,30,0) -> 2215.7524 | BF7: =BD7/AZ7 -> 0.30189937
A8: 4 | B8: A | C8: 罗斯托夫 | D8: 270 | E8: 43 | F8: =VLOOKUP(C8,'[1]5月25-5月31日汇总'!$C:$D,2,0) -> 0 | G8: =VLOOKUP(C8,'[1]6月汇总'!$C:$D,2,0) -> 33 | H8: =SUM(E8:G8) -> 76 | I8: =VLOOKUP(C8,[2]两年对比终版!$A:$C,3,0) -> 0 | K8: =H8/D8 -> 0.28148148 | L8: 4428 | M8: 904.52 | N8: =VLOOKUP(C8,'[1]5月25-5月31日汇总'!$C:$E,3,0) -> 0 | O8: =VLOOKUP(C8,'[1]6月汇总'!$C:$E,3,0) -> 354 | P8: =SUM(M8:O8) -> 1258.52 | Q8: =VLOOKUP(C8,[2]两年对比终版!$A:$F,6,0) -> 0 | S8: =P8/L8 -> 0.28421861 | T8: 120 | U8: 14 | V8: =VLOOKUP(C8,'[1]5月25-5月31日汇总'!$C:$F,4,0) -> 1 | W8: =VLOOKUP(C8,'[1]6月汇总'!$C:$F,4,0) -> 13 | X8: =SUM(U8:W8) -> 28 | Y8: =VLOOKUP(C8,[2]两年对比终版!$A:$N,14,0) -> 0 | AA8: =X8/T8 -> 0.23333333 | AB8: 1800 | AC8: 139.5 | AD8: =VLOOKUP(C8,'[1]5月25-5月31日汇总'!$C:$G,5,0) -> 8 | AE8: =VLOOKUP(C8,'[1]6月汇总'!$C:$G,5,0) -> 176 | AF8: =SUM(AC8:AE8) -> 323.5 | AG8: =VLOOKUP(C8,[2]两年对比终版!$A:$Q,17,0) -> 0 | AI8: =AF8/AB8 -> 0.17972222 | AJ8: 120 | AK8: 10 | AL8: =VLOOKUP(C8,'[1]5月25-5月31日汇总'!$C:$H,6,0) -> 0 | AM8: =VLOOKUP(C8,'[1]6月汇总'!$C:$I,6,0) -> 4 | AN8: =SUM(AK8:AM8) -> 14 | AO8: =VLOOKUP(C8,[2]两年对比终版!$A:$T,20,0) -> 0 | AQ8: =AN8/AJ8 -> 0.11666667 | AR8: 1800 | AS8: 102.4 | AT8: =VLOOKUP(C8,'[1]5月25-5月31日汇总'!$C:$I,7,0) -> 0 | AU8: =VLOOKUP(C8,'[1]6月汇总'!$C:$I,7,0) -> 37 | AV8: =SUM(AS8:AU8) -> 139.4 | AW8: =VLOOKUP(C8,[2]两年对比终版!$A:$X,23,0) -> 0 | AY8: =AV8/AR8 -> 0.077444444 | AZ8: 1710 | BA8: 116.493 | BD8: =SUM(BA8:BC8) -> 116.493 | BE8: =VLOOKUP(C8,[2]两年对比终版!$A:$AD,30,0) -> 0 | BF8: =BD8/AZ8 -> 0.068124561
A9: 5 | B9: A | C9: 哈巴 | D9: 270 | E9: 181 | F9: =VLOOKUP(C9,'[1]5月25-5月31日汇总'!$C:$D,2,0) -> 13 | G9: =VLOOKUP(C9,'[1]6月汇总'!$C:$D,2,0) -> 12 | H9: =SUM(E9:G9) -> 206 | I9: =VLOOKUP(C9,[2]两年对比终版!$A:$C,3,0) -> 0 | K9: =H9/D9 -> 0.76296296 | L9: 4428 | M9: 2347.34 | N9: =VLOOKUP(C9,'[1]5月25-5月31日汇总'!$C:$E,3,0) -> 343.6 | O9: =VLOOKUP(C9,'[1]6月汇总'!$C:$E,3,0) -> 134.1 | P9: =SUM(M9:O9) -> 2825.04 | Q9: =VLOOKUP(C9,[2]两年对比终版!$A:$F,6,0) -> 0 | S9: =P9/L9 -> 0.63799458 | T9: 120 | U9: 47 | V9: =VLOOKUP(C9,'[1]5月25-5月31日汇总'!$C:$F,4,0) -> 4 | W9: =VLOOKUP(C9,'[1]6月汇总'!$C:$F,4,0) -> 20 | X9: =SUM(U9:W9) -> 71 | Y9: =VLOOKUP(C9,[2]两年对比终版!$A:$N,14,0) -> 0 | AA9: =X9/T9 -> 0.59166667 | AB9: 1800 | AC9: 500.366 | AD9: =VLOOKUP(C9,'[1]5月25-5月31日汇总'!$C:$G,5,0) -> 43.4 | AE9: =VLOOKUP(C9,'[1]6月汇总'!$C:$G,5,0) -> 169.3 | AF9: =SUM(AC9:AE9) -> 713.066 | AG9: =VLOOKUP(C9,[2]两年对比终版!$A:$Q,17,0) -> 0 | AI9: =AF9/AB9 -> 0.39614778 | AJ9: 120 | AK9: 43 | AL9: =VLOOKUP(C9,'[1]5月25-5月31日汇总'!$C:$H,6,0) -> 0 | AM9: =VLOOKUP(C9,'[1]6月汇总'!$C:$I,6,0) -> 4 | AN9: =SUM(AK9:AM9) -> 47 | AO9: =VLOOKUP(C9,[2]两年对比终版!$A:$T,20,0) -> 0 | AQ9: =AN9/AJ9 -> 0.39166667 | AR9: 1800 | AS9: 456.926 | AT9: =VLOOKUP(C9,'[1]5月25-5月31日汇总'!$C:$I,7,0) -> 0 | AU9: =VLOOKUP(C9,'[1]6月汇总'!$C:$I,7,0) -> 43.4 | AV9: =SUM(AS9:AU9) -> 500.326 | AW9: =VLOOKUP(C9,[2]两年对比终版!$A:$X,23,0) -> 0 | AY9: =AV9/AR9 -> 0.27795889 | AZ9: 1710 | BA9: 419.486 | BD9: =SUM(BA9:BC9) -> 419.486 | BE9: =VLOOKUP(C9,[2]两年对比终版!$A:$AD,30,0) -> 0 | BF9: =BD9/AZ9 -> 0.24531345
A10: 6 | B10: B | C10: 俄罗斯（中南） | D10: 245 | E10: 30 | F10: =VLOOKUP(C10,'[1]5月25-5月31日汇总'!$C:$D,2,0) -> 28 | G10: =VLOOKUP(C10,'[1]6月汇总'!$C:$D,2,0) -> 70 | H10: =SUM(E10:G10) -> 128 | I10: =VLOOKUP(C10,[2]两年对比终版!$A:$C,3,0) -> 79 | K10: =H10/D10 -> 0.52244898 | L10: 4200 | M10: 329.386 | N10: =VLOOKUP(C10,'[1]5月25-5月31日汇总'!$C:$E,3,0) -> 472.51 | O10: =VLOOKUP(C10,'[1]6月汇总'!$C:$E,3,0) -> 900 | P10: =SUM(M10:O10) -> 1701.896 | Q10: =VLOOKUP(C10,[2]两年对比终版!$A:$F,6,0) -> 1044.926 | S10: =P10/L10 -> 0.40521333 | T10: 100 | U10: 17 | V10: =VLOOKUP(C10,'[1]5月25-5月31日汇总'!$C:$F,4,0) -> 4 | W10: =VLOOKUP(C10,'[1]6月汇总'!$C:$F,4,0) -> 25 | X10: =SUM(U10:W10) -> 46 | Y10: =VLOOKUP(C10,[2]两年对比终版!$A:$N,14,0) -> 30 | AA10: =X10/T10 -> 0.46 | AB10: 1778 | AC10: 174.656 | AD10: =VLOOKUP(C10,'[1]5月25-5月31日汇总'!$C:$G,5,0) -> 74.6 | AE10: =VLOOKUP(C10,'[1]6月汇总'!$C:$G,5,0) -> 300 | AF10: =SUM(AC10:AE10) -> 549.256 | AG10: =VLOOKUP(C10,[2]两年对比终版!$A:$Q,17,0) -> 487.232 | AI10: =AF10/AB10 -> 0.30891789 | AJ10: 100 | AK10: 12 | AL10: =VLOOKUP(C10,'[1]5月25-5月31日汇总'!$C:$H,6,0) -> 3 | AM10: =VLOOKUP(C10,'[1]6月汇总'!$C:$I,6,0) -> 31 | AN10: =SUM(AK10:AM10) -> 46 | AO10: =VLOOKUP(C10,[2]两年对比终版!$A:$T,20,0) -> 36 | AQ10: =AN10/AJ10 -> 0.46 | AR10: 1778 | AS10: 148.86 | AT10: =VLOOKUP(C10,'[1]5月25-5月31日汇总'!$C:$I,7,0) -> 31.17 | AU10: =VLOOKUP(C10,'[1]6月汇总'!$C:$I,7,0) -> 292.7166 | AV10: =SUM(AS10:AU10) -> 472.7466 | AW10: =VLOOKUP(C10,[2]两年对比终版!$A:$X,23,0) -> 515.132 | AY10: =AV10/AR10 -> 0.26588673 | AZ10: 1689 | BA10: 145.87 | BD10: =SUM(BA10:BC10) -> 145.87 | BE10: =VLOOKUP(C10,[2]两年对比终版!$A:$AD,30,0) -> 545.38061 | BF10: =BD10/AZ10 -> 0.086364713
A11: 7 | B11: B | C11: 俄罗斯（西南） | D11: 489 | E11: 64 | F11: =VLOOKUP(C11,'[1]5月25-5月31日汇总'!$C:$D,2,0) -> 10 | G11: =VLOOKUP(C11,'[1]6月汇总'!$C:$D,2,0) -> 80 | H11: =SUM(E11:G11) -> 154 | I11: =VLOOKUP(C11,[2]两年对比终版!$A:$C,3,0) -> 415 | K11: =H11/D11 -> 0.31492843 | L11: 7525.12 | M11: 1474.22 | N11: =VLOOKUP(C11,'[1]5月25-5月31日汇总'!$C:$E,3,0) -> 130 | O11: =VLOOKUP(C11,'[1]6月汇总'!$C:$E,3,0) -> 1600 | P11: =SUM(M11:O11) -> 3204.22 | Q11: =VLOOKUP(C11,[2]两年对比终版!$A:$F,6,0) -> 7818.733 | S11: =P11/L11 -> 0.42580318 | T11: 210 | U11: 28 | V11: =VLOOKUP(C11,'[1]5月25-5月31日汇总'!$C:$F,4,0) -> 0 | W11: =VLOOKUP(C11,'[1]6月汇总'!$C:$F,4,0) -> 23 | X11: =SUM(U11:W11) -> 51 | Y11: =VLOOKUP(C11,[2]两年对比终版!$A:$N,14,0) -> 156 | AA11: =X11/T11 -> 0.24285714 | AB11: 2972 | AC11: 328.073 | AD11: =VLOOKUP(C11,'[1]5月25-5月31日汇总'!$C:$G,5,0) -> 0 | AE11: =VLOOKUP(C11,'[1]6月汇总'!$C:$G,5,0) -> 370 | AF11: =SUM(AC11:AE11) -> 698.073 | AG11: =VLOOKUP(C11,[2]两年对比终版!$A:$Q,17,0) -> 2594.4505 | AI11: =AF11/AB11 -> 0.23488324 | AJ11: 210 | AK11: 24 | AL11: =VLOOKUP(C11,'[1]5月25-5月31日汇总'!$C:$H,6,0) -> 0 | AM11: =VLOOKUP(C11,'[1]6月汇总'!$C:$I,6,0) -> 4 | AN11: =SUM(AK11:AM11) -> 28 | AO11: =VLOOKUP(C11,[2]两年对比终版!$A:$T,20,0) -> 108 | AQ11: =AN11/AJ11 -> 0.13333333 | AR11: 2972 | AS11: 276.233 | AT11: =VLOOKUP(C11,'[1]5月25-5月31日汇总'!$C:$I,7,0) -> 0 | AU11: =VLOOKUP(C11,'[1]6月汇总'!$C:$I,7,0) -> 53 | AV11: =SUM(AS11:AU11) -> 329.233 | AW11: =VLOOKUP(C11,[2]两年对比终版!$A:$X,23,0) -> 1970.7395 | AY11: =AV11/AR11 -> 0.11077826 | AZ11: 2822 | BA11: 16.713 | BD11: =SUM(BA11:BC11) -> 16.713 | BE11: =VLOOKUP(C11,[2]两年对比终版!$A:$AD,30,0) -> 2067.2919 | BF11: =BD11/AZ11 -> 0.0059223955
A12: 8 | B12: C | C12: 莫斯科 | D12: 72 | E12: 2 | F12: =VLOOKUP(C12,'[1]5月25-5月31日汇总'!$C:$D,2,0) -> 8 | G12: =VLOOKUP(C12,'[1]6月汇总'!$C:$D,2,0) -> 14 | H12: =SUM(E12:G12) -> 24 | I12: =VLOOKUP(C12,[2]两年对比终版!$A:$C,3,0) -> 0 | K12: =H12/D12 -> 0.33333333 | L12: 1085 | M12: 22.84 | N12: =VLOOKUP(C12,'[1]5月25-5月31日汇总'!$C:$E,3,0) -> 100 | O12: =VLOOKUP(C12,'[1]6月汇总'!$C:$E,3,0) -> 118 | P12: =SUM(M12:O12) -> 240.84 | Q12: =VLOOKUP(C12,[2]两年对比终版!$A:$F,6,0) -> 0 | S12: =P12/L12 -> 0.22197235 | T12: 30 | U12: 2 | V12: =VLOOKUP(C12,'[1]5月25-5月31日汇总'!$C:$F,4,0) -> 0 | W12: =VLOOKUP(C12,'[1]6月汇总'!$C:$F,4,0) -> 6 | X12: =SUM(U12:W12) -> 8 | Y12: =VLOOKUP(C12,[2]两年对比终版!$A:$N,14,0) -> 0 | AA12: =X12/T12 -> 0.26666667 | AB12: 450 | AC12: 22.84 | AD12: =VLOOKUP(C12,'[1]5月25-5月31日汇总'!$C:$G,5,0) -> 0 | AE12: =VLOOKUP(C12,'[1]6月汇总'!$C:$G,5,0) -> 49 | AF12: =SUM(AC12:AE12) -> 71.84 | AG12: =VLOOKUP(C12,[2]两年对比终版!$A:$Q,17,0) -> 0 | AI12: =AF12/AB12 -> 0.15964444 | AJ12: 30 | AK12: 2 | AL12: =VLOOKUP(C12,'[1]5月25-5月31日汇总'!$C:$H,6,0) -> 0 | AM12: =VLOOKUP(C12,'[1]6月汇总'!$C:$I,6,0) -> 6 | AN12: =SUM(AK12:AM12) -> 8 | AO12: =VLOOKUP(C12,[2]两年对比终版!$A:$T,20,0) -> 0 | AQ12: =AN12/AJ12 -> 0.26666667 | AR12: 450 | AS12: 22.84 | AT12: =VLOOKUP(C12,'[1]5月25-5月31日汇总'!$C:$I,7,0) -> 0 | AU12: =VLOOKUP(C12,'[1]6月汇总'!$C:$I,7,0) -> 49 | AV12: =SUM(AS12:AU12) -> 71.84 | AW12: =VLOOKUP(C12,[2]两年对比终版!$A:$X,23,0) -> 0 | AY12: =AV12/AR12 -> 0.15964444 | AZ12: 428 | BA12: 22.12 | BD12: =SUM(BA12:BC12) -> 22.12 | BE12: =VLOOKUP(C12,[2]两年对比终版!$A:$AD,30,0) -> 0 | BF12: =BD12/AZ12 -> 0.051682243
A13: 9 | B13: C | C13: 叶卡 | D13: 72 | E13: 0 | F13: =VLOOKUP(C13,'[1]5月25-5月31日汇总'!$C:$D,2,0) -> 0 | G13: =VLOOKUP(C13,'[1]6月汇总'!$C:$D,2,0) -> 0 | H13: =SUM(E13:G13) -> 0 | I13: =VLOOKUP(C13,[2]两年对比终版!$A:$C,3,0) -> 0 | K13: =H13/D13 -> 0 | L13: 1085 | M13: 0 | N13: =VLOOKUP(C13,'[1]5月25-5月31日汇总'!$C:$E,3,0) -> 0 | O13: =VLOOKUP(C13,'[1]6月汇总'!$C:$E,3,0) -> 0 | P13: =SUM(M13:O13) -> 0 | Q13: =VLOOKUP(C13,[2]两年对比终版!$A:$F,6,0) -> 0 | S13: =P13/L13 -> 0 | T13: 30 | U13: 0 | V13: =VLOOKUP(C13,'[1]5月25-5月31日汇总'!$C:$F,4,0) -> 0 | W13: =VLOOKUP(C13,'[1]6月汇总'!$C:$F,4,0) -> 0 | X13: =SUM(U13:W13) -> 0 | Y13: =VLOOKUP(C13,[2]两年对比终版!$A:$N,14,0) -> 0 | AA13: =X13/T13 -> 0 | AB13: 450 | AC13: 0 | AD13: =VLOOKUP(C13,'[1]5月25-5月31日汇总'!$C:$G,5,0) -> 0 | AE13: =VLOOKUP(C13,'[1]6月汇总'!$C:$G,5,0) -> 0 | AF13: =SUM(AC13:AE13) -> 0 | AG13: =VLOOKUP(C13,[2]两年对比终版!$A:$Q,17,0) -> 0 | AI13: =AF13/AB13 -> 0 | AJ13: 30 | AK13: 0 | AL13: =VLOOKUP(C13,'[1]5月25-5月31日汇总'!$C:$H,6,0) -> 0 | AM13: =VLOOKUP(C13,'[1]6月汇总'!$C:$I,6,0) -> 0 | AN13: =SUM(AK13:AM13) -> 0 | AO13: =VLOOKUP(C13,[2]两年对比终版!$A:$T,20,0) -> 0 | AQ13: =AN13/AJ13 -> 0 | AR13: 450 | AS13: 0 | AT13: =VLOOKUP(C13,'[1]5月25-5月31日汇总'!$C:$I,7,0) -> 0 | AU13: =VLOOKUP(C13,'[1]6月汇总'!$C:$I,7,0) -> 0 | AV13: =SUM(AS13:AU13) -> 0 | AW13: =VLOOKUP(C13,[2]两年对比终版!$A:$X,23,0) -> 0 | AY13: =AV13/AR13 -> 0 | AZ13: 428 | BA13: 0 | BD13: =SUM(BA13:BC13) -> 0 | BE13: =VLOOKUP(C13,[2]两年对比终版!$A:$AD,30,0) -> 0 | BF13: =BD13/AZ13 -> 0
A14: 10 | B14: C | C14: 新西 | D14: 72 | E14: 0 | F14: =VLOOKUP(C14,'[1]5月25-5月31日汇总'!$C:$D,2,0) -> 0 | G14: =VLOOKUP(C14,'[1]6月汇总'!$C:$D,2,0) -> 0 | H14: =SUM(E14:G14) -> 0 | I14: =VLOOKUP(C14,[2]两年对比终版!$A:$C,3,0) -> 0 | K14: =H14/D14 -> 0 | L14: 1085 | M14: 0 | N14: =VLOOKUP(C14,'[1]5月25-5月31日汇总'!$C:$E,3,0) -> 0 | O14: =VLOOKUP(C14,'[1]6月汇总'!$C:$E,3,0) -> 0 | P14: =SUM(M14:O14) -> 0 | Q14: =VLOOKUP(C14,[2]两年对比终版!$A:$F,6,0) -> 0 | S14: =P14/L14 -> 0 | T14: 30 | U14: 0 | V14: =VLOOKUP(C14,'[1]5月25-5月31日汇总'!$C:$F,4,0) -> 0 | W14: =VLOOKUP(C14,'[1]6月汇总'!$C:$F,4,0) -> 0 | X14: =SUM(U14:W14) -> 0 | Y14: =VLOOKUP(C14,[2]两年对比终版!$A:$N,14,0) -> 0 | AA14: =X14/T14 -> 0 | AB14: 450 | AC14: 0 | AD14: =VLOOKUP(C14,'[1]5月25-5月31日汇总'!$C:$G,5,0) -> 0 | AE14: =VLOOKUP(C14,'[1]6月汇总'!$C:$G,5,0) -> 0 | AF14: =SUM(AC14:AE14) -> 0 | AG14: =VLOOKUP(C14,[2]两年对比终版!$A:$Q,17,0) -> 0 | AI14: =AF14/AB14 -> 0 | AJ14: 30 | AK14: 0 | AL14: =VLOOKUP(C14,'[1]5月25-5月31日汇总'!$C:$H,6,0) -> 0 | AM14: =VLOOKUP(C14,'[1]6月汇总'!$C:$I,6,0) -> 0 | AN14: =SUM(AK14:AM14) -> 0 | AO14: =VLOOKUP(C14,[2]两年对比终版!$A:$T,20,0) -> 0 | AQ14: =AN14/AJ14 -> 0 | AR14: 450 | AS14: 0 | AT14: =VLOOKUP(C14,'[1]5月25-5月31日汇总'!$C:$I,7,0) -> 0 | AU14: =VLOOKUP(C14,'[1]6月汇总'!$C:$I,7,0) -> 0 | AV14: =SUM(AS14:AU14) -> 0 | AW14: =VLOOKUP(C14,[2]两年对比终版!$A:$X,23,0) -> 0 | AY14: =AV14/AR14 -> 0 | AZ14: 428 | BA14: 0 | BD14: =SUM(BA14:BC14) -> 0 | BE14: =VLOOKUP(C14,[2]两年对比终版!$A:$AD,30,0) -> 0 | BF14: =BD14/AZ14 -> 0
A15: 俄罗斯合计 | D15: =SUM(D5:D14) -> 5256 | E15: =SUM(E5:E14) -> 1400 | F15: =SUM(F5:F14) -> 59 | G15: =SUM(G5:G14) -> 365 | H15: =SUM(H5:H14) -> 1824 | I15: =SUM(I5:I14) -> 2154 | J15: =(H15-I15)/I15 -> -0.15320334 | K15: =H15/D15 -> 0.34703196 | L15: =SUM(L5:L14) -> 101740.12 | M15: =SUM(M5:M14) -> 26780.176 | N15: =SUM(N5:N14) -> 1046.11 | O15: =SUM(O5:O14) -> 5720.1 | P15: =SUM(P5:P14) -> 33546.386 | Q15: =SUM(Q5:Q14) -> 37379.965 | R15: =(P15-Q15)/Q15 -> -0.10255706 | S15: =P15/L15 -> 0.32972623 | T15: =SUM(T5:T14) -> 2300 | U15: =SUM(U5:U14) -> 819 | V15: =SUM(V5:V14) -> 53 | W15: =SUM(W5:W14) -> 152 | X15: =SUM(X5:X14) -> 1024 | Y15: =SUM(Y5:Y14) -> 890 | Z15: =(X15-Y15)/Y15 -> 0.1505618 | AA15: =X15/T15 -> 0.44521739 | AB15: =SUM(AB5:AB14) -> 41357 | AC15: =SUM(AC5:AC14) -> 13022.025 | AD15: =SUM(AD5:AD14) -> 786.1 | AE15: =SUM(AE5:AE14) -> 2144.3 | AF15: =SUM(AF5:AF14) -> 15952.425 | AG15: =SUM(AG5:AG14) -> 15906.592 | AH15: =(AF15-AG15)/AG15 -> 0.0028813613 | AI15: =AF15/AB15 -> 0.38572491 | AJ15: =SUM(AJ5:AJ14) -> 2300 | AK15: =SUM(AK5:AK14) -> 591 | AL15: =SUM(AL5:AL14) -> 7 | AM15: =SUM(AM5:AM14) -> 258 | AN15: =SUM(AN5:AN14) -> 856 | AO15: =SUM(AO5:AO14) -> 613 | AP15: =(AN15-AO15)/AO15 -> 0.39641109 | AQ15: =AN15/AJ15 -> 0.37217391 | AR15: =SUM(AR5:AR14) -> 41357 | AS15: =SUM(AS5:AS14) -> 10909.889 | AT15: =SUM(AT5:AT14) -> 103.17 | AU15: =SUM(AU5:AU14) -> 3786.1166 | AV15: =SUM(AV5:AV14) -> 14799.176 | AW15: =SUM(AW5:AW14) -> 11385.117 | AX15: =(AV15-AW15)/AW15 -> 0.2998703 | AY15: =AV15/AR15 -> 0.35783968 | AZ15: =SUM(AZ5:AZ14) -> 39289 | BA15: =SUM(BA5:BA14) -> 7429.606 | BB15: =SUM(BB5:BB14) -> 0 | BC15: =SUM(BC5:BC14) -> 0 | BD15: =SUM(BD5:BD14) -> 7429.606 | BE15: =SUM(BE5:BE14) -> 13115.432 | BF15: =BD15/AZ15 -> 0.18910143
A16: 11 | B16: D | C16: 朝鲜-韩国 | D16: 54 | E16: 34 | F16: =VLOOKUP(C16,'[1]5月25-5月31日汇总'!$C:$D,2,0) -> 0 | G16: =VLOOKUP(C16,'[1]6月汇总'!$C:$D,2,0) -> 10 | H16: =SUM(E16:G16) -> 44 | I16: =VLOOKUP(C16,[2]两年对比终版!$A:$C,3,0) -> 35 | K16: =H16/D16 -> 0.81481481 | L16: 540 | M16: 293.5 | N16: =VLOOKUP(C16,'[1]5月25-5月31日汇总'!$C:$E,3,0) -> 0 | O16: =VLOOKUP(C16,'[1]6月汇总'!$C:$E,3,0) -> 8 | P16: =SUM(M16:O16) -> 301.5 | Q16: =VLOOKUP(C16,[2]两年对比终版!$A:$F,6,0) -> 287.19 | S16: =P16/L16 -> 0.55833333 | T16: 32 | U16: 4 | V16: =VLOOKUP(C16,'[1]5月25-5月31日汇总'!$C:$F,4,0) -> 0 | W16: =VLOOKUP(C16,'[1]6月汇总'!$C:$F,4,0) -> 8 | X16: =SUM(U16:W16) -> 12 | Y16: =VLOOKUP(C16,[2]两年对比终版!$A:$N,14,0) -> 1 | AA16: =X16/T16 -> 0.375 | AB16: 264.163 | AC16: 36.2 | AD16: =VLOOKUP(C16,'[1]5月25-5月31日汇总'!$C:$G,5,0) -> 0 | AE16: =VLOOKUP(C16,'[1]6月汇总'!$C:$G,5,0) -> 48 | AF16: =SUM(AC16:AE16) -> 84.2 | AG16: =VLOOKUP(C16,[2]两年对比终版!$A:$Q,17,0) -> 7.6 | AI16: =AF16/AB16 -> 0.31874259 | AJ16: 32 | AK16: 6 | AL16: =VLOOKUP(C16,'[1]5月25-5月31日汇总'!$C:$H,6,0) -> 0 | AM16: =VLOOKUP(C16,'[1]6月汇总'!$C:$I,6,0) -> 6 | AN16: =SUM(AK16:AM16) -> 12 | AO16: =VLOOKUP(C16,[2]两年对比终版!$A:$T,20,0) -> 1 | AQ16: =AN16/AJ16 -> 0.375 | AR16: 264.163 | AS16: 55.4871 | AT16: =VLOOKUP(C16,'[1]5月25-5月31日汇总'!$C:$I,7,0) -> 0 | AU16: =VLOOKUP(C16,'[1]6月汇总'!$C:$I,7,0) -> 60 | AV16: =SUM(AS16:AU16) -> 115.4871 | AW16: =VLOOKUP(C16,[2]两年对比终版!$A:$X,23,0) -> 7.6 | AY16: =AV16/AR16 -> 0.43718121 | AZ16: 251 | BA16: 4.8 | BD16: =SUM(BA16:BC16) -> 4.8 | BE16: =VLOOKUP(C16,[2]两年对比终版!$A:$AD,30,0) -> 7.6 | BF16: =BD16/AZ16 -> 0.019123506
A17: 12 | B17: A | C17: 新加坡市政会 | D17: 277 | E17: 67 | F17: =VLOOKUP(C17,'[1]5月25-5月31日汇总'!$C:$D,2,0) -> 20 | G17: =VLOOKUP(C17,'[1]6月汇总'!$C:$D,2,0) -> 47 | H17: =SUM(E17:G17) -> 134 | I17: =VLOOKUP(C17,[2]两年对比终版!$A:$C,3,0) -> 196 | K17: =H17/D17 -> 0.48375451 | L17: 6100 | M17: 1640.06 | N17: =VLOOKUP(C17,'[1]5月25-5月31日汇总'!$C:$E,3,0) -> 1000 | O17: =VLOOKUP(C17,'[1]6月汇总'!$C:$E,3,0) -> 1000 | P17: =SUM(M17:O17) -> 3640.06 | Q17: =VLOOKUP(C17,[2]两年对比终版!$A:$F,6,0) -> 4135.4805 | S17: =P17/L17 -> 0.59673115 | T17: 101 | U17: 4 | V17: =VLOOKUP(C17,'[1]5月25-5月31日汇总'!$C:$F,4,0) -> 0 | W17: =VLOOKUP(C17,'[1]6月汇总'!$C:$F,4,0) -> 0 | X17: =SUM(U17:W17) -> 4 | Y17: =VLOOKUP(C17,[2]两年对比终版!$A:$N,14,0) -> 77 | AA17: =X17/T17 -> 0.03960396 | AB17: 2153 | AC17: 74.2762 | AD17: =VLOOKUP(C17,'[1]5月25-5月31日汇总'!$C:$G,5,0) -> 0 | AE17: =VLOOKUP(C17,'[1]6月汇总'!$C:$G,5,0) -> 0 | AF17: =SUM(AC17:AE17) -> 74.2762 | AG17: =VLOOKUP(C17,[2]两年对比终版!$A:$Q,17,0) -> 1734.6186 | AI17: =AF17/AB17 -> 0.034498932 | AJ17: 101 | AK17: 28 | AL17: =VLOOKUP(C17,'[1]5月25-5月31日汇总'!$C:$H,6,0) -> 4 | AM17: =VLOOKUP(C17,'[1]6月汇总'!$C:$I,6,0) -> 9 | AN17: =SUM(AK17:AM17) -> 41 | AO17: =VLOOKUP(C17,[2]两年对比终版!$A:$T,20,0) -> 25 | AQ17: =AN17/AJ17 -> 0.40594059 | AR17: 2153 | AS17: 530.438 | AT17: =VLOOKUP(C17,'[1]5月25-5月31日汇总'!$C:$I,7,0) -> 80 | AU17: =VLOOKUP(C17,'[1]6月汇总'!$C:$I,7,0) -> 180 | AV17: =SUM(AS17:AU17) -> 790.438 | AW17: =VLOOKUP(C17,[2]两年对比终版!$A:$X,23,0) -> 619.60194 | AY17: =AV17/AR17 -> 0.3671333 | AZ17: 2045 | BA17: 478.41 | BD17: =SUM(BA17:BC17) -> 478.41 | BE17: =VLOOKUP(C17,[2]两年对比终版!$A:$AD,30,0) -> 1226.4742 | BF17: =BD17/AZ17 -> 0.23394132
A18: 13 | B18: A | C18: 新加坡HDB | D18: 566 | E18: 243 | F18: =VLOOKUP(C18,'[1]5月25-5月31日汇总'!$C:$D,2,0) -> 75 | G18: =VLOOKUP(C18,'[1]6月汇总'!$C:$D,2,0) -> 49 | H18: =SUM(E18:G18) -> 367 | I18: =VLOOKUP(C18,[2]两年对比终版!$A:$C,3,0) -> 260 | K18: =H18/D18 -> 0.64840989 | L18: 20400 | M18: 5502.59 | N18: =VLOOKUP(C18,'[1]5月25-5月31日汇总'!$C:$E,3,0) -> 2600 | O18: =VLOOKUP(C18,'[1]6月汇总'!$C:$E,3,0) -> 1010 | P18: =SUM(M18:O18) -> 9112.59 | Q18: =VLOOKUP(C18,[2]两年对比终版!$A:$F,6,0) -> 5925.604 | S18: =P18/L18 -> 0.44669559 | T18: 260 | U18: 140 | V18: =VLOOKUP(C18,'[1]5月25-5月31日汇总'!$C:$F,4,0) -> 0 | W18: =VLOOKUP(C18,'[1]6月汇总'!$C:$F,4,0) -> 10 | X18: =SUM(U18:W18) -> 150 | Y18: =VLOOKUP(C18,[2]两年对比终版!$A:$N,14,0) -> 106 | AA18: =X18/T18 -> 0.57692308 | AB18: 8500 | AC18: 6203.39 | AD18: =VLOOKUP(C18,'[1]5月25-5月31日汇总'!$C:$G,5,0) -> 0 | AE18: =VLOOKUP(C18,'[1]6月汇总'!$C:$G,5,0) -> 400 | AF18: =SUM(AC18:AE18) -> 6603.39 | AG18: =VLOOKUP(C18,[2]两年对比终版!$A:$Q,17,0) -> 3966.0716 | AI18: =AF18/AB18 -> 0.77686941 | AJ18: 260 | AK18: 155 | AL18: =VLOOKUP(C18,'[1]5月25-5月31日汇总'!$C:$H,6,0) -> 3 | AM18: =VLOOKUP(C18,'[1]6月汇总'!$C:$I,6,0) -> 13 | AN18: =SUM(AK18:AM18) -> 171 | AO18: =VLOOKUP(C18,[2]两年对比终版!$A:$T,20,0) -> 10 | AQ18: =AN18/AJ18 -> 0.65769231 | AR18: 8500 | AS18: 6707.44 | AT18: =VLOOKUP(C18,'[1]5月25-5月31日汇总'!$C:$I,7,0) -> 100 | AU18: =VLOOKUP(C18,'[1]6月汇总'!$C:$I,7,0) -> 470 | AV18: =SUM(AS18:AU18) -> 7277.44 | AW18: =VLOOKUP(C18,[2]两年对比终版!$A:$X,23,0) -> 374.14793 | AY18: =AV18/AR18 -> 0.85616941 | AZ18: 8075 | BA18: 23.4226 | BD18: =SUM(BA18:BC18) -> 23.4226 | BE18: =VLOOKUP(C18,[2]两年对比终版!$A:$AD,30,0) -> 15.197813 | BF18: =BD18/AZ18 -> 0.0029006316
A19: 14 | B19: D | C19: 泰国 | D19: 90 | E19: 25 | F19: =VLOOKUP(C19,'[1]5月25-5月31日汇总'!$C:$D,2,0) -> 3 | G19: =VLOOKUP(C19,'[1]6月汇总'!$C:$D,2,0) -> 10 | H19: =SUM(E19:G19) -> 38 | I19: =VLOOKUP(C19,[2]两年对比终版!$A:$C,3,0) -> 52 | K19: =H19/D19 -> 0.42222222 | L19: 840 | M19: 336.439 | N19: =VLOOKUP(C19,'[1]5月25-5月31日汇总'!$C:$E,3,0) -> 24 | O19: =VLOOKUP(C19,'[1]6月汇总'!$C:$E,3,0) -> 80 | P19: =SUM(M19:O19) -> 440.439 | Q19: =VLOOKUP(C19,[2]两年对比终版!$A:$F,6,0) -> 517.46812 | S19: =P19/L19 -> 0.52433214 | T19: 25 | U19: 5 | V19: =VLOOKUP(C19,'[1]5月25-5月31日汇总'!$C:$F,4,0) -> 1 | W19: =VLOOKUP(C19,'[1]6月汇总'!$C:$F,4,0) -> 2 | X19: =SUM(U19:W19) -> 8 | Y19: =VLOOKUP(C19,[2]两年对比终版!$A:$N,14,0) -> 26 | AA19: =X19/T19 -> 0.32 | AB19: 200 | AC19: 58.9903 | AD19: =VLOOKUP(C19,'[1]5月25-5月31日汇总'!$C:$G,5,0) -> 15.54 | AE19: =VLOOKUP(C19,'[1]6月汇总'!$C:$G,5,0) -> 18.34 | AF19: =SUM(AC19:AE19) -> 92.8703 | AG19: =VLOOKUP(C19,[2]两年对比终版!$A:$Q,17,0) -> 239.82783 | AI19: =AF19/AB19 -> 0.4643515 | AJ19: 25 | AK19: 5 | AL19: =VLOOKUP(C19,'[1]5月25-5月31日汇总'!$C:$H,6,0) -> 0 | AM19: =VLOOKUP(C19,'[1]6月汇总'!$C:$I,6,0) -> 3 | AN19: =SUM(AK19:AM19) -> 8 | AO19: =VLOOKUP(C19,[2]两年对比终版!$A:$T,20,0) -> 25 | AQ19: =AN19/AJ19 -> 0.32 | AR19: 200 | AS19: 56.3121 | AT19: =VLOOKUP(C19,'[1]5月25-5月31日汇总'!$C:$I,7,0) -> 0 | AU19: =VLOOKUP(C19,'[1]6月汇总'!$C:$I,7,0) -> 37.73 | AV19: =SUM(AS19:AU19) -> 94.0421 | AW19: =VLOOKUP(C19,[2]两年对比终版!$A:$X,23,0) -> 233.58913 | AY19: =AV19/AR19 -> 0.4702105 | AZ19: 190 | BA19: 22.5315 | BD19: =SUM(BA19:BC19) -> 22.5315 | BE19: =VLOOKUP(C19,[2]两年对比终版!$A:$AD,30,0) -> 283.50055 | BF19: =BD19/AZ19 -> 0.11858684
A20: 15 | B20: D | C20: 泰国2 | D20: 136 | E20: 49 | F20: =VLOOKUP(C20,'[1]5月25-5月31日汇总'!$C:$D,2,0) -> 2 | G20: =VLOOKUP(C20,'[1]6月汇总'!$C:$D,2,0) -> 20 | H20: =SUM(E20:G20) -> 71 | I20: =VLOOKUP(C20,[2]两年对比终版!$A:$C,3,0) -> 0 | K20: =H20/D20 -> 0.52205882 | L20: 1200 | M20: 429.24 | N20: =VLOOKUP(C20,'[1]5月25-5月31日汇总'!$C:$E,3,0) -> 13 | O20: =VLOOKUP(C20,'[1]6月汇总'!$C:$E,3,0) -> 160 | P20: =SUM(M20:O20) -> 602.24 | Q20: =VLOOKUP(C20,[2]两年对比终版!$A:$F,6,0) -> 0 | S20: =P20/L20 -> 0.50186667 | T20: 36 | U20: 12 | V20: =VLOOKUP(C20,'[1]5月25-5月31日汇总'!$C:$F,4,0) -> 0 | W20: =VLOOKUP(C20,'[1]6月汇总'!$C:$F,4,0) -> 10 | X20: =SUM(U20:W20) -> 22 | Y20: =VLOOKUP(C20,[2]两年对比终版!$A:$N,14,0) -> 0 | AA20: =X20/T20 -> 0.61111111 | AB20: 300 | AC20: 100.68 | AD20: =VLOOKUP(C20,'[1]5月25-5月31日汇总'!$C:$G,5,0) -> 0 | AE20: =VLOOKUP(C20,'[1]6月汇总'!$C:$G,5,0) -> 100 | AF20: =SUM(AC20:AE20) -> 200.68 | AG20: =VLOOKUP(C20,[2]两年对比终版!$A:$Q,17,0) -> 0 | AI20: =AF20/AB20 -> 0.66893333 | AJ20: 36 | AK20: 9 | AL20: =VLOOKUP(C20,'[1]5月25-5月31日汇总'!$C:$H,6,0) -> 0 | AM20: =VLOOKUP(C20,'[1]6月汇总'!$C:$I,6,0) -> 5 | AN20: =SUM(AK20:AM20) -> 14 | AO20: =VLOOKUP(C20,[2]两年对比终版!$A:$T,20,0) -> 0 | AQ20: =AN20/AJ20 -> 0.38888889 | AR20: 300 | AS20: 74.13 | AT20: =VLOOKUP(C20,'[1]5月25-5月31日汇总'!$C:$I,7,0) -> 0 | AU20: =VLOOKUP(C20,'[1]6月汇总'!$C:$I,7,0) -> 40 | AV20: =SUM(AS20:AU20) -> 114.13 | AW20: =VLOOKUP(C20,[2]两年对比终版!$A:$X,23,0) -> 0 | AY20: =AV20/AR20 -> 0.38043333 | AZ20: 285 | BA20: 106.129 | BD20: =SUM(BA20:BC20) -> 106.129 | BE20: =VLOOKUP(C20,[2]两年对比终版!$A:$AD,30,0) -> 0 | BF20: =BD20/AZ20 -> 0.37238246
A21: 16 | B21: D | C21: 金三角 | D21: 40 | E21: 5 | F21: =VLOOKUP(C21,'[1]5月25-5月31日汇总'!$C:$D,2,0) -> 0 | G21: =VLOOKUP(C21,'[1]6月汇总'!$C:$D,2,0) -> 6 | H21: =SUM(E21:G21) -> 11 | I21: =VLOOKUP(C21,[2]两年对比终版!$A:$C,3,0) -> 94 | K21: =H21/D21 -> 0.275 | L21: 200 | M21: 40.6814 | N21: =VLOOKUP(C21,'[1]5月25-5月31日汇总'!$C:$E,3,0) -> 0 | O21: =VLOOKUP(C21,'[1]6月汇总'!$C:$E,3,0) -> 30 | P21: =SUM(M21:O21) -> 70.6814 | Q21: =VLOOKUP(C21,[2]两年对比终版!$A:$F,6,0) -> 1146.3367 | S21: =P21/L21 -> 0.353407 | T21: 36 | U21: 0 | V21: =VLOOKUP(C21,'[1]5月25-5月31日汇总'!$C:$F,4,0) -> 0 | W21: =VLOOKUP(C21,'[1]6月汇总'!$C:$F,4,0) -> 0 | X21: =SUM(U21:W21) -> 0 | Y21: =VLOOKUP(C21,[2]两年对比终版!$A:$N,14,0) -> 0 | AA21: =X21/T21 -> 0 | AB21: 200 | AC21: 0 | AD21: =VLOOKUP(C21,'[1]5月25-5月31日汇总'!$C:$G,5,0) -> 0 | AE21: =VLOOKUP(C21,'[1]6月汇总'!$C:$G,5,0) -> 0 | AF21: =SUM(AC21:AE21) -> 0 | AG21: =VLOOKUP(C21,[2]两年对比终版!$A:$Q,17,0) -> 0 | AI21: =AF21/AB21 -> 0 | AJ21: 36 | AK21: 0 | AL21: =VLOOKUP(C21,'[1]5月25-5月31日汇总'!$C:$H,6,0) -> 0 | AM21: =VLOOKUP(C21,'[1]6月汇总'!$C:$I,6,0) -> 0 | AN21: =SUM(AK21:AM21) -> 0 | AO21: =VLOOKUP(C21,[2]两年对比终版!$A:$T,20,0) -> 0 | AQ21: =AN21/AJ21 -> 0 | AR21: 200 | AS21: 0 | AT21: =VLOOKUP(C21,'[1]5月25-5月31日汇总'!$C:$I,7,0) -> 0 | AU21: =VLOOKUP(C21,'[1]6月汇总'!$C:$I,7,0) -> 0 | AV21: =SUM(AS21:AU21) -> 0 | AW21: =VLOOKUP(C21,[2]两年对比终版!$A:$X,23,0) -> 0 | AY21: =AV21/AR21 -> 0 | AZ21: 190 | BA21: 0 | BD21: =SUM(BA21:BC21) -> 0 | BE21: =VLOOKUP(C21,[2]两年对比终版!$A:$AD,30,0) -> 0 | BF21: =BD21/AZ21 -> 0
A22: 17 | B22: B | C22: 马来西亚 | D22: 109 | E22: 48 | F22: =VLOOKUP(C22,'[1]5月25-5月31日汇总'!$C:$D,2,0) -> 0 | G22: =VLOOKUP(C22,'[1]6月汇总'!$C:$D,2,0) -> 2 | H22: =SUM(E22:G22) -> 50 | I22: =VLOOKUP(C22,[2]两年对比终版!$A:$C,3,0) -> 66 | K22: =H22/D22 -> 0.4587156 | L22: 900 | M22: 788.548 | N22: =VLOOKUP(C22,'[1]5月25-5月31日汇总'!$C:$E,3,0) -> 0 | O22: =VLOOKUP(C22,'[1]6月汇总'!$C:$E,3,0) -> 47 | P22: =SUM(M22:O22) -> 835.548 | Q22: =VLOOKUP(C22,[2]两年对比终版!$A:$F,6,0) -> 1463.75 | S22: =P22/L22 -> 0.92838667 | T22: 61 | U22: 19 | V22: =VLOOKUP(C22,'[1]5月25-5月31日汇总'!$C:$F,4,0) -> 0 | W22: =VLOOKUP(C22,'[1]6月汇总'!$C:$F,4,0) -> 9 | X22: =SUM(U22:W22) -> 28 | Y22: =VLOOKUP(C22,[2]两年对比终版!$A:$N,14,0) -> 16 | AA22: =X22/T22 -> 0.45901639 | AB22: 521 | AC22: 403.57 | AD22: =VLOOKUP(C22,'[1]5月25-5月31日汇总'!$C:$G,5,0) -> 0 | AE22: =VLOOKUP(C22,'[1]6月汇总'!$C:$G,5,0) -> 200 | AF22: =SUM(AC22:AE22) -> 603.57 | AG22: =VLOOKUP(C22,[2]两年对比终版!$A:$Q,17,0) -> 132.085 | AI22: =AF22/AB22 -> 1.1584837 | AJ22: 61 | AK22: 16 | AL22: =VLOOKUP(C22,'[1]5月25-5月31日汇总'!$C:$H,6,0) -> 0 | AM22: =VLOOKUP(C22,'[1]6月汇总'!$C:$I,6,0) -> 12 | AN22: =SUM(AK22:AM22) -> 28 | AO22: =VLOOKUP(C22,[2]两年对比终版!$A:$T,20,0) -> 17 | AQ22: =AN22/AJ22 -> 0.45901639 | AR22: 521 | AS22: 246.33 | AT22: =VLOOKUP(C22,'[1]5月25-5月31日汇总'!$C:$I,7,0) -> 0 | AU22: =VLOOKUP(C22,'[1]6月汇总'!$C:$I,7,0) -> 260 | AV22: =SUM(AS22:AU22) -> 506.33 | AW22: =VLOOKUP(C22,[2]两年对比终版!$A:$X,23,0) -> 140.475 | AY22: =AV22/AR22 -> 0.97184261 | AZ22: 495 | BA22: 71.5871 | BD22: =SUM(BA22:BC22) -> 71.5871 | BE22: =VLOOKUP(C22,[2]两年对比终版!$A:$AD,30,0) -> 225.57303 | BF22: =BD22/AZ22 -> 0.1446204
A23: 18 | B23: D | C23: 马尔代夫 | D23: 36 | E23: 29 | F23: =VLOOKUP(C23,'[1]5月25-5月31日汇总'!$C:$D,2,0) -> 0 | G23: =VLOOKUP(C23,'[1]6月汇总'!$C:$D,2,0) -> 4 | H23: =SUM(E23:G23) -> 33 | I23: =VLOOKUP(C23,[2]两年对比终版!$A:$C,3,0) -> 37 | K23: =H23/D23 -> 0.91666667 | L23: 630 | M23: 334.054 | N23: =VLOOKUP(C23,'[1]5月25-5月31日汇总'!$C:$E,3,0) -> 0 | O23: =VLOOKUP(C23,'[1]6月汇总'!$C:$E,3,0) -> 40 | P23: =SUM(M23:O23) -> 374.054 | Q23: =VLOOKUP(C23,[2]两年对比终版!$A:$F,6,0) -> 543.86292 | S23: =P23/L23 -> 0.59373651 | T23: 17 | U23: 6 | V23: =VLOOKUP(C23,'[1]5月25-5月31日汇总'!$C:$F,4,0) -> 0 | W23: =VLOOKUP(C23,'[1]6月汇总'!$C:$F,4,0) -> 2 | X23: =SUM(U23:W23) -> 8 | Y23: =VLOOKUP(C23,[2]两年对比终版!$A:$N,14,0) -> 7 | AA23: =X23/T23 -> 0.47058824 | AB23: 264.163 | AC23: 61.2354 | AD23: =VLOOKUP(C23,'[1]5月25-5月31日汇总'!$C:$G,5,0) -> 0 | AE23: =VLOOKUP(C23,'[1]6月汇总'!$C:$G,5,0) -> 20 | AF23: =SUM(AC23:AE23) -> 81.2354 | AG23: =VLOOKUP(C23,[2]两年对比终版!$A:$Q,17,0) -> 96.411317 | AI23: =AF23/AB23 -> 0.30751998 | AJ23: 17 | AK23: 3 | AL23: =VLOOKUP(C23,'[1]5月25-5月31日汇总'!$C:$H,6,0) -> 1 | AM23: =VLOOKUP(C23,'[1]6月汇总'!$C:$I,6,0) -> 4 | AN23: =SUM(AK23:AM23) -> 8 | AO23: =VLOOKUP(C23,[2]两年对比终版!$A:$T,20,0) -> 16 | AQ23: =AN23/AJ23 -> 0.47058824 | AR23: 264.163 | AS23: 30.5291 | AT23: =VLOOKUP(C23,'[1]5月25-5月31日汇总'!$C:$I,7,0) -> 12 | AU23: =VLOOKUP(C23,'[1]6月汇总'!$C:$I,7,0) -> 30 | AV23: =SUM(AS23:AU23) -> 72.5291 | AW23: =VLOOKUP(C23,[2]两年对比终版!$A:$X,23,0) -> 3354.156 | AY23: =AV23/AR23 -> 0.27456192 | AZ23: 251 | BA23: 38.246 | BD23: =SUM(BA23:BC23) -> 38.246 | BE23: =VLOOKUP(C23,[2]两年对比终版!$A:$AD,30,0) -> 3983.1595 | BF23: =BD23/AZ23 -> 0.1523745
A24: 19 | B24: D | C24: 香港-台湾 | D24: 20 | E24: 8 | F24: =VLOOKUP(C24,'[1]5月25-5月31日汇总'!$C:$D,2,0) -> 0 | G24: =VLOOKUP(C24,'[1]6月汇总'!$C:$D,2,0) -> 10 | H24: =SUM(E24:G24) -> 18 | I24: =VLOOKUP(C24,[2]两年对比终版!$A:$C,3,0) -> 0 | K24: =H24/D24 -> 0.9 | L24: 200 | M24: 50.38 | N24: =VLOOKUP(C24,'[1]5月25-5月31日汇总'!$C:$E,3,0) -> 0 | O24: =VLOOKUP(C24,'[1]6月汇总'!$C:$E,3,0) -> 50 | P24: =SUM(M24:O24) -> 100.38 | Q24: =VLOOKUP(C24,[2]两年对比终版!$A:$F,6,0) -> 0 | S24: =P24/L24 -> 0.5019 | T24: 15 | U24: 0 | V24: =VLOOKUP(C24,'[1]5月25-5月31日汇总'!$C:$F,4,0) -> 0 | W24: =VLOOKUP(C24,'[1]6月汇总'!$C:$F,4,0) -> 0 | X24: =SUM(U24:W24) -> 0 | Y24: =VLOOKUP(C24,[2]两年对比终版!$A:$N,14,0) -> 0 | AA24: =X24/T24 -> 0 | AB24: 200 | AC24: 0 | AD24: =VLOOKUP(C24,'[1]5月25-5月31日汇总'!$C:$G,5,0) -> 0 | AE24: =VLOOKUP(C24,'[1]6月汇总'!$C:$G,5,0) -> 0 | AF24: =SUM(AC24:AE24) -> 0 | AG24: =VLOOKUP(C24,[2]两年对比终版!$A:$Q,17,0) -> 0 | AI24: =AF24/AB24 -> 0 | AJ24: 15 | AK24: 0 | AL24: =VLOOKUP(C24,'[1]5月25-5月31日汇总'!$C:$H,6,0) -> 0 | AM24: =VLOOKUP(C24,'[1]6月汇总'!$C:$I,6,0) -> 0 | AN24: =SUM(AK24:AM24) -> 0 | AO24: =VLOOKUP(C24,[2]两年对比终版!$A:$T,20,0) -> 0 | AQ24: =AN24/AJ24 -> 0 | AR24: 200 | AS24: 0 | AT24: =VLOOKUP(C24,'[1]5月25-5月31日汇总'!$C:$I,7,0) -> 0 | AU24: =VLOOKUP(C24,'[1]6月汇总'!$C:$I,7,0) -> 0 | AV24: =SUM(AS24:AU24) -> 0 | AW24: =VLOOKUP(C24,[2]两年对比终版!$A:$X,23,0) -> 0 | AY24: =AV24/AR24 -> 0 | AZ24: 190 | BA24: 0 | BD24: =SUM(BA24:BC24) -> 0 | BE24: =VLOOKUP(C24,[2]两年对比终版!$A:$AD,30,0) -> 0 | BF24: =BD24/AZ24 -> 0
A25: 亚洲1合计 | D25: =SUM(D16:D24) -> 1328 | E25: =SUM(E16:E24) -> 508 | F25: =SUM(F16:F24) -> 100 | G25: =SUM(G16:G24) -> 158 | H25: =SUM(H16:H24) -> 766 | I25: =SUM(I16:I24) -> 740 | J25: =(H25-I25)/I25 -> 0.035135135 | K25: =H25/D25 -> 0.57680723 | L25: =SUM(L16:L24) -> 31010 | M25: =SUM(M16:M24) -> 9415.4924 | N25: =SUM(N16:N24) -> 3637 | O25: =SUM(O16:O24) -> 2425 | P25: =SUM(P16:P24) -> 15477.492 | Q25: =SUM(Q16:Q24) -> 14019.692 | R25: =(P25-Q25)/Q25 -> 0.10398232 | S25: =P25/L25 -> 0.49911294 | T25: =SUM(T16:T24) -> 583 | U25: =SUM(U16:U24) -> 190 | V25: =SUM(V16:V24) -> 1 | W25: =SUM(W16:W24) -> 41 | X25: =SUM(X16:X24) -> 232 | Y25: =SUM(Y16:Y24) -> 233 | Z25: =(X25-Y25)/Y25 -> -0.0042918455 | AA25: =X25/T25 -> 0.39794168 | AB25: =SUM(AB16:AB24) -> 12602.326 | AC25: =SUM(AC16:AC24) -> 6938.3419 | AD25: =SUM(AD16:AD24) -> 15.54 | AE25: =SUM(AE16:AE24) -> 786.34 | AF25: =SUM(AF16:AF24) -> 7740.2219 | AG25: =SUM(AG16:AG24) -> 6176.6144 | AH25: =(AF25-AG25)/AG25 -> 0.2531496 | AI25: =AF25/AB25 -> 0.61418994 | AJ25: =SUM(AJ16:AJ24) -> 583 | AK25: =SUM(AK16:AK24) -> 222 | AL25: =SUM(AL16:AL24) -> 8 | AM25: =SUM(AM16:AM24) -> 52 | AN25: =SUM(AN16:AN24) -> 282 | AO25: =SUM(AO16:AO24) -> 94 | AP25: =(AN25-AO25)/AO25 -> 2 | AQ25: =AN25/AJ25 -> 0.48370497 | AR25: =SUM(AR16:AR24) -> 12602.326 | AS25: =SUM(AS16:AS24) -> 7700.6663 | AT25: =SUM(AT16:AT24) -> 192 | AU25: =SUM(AU16:AU24) -> 1077.73 | AV25: =SUM(AV16:AV24) -> 8970.3963 | AW25: =SUM(AW16:AW24) -> 4729.57 | AX25: =(AV25-AW25)/AW25 -> 0.89666215 | AY25: =AV25/AR25 -> 0.71180481 | AZ25: =SUM(AZ16:AZ24) -> 11972 | BA25: =SUM(BA16:BA24) -> 745.1262 | BB25: =SUM(BB16:BB24) -> 0 | BC25: =SUM(BC16:BC24) -> 0 | BD25: =SUM(BD16:BD24) -> 745.1262 | BE25: =SUM(BE16:BE24) -> 5741.5051 | BF25: =BD25/AZ25 -> 0.062239075
A26: 20 | B26: C | C26: 越南-2 | D26: 235 | E26: 76 | F26: =VLOOKUP(C26,'[1]5月25-5月31日汇总'!$C:$D,2,0) -> 0 | G26: =VLOOKUP(C26,'[1]6月汇总'!$C:$D,2,0) -> 12 | H26: =SUM(E26:G26) -> 88 | I26: =VLOOKUP(C26,[2]两年对比终版!$A:$C,3,0) -> 52 | K26: =H26/D26 -> 0.37446809 | L26: 1673.35 | M26: 520.729 | N26: =VLOOKUP(C26,'[1]5月25-5月31日汇总'!$C:$E,3,0) -> 0 | O26: =VLOOKUP(C26,'[1]6月汇总'!$C:$E,3,0) -> 60 | P26: =SUM(M26:O26) -> 580.729 | Q26: =VLOOKUP(C26,[2]两年对比终版!$A:$F,6,0) -> 393.58625 | S26: =P26/L26 -> 0.34704575 | T26: 63 | U26: 12 | V26: =VLOOKUP(C26,'[1]5月25-5月31日汇总'!$C:$F,4,0) -> 0 | W26: =VLOOKUP(C26,'[1]6月汇总'!$C:$F,4,0) -> 6 | X26: =SUM(U26:W26) -> 18 | Y26: =VLOOKUP(C26,[2]两年对比终版!$A:$N,14,0) -> 22 | AA26: =X26/T26 -> 0.28571429 | AB26: 683 | AC26: 65.701 | AD26: =VLOOKUP(C26,'[1]5月25-5月31日汇总'!$C:$G,5,0) -> 0 | AE26: =VLOOKUP(C26,'[1]6月汇总'!$C:$G,5,0) -> 30 | AF26: =SUM(AC26:AE26) -> 95.701 | AG26: =VLOOKUP(C26,[2]两年对比终版!$A:$Q,17,0) -> 178.45729 | AI26: =AF26/AB26 -> 0.14011859 | AJ26: 63 | AK26: 14 | AL26: =VLOOKUP(C26,'[1]5月25-5月31日汇总'!$C:$H,6,0) -> 2 | AM26: =VLOOKUP(C26,'[1]6月汇总'!$C:$I,6,0) -> 2 | AN26: =SUM(AK26:AM26) -> 18 | AO26: =VLOOKUP(C26,[2]两年对比终版!$A:$T,20,0) -> 29 | AQ26: =AN26/AJ26 -> 0.28571429 | AR26: 683 | AS26: 90.6057 | AT26: =VLOOKUP(C26,'[1]5月25-5月31日汇总'!$C:$I,7,0) -> 12.24 | AU26: =VLOOKUP(C26,'[1]6月汇总'!$C:$I,7,0) -> 10 | AV26: =SUM(AS26:AU26) -> 112.8457 | AW26: =VLOOKUP(C26,[2]两年对比终版!$A:$X,23,0) -> 228.72333 | AY26: =AV26/AR26 -> 0.16522064 | AZ26: 649 | BA26: 53.013 | BD26: =SUM(BA26:BC26) -> 53.013 | BE26: =VLOOKUP(C26,[2]两年对比终版!$A:$AD,30,0) -> 218.19091 | BF26: =BD26/AZ26 -> 0.081684129
A27: 21 | B27: B | C27: 印度公建 | D27: 66 | E27: 14 | F27: =VLOOKUP(C27,'[1]5月25-5月31日汇总'!$C:$D,2,0) -> 2 | G27: =VLOOKUP(C27,'[1]6月汇总'!$C:$D,2,0) -> 3 | H27: =SUM(E27:G27) -> 19 | I27: =VLOOKUP(C27,[2]两年对比终版!$A:$C,3,0) -> 23 | K27: =H27/D27 -> 0.28787879 | L27: 930 | M27: 287.013 | N27: =VLOOKUP(C27,'[1]5月25-5月31日汇总'!$C:$E,3,0) -> 26.96 | O27: =VLOOKUP(C27,'[1]6月汇总'!$C:$E,3,0) -> 80.88 | P27: =SUM(M27:O27) -> 394.853 | Q27: =VLOOKUP(C27,[2]两年对比终版!$A:$F,6,0) -> 773.87896 | S27: =P27/L27 -> 0.42457312 | T27: 27 | U27: 6 | V27: =VLOOKUP(C27,'[1]5月25-5月31日汇总'!$C:$F,4,0) -> 1 | W27: =VLOOKUP(C27,'[1]6月汇总'!$C:$F,4,0) -> 2 | X27: =SUM(U27:W27) -> 9 | Y27: =VLOOKUP(C27,[2]两年对比终版!$A:$N,14,0) -> 3 | AA27: =X27/T27 -> 0.33333333 | AB27: 396.245 | AC27: 68.5136 | AD27: =VLOOKUP(C27,'[1]5月25-5月31日汇总'!$C:$G,5,0) -> 31.5 | AE27: =VLOOKUP(C27,'[1]6月汇总'!$C:$G,5,0) -> 26.86 | AF27: =SUM(AC27:AE27) -> 126.8736 | AG27: =VLOOKUP(C27,[2]两年对比终版!$A:$Q,17,0) -> 44.012007 | AI27: =AF27/AB27 -> 0.32018978 | AJ27: 27 | AK27: 5 | AL27: =VLOOKUP(C27,'[1]5月25-5月31日汇总'!$C:$H,6,0) -> 0 | AM27: =VLOOKUP(C27,'[1]6月汇总'!$C:$I,6,0) -> 5 | AN27: =SUM(AK27:AM27) -> 10 | AO27: =VLOOKUP(C27,[2]两年对比终版!$A:$T,20,0) -> 0 | AQ27: =AN27/AJ27 -> 0.37037037 | AR27: 396.245 | AS27: 78.4854 | AT27: =VLOOKUP(C27,'[1]5月25-5月31日汇总'!$C:$I,7,0) -> 0 | AU27: =VLOOKUP(C27,'[1]6月汇总'!$C:$I,7,0) -> 90.170706 | AV27: =SUM(AS27:AU27) -> 168.65611 | AW27: =VLOOKUP(C27,[2]两年对比终版!$A:$X,23,0) -> 0 | AY27: =AV27/AR27 -> 0.42563592 | AZ27: 376 | BA27: 6.95685 | BD27: =SUM(BA27:BC27) -> 6.95685 | BE27: =VLOOKUP(C27,[2]两年对比终版!$A:$AD,30,0) -> 1159.2175 | BF27: =BD27/AZ27 -> 0.018502261
A28: 22 | B28: D | C28: 巴基斯坦 | D28: 87 | E28: 32 | F28: =VLOOKUP(C28,'[1]5月25-5月31日汇总'!$C:$D,2,0) -> 0 | G28: =VLOOKUP(C28,'[1]6月汇总'!$C:$D,2,0) -> 6 | H28: =SUM(E28:G28) -> 38 | I28: =VLOOKUP(C28,[2]两年对比终版!$A:$C,3,0) -> 8 | K28: =H28/D28 -> 0.43678161 | L28: 688 | M28: 255.136 | N28: =VLOOKUP(C28,'[1]5月25-5月31日汇总'!$C:$E,3,0) -> 0 | O28: =VLOOKUP(C28,'[1]6月汇总'!$C:$E,3,0) -> 44.88 | P28: =SUM(M28:O28) -> 300.016 | Q28: =VLOOKUP(C28,[2]两年对比终版!$A:$F,6,0) -> 74.024224 | S28: =P28/L28 -> 0.43606977 | T28: 32 | U28: 4 | V28: =VLOOKUP(C28,'[1]5月25-5月31日汇总'!$C:$F,4,0) -> 0 | W28: =VLOOKUP(C28,'[1]6月汇总'!$C:$F,4,0) -> 2 | X28: =SUM(U28:W28) -> 6 | Y28: =VLOOKUP(C28,[2]两年对比终版!$A:$N,14,0) -> 2 | AA28: =X28/T28 -> 0.1875 | AB28: 265 | AC28: 23.2504 | AD28: =VLOOKUP(C28,'[1]5月25-5月31日汇总'!$C:$G,5,0) -> 0 | AE28: =VLOOKUP(C28,'[1]6月汇总'!$C:$G,5,0) -> 14.96 | AF28: =SUM(AC28:AE28) -> 38.2104 | AG28: =VLOOKUP(C28,[2]两年对比终版!$A:$Q,17,0) -> 6.912768 | AI28: =AF28/AB28 -> 0.14419019 | AJ28: 32 | AK28: 6 | AL28: =VLOOKUP(C28,'[1]5月25-5月31日汇总'!$C:$H,6,0) -> 1 | AM28: =VLOOKUP(C28,'[1]6月汇总'!$C:$I,6,0) -> 2 | AN28: =SUM(AK28:AM28) -> 9 | AO28: =VLOOKUP(C28,[2]两年对比终版!$A:$T,20,0) -> 0 | AQ28: =AN28/AJ28 -> 0.28125 | AR28: 265 | AS28: 45.7169 | AT28: =VLOOKUP(C28,'[1]5月25-5月31日汇总'!$C:$I,7,0) -> 7.75 | AU28: =VLOOKUP(C28,'[1]6月汇总'!$C:$I,7,0) -> 14.96 | AV28: =SUM(AS28:AU28) -> 68.4269 | AW28: =VLOOKUP(C28,[2]两年对比终版!$A:$X,23,0) -> 0 | AY28: =AV28/AR28 -> 0.25821472 | AZ28: 252 | BA28: 21.3624 | BD28: =SUM(BA28:BC28) -> 21.3624 | BE28: =VLOOKUP(C28,[2]两年对比终版!$A:$AD,30,0) -> 0 | BF28: =BD28/AZ28 -> 0.084771429
A29: 23 | B29: B | C29: 孟加拉-1 | D29: 238 | E29: 43 | F29: =VLOOKUP(C29,'[1]5月25-5月31日汇总'!$C:$D,2,0) -> 17 | G29: =VLOOKUP(C29,'[1]6月汇总'!$C:$D,2,0) -> 35 | H29: =SUM(E29:G29) -> 95 | I29: =VLOOKUP(C29,[2]两年对比终版!$A:$C,3,0) -> 128 | K29: =H29/D29 -> 0.39915966 | L29: 1768.9 | M29: 443.528 | N29: =VLOOKUP(C29,'[1]5月25-5月31日汇总'!$C:$E,3,0) -> 136.68 | O29: =VLOOKUP(C29,'[1]6月汇总'!$C:$E,3,0) -> 293.12 | P29: =SUM(M29:O29) -> 873.328 | Q29: =VLOOKUP(C29,[2]两年对比终版!$A:$F,6,0) -> 1268.9125 | S29: =P29/L29 -> 0.49371248 | T29: 73 | U29: 16 | V29: =VLOOKUP(C29,'[1]5月25-5月31日汇总'!$C:$F,4,0) -> 4 | W29: =VLOOKUP(C29,'[1]6月汇总'!$C:$F,4,0) -> 5 | X29: =SUM(U29:W29) -> 25 | Y29: =VLOOKUP(C29,[2]两年对比终版!$A:$N,14,0) -> 27 | AA29: =X29/T29 -> 0.34246575 | AB29: 722 | AC29: 129.646 | AD29: =VLOOKUP(C29,'[1]5月25-5月31日汇总'!$C:$G,5,0) -> 29.07 | AE29: =VLOOKUP(C29,'[1]6月汇总'!$C:$G,5,0) -> 36.85 | AF29: =SUM(AC29:AE29) -> 195.566 | AG29: =VLOOKUP(C29,[2]两年对比终版!$A:$Q,17,0) -> 224.14553 | AI29: =AF29/AB29 -> 0.27086704 | AJ29: 73 | AK29: 16 | AL29: =VLOOKUP(C29,'[1]5月25-5月31日汇总'!$C:$H,6,0) -> 1 | AM29: =VLOOKUP(C29,'[1]6月汇总'!$C:$I,6,0) -> 4 | AN29: =SUM(AK29:AM29) -> 21 | AO29: =VLOOKUP(C29,[2]两年对比终版!$A:$T,20,0) -> 20 | AQ29: =AN29/AJ29 -> 0.28767123 | AR29: 722 | AS29: 129.688 | AT29: =VLOOKUP(C29,'[1]5月25-5月31日汇总'!$C:$I,7,0) -> 7.16 | AU29: =VLOOKUP(C29,'[1]6月汇总'!$C:$I,7,0) -> 29.07 | AV29: =SUM(AS29:AU29) -> 165.918 | AW29: =VLOOKUP(C29,[2]两年对比终版!$A:$X,23,0) -> 167.86765 | AY29: =AV29/AR29 -> 0.22980332 | AZ29: 686 | BA29: 29.6454 | BD29: =SUM(BA29:BC29) -> 29.6454 | BE29: =VLOOKUP(C29,[2]两年对比终版!$A:$AD,30,0) -> 153.92602 | BF29: =BD29/AZ29 -> 0.043214869
A30: 24 | B30: C | C30: 澳大利亚 | D30: 136 | E30: 23 | F30: =VLOOKUP(C30,'[1]5月25-5月31日汇总'!$C:$D,2,0) -> 1 | G30: =VLOOKUP(C30,'[1]6月汇总'!$C:$D,2,0) -> 5 | H30: =SUM(E30:G30) -> 29 | I30: =VLOOKUP(C30,[2]两年对比终版!$A:$C,3,0) -> 39 | K30: =H30/D30 -> 0.21323529 | L30: 964 | M30: 320.911 | N30: =VLOOKUP(C30,'[1]5月25-5月31日汇总'!$C:$E,3,0) -> 11.42 | O30: =VLOOKUP(C30,'[1]6月汇总'!$C:$E,3,0) -> 80 | P30: =SUM(M30:O30) -> 412.331 | Q30: =VLOOKUP(C30,[2]两年对比终版!$A:$F,6,0) -> 592.24855 | S30: =P30/L30 -> 0.42772925 | T30: 32 | U30: 8 | V30: =VLOOKUP(C30,'[1]5月25-5月31日汇总'!$C:$F,4,0) -> 1 | W30: =VLOOKUP(C30,'[1]6月汇总'!$C:$F,4,0) -> 3 | X30: =SUM(U30:W30) -> 12 | Y30: =VLOOKUP(C30,[2]两年对比终版!$A:$N,14,0) -> 2 | AA30: =X30/T30 -> 0.375 | AB30: 380 | AC30: 88.3023 | AD30: =VLOOKUP(C30,'[1]5月25-5月31日汇总'!$C:$G,5,0) -> 11.42 | AE30: =VLOOKUP(C30,'[1]6月汇总'!$C:$G,5,0) -> 30 | AF30: =SUM(AC30:AE30) -> 129.7223 | AG30: =VLOOKUP(C30,[2]两年对比终版!$A:$Q,17,0) -> 29.534539 | AI30: =AF30/AB30 -> 0.34137447 | AJ30: 32 | AK30: 3 | AL30: =VLOOKUP(C30,'[1]5月25-5月31日汇总'!$C:$H,6,0) -> 4 | AM30: =VLOOKUP(C30,'[1]6月汇总'!$C:$I,6,0) -> 4 | AN30: =SUM(AK30:AM30) -> 11 | AO30: =VLOOKUP(C30,[2]两年对比终版!$A:$T,20,0) -> 9 | AQ30: =AN30/AJ30 -> 0.34375 | AR30: 380 | AS30: 53.7101 | AT30: =VLOOKUP(C30,'[1]5月25-5月31日汇总'!$C:$I,7,0) -> 24.43 | AU30: =VLOOKUP(C30,'[1]6月汇总'!$C:$I,7,0) -> 40 | AV30: =SUM(AS30:AU30) -> 118.1401 | AW30: =VLOOKUP(C30,[2]两年对比终版!$A:$X,23,0) -> 179.53971 | AY30: =AV30/AR30 -> 0.310895 | AZ30: 360 | BA30: 28.2947 | BD30: =SUM(BA30:BC30) -> 28.2947 | BE30: =VLOOKUP(C30,[2]两年对比终版!$A:$AD,30,0) -> 245.62006 | BF30: =BD30/AZ30 -> 0.078596389
A31: 25 | B31: C | C31: 菲律宾 | D31: 69 | E31: 26 | F31: =VLOOKUP(C31,'[1]5月25-5月31日汇总'!$C:$D,2,0) -> 0 | G31: =VLOOKUP(C31,'[1]6月汇总'!$C:$D,2,0) -> 9 | H31: =SUM(E31:G31) -> 35 | I31: =VLOOKUP(C31,[2]两年对比终版!$A:$C,3,0) -> 0 | K31: =H31/D31 -> 0.50724638 | L31: 710 | M31: 214.36 | N31: =VLOOKUP(C31,'[1]5月25-5月31日汇总'!$C:$E,3,0) -> 0 | O31: =VLOOKUP(C31,'[1]6月汇总'!$C:$E,3,0) -> 100 | P31: =SUM(M31:O31) -> 314.36 | Q31: =VLOOKUP(C31,[2]两年对比终版!$A:$F,6,0) -> 0 | S31: =P31/L31 -> 0.44276056 | T31: 27 | U31: 0 | V31: =VLOOKUP(C31,'[1]5月25-5月31日汇总'!$C:$F,4,0) -> 0 | W31: =VLOOKUP(C31,'[1]6月汇总'!$C:$F,4,0) -> 0 | X31: =SUM(U31:W31) -> 0 | Y31: =VLOOKUP(C31,[2]两年对比终版!$A:$N,14,0) -> 0 | AA31: =X31/T31 -> 0 | AB31: 350 | AC31: 0 | AD31: =VLOOKUP(C31,'[1]5月25-5月31日汇总'!$C:$G,5,0) -> 0 | AE31: =VLOOKUP(C31,'[1]6月汇总'!$C:$G,5,0) -> 0 | AF31: =SUM(AC31:AE31) -> 0 | AG31: =VLOOKUP(C31,[2]两年对比终版!$A:$Q,17,0) -> 0 | AI31: =AF31/AB31 -> 0 | AJ31: 27 | AK31: 0 | AL31: =VLOOKUP(C31,'[1]5月25-5月31日汇总'!$C:$H,6,0) -> 0 | AM31: =VLOOKUP(C31,'[1]6月汇总'!$C:$I,6,0) -> 0 | AN31: =SUM(AK31:AM31) -> 0 | AO31: =VLOOKUP(C31,[2]两年对比终版!$A:$T,20,0) -> 0 | AQ31: =AN31/AJ31 -> 0 | AR31: 350 | AS31: 0 | AT31: =VLOOKUP(C31,'[1]5月25-5月31日汇总'!$C:$I,7,0) -> 0 | AU31: =VLOOKUP(C31,'[1]6月汇总'!$C:$I,7,0) -> 0 | AV31: =SUM(AS31:AU31) -> 0 | AW31: =VLOOKUP(C31,[2]两年对比终版!$A:$X,23,0) -> 0 | AY31: =AV31/AR31 -> 0 | AZ31: 333 | BA31: 0 | BD31: =SUM(BA31:BC31) -> 0 | BE31: =VLOOKUP(C31,[2]两年对比终版!$A:$AD,30,0) -> 0 | BF31: =BD31/AZ31 -> 0
A32: 26 | B32: C | C32: 印尼-1 | D32: 263 | E32: 48 | F32: =VLOOKUP(C32,'[1]5月25-5月31日汇总'!$C:$D,2,0) -> 0 | G32: =VLOOKUP(C32,'[1]6月汇总'!$C:$D,2,0) -> 11 | H32: =SUM(E32:G32) -> 59 | I32: =VLOOKUP(C32,[2]两年对比终版!$A:$C,3,0) -> 97 | K32: =H32/D32 -> 0.2243346 | L32: 1640 | M32: 499.416 | N32: =VLOOKUP(C32,'[1]5月25-5月31日汇总'!$C:$E,3,0) -> 0 | O32: =VLOOKUP(C32,'[1]6月汇总'!$C:$E,3,0) -> 160 | P32: =SUM(M32:O32) -> 659.416 | Q32: =VLOOKUP(C32,[2]两年对比终版!$A:$F,6,0) -> 1049.8087 | S32: =P32/L32 -> 0.40208293 | T32: 42 | U32: 8 | V32: =VLOOKUP(C32,'[1]5月25-5月31日汇总'!$C:$F,4,0) -> 0 | W32: =VLOOKUP(C32,'[1]6月汇总'!$C:$F,4,0) -> 3 | X32: =SUM(U32:W32) -> 11 | Y32: =VLOOKUP(C32,[2]两年对比终版!$A:$N,14,0) -> 1 | AA32: =X32/T32 -> 0.26190476 | AB32: 400 | AC32: 77.5997 | AD32: =VLOOKUP(C32,'[1]5月25-5月31日汇总'!$C:$G,5,0) -> 0 | AE32: =VLOOKUP(C32,'[1]6月汇总'!$C:$G,5,0) -> 32 | AF32: =SUM(AC32:AE32) -> 109.5997 | AG32: =VLOOKUP(C32,[2]两年对比终版!$A:$Q,17,0) -> 7.43 | AI32: =AF32/AB32 -> 0.27399925 | AJ32: 42 | AK32: 8 | AL32: =VLOOKUP(C32,'[1]5月25-5月31日汇总'!$C:$H,6,0) -> 0 | AM32: =VLOOKUP(C32,'[1]6月汇总'!$C:$I,6,0) -> 3 | AN32: =SUM(AK32:AM32) -> 11 | AO32: =VLOOKUP(C32,[2]两年对比终版!$A:$T,20,0) -> 1 | AQ32: =AN32/AJ32 -> 0.26190476 | AR32: 400 | AS32: 77.5997 | AT32: =VLOOKUP(C32,'[1]5月25-5月31日汇总'!$C:$I,7,0) -> 0 | AU32: =VLOOKUP(C32,'[1]6月汇总'!$C:$I,7,0) -> 16 | AV32: =SUM(AS32:AU32) -> 93.5997 | AW32: =VLOOKUP(C32,[2]两年对比终版!$A:$X,23,0) -> 7.43 | AY32: =AV32/AR32 -> 0.23399925 | AZ32: 380 | BA32: 6.16148 | BD32: =SUM(BA32:BC32) -> 6.16148 | BE32: =VLOOKUP(C32,[2]两年对比终版!$A:$AD,30,0) -> 15.433404 | BF32: =BD32/AZ32 -> 0.016214421
A33: 27 | B33: B | C33: 越南-1（工厂） | D33: 148 | E33: 24 | F33: =VLOOKUP(C33,'[1]5月25-5月31日汇总'!$C:$D,2,0) -> 2 | G33: =VLOOKUP(C33,'[1]6月汇总'!$C:$D,2,0) -> 2 | H33: =SUM(E33:G33) -> 28 | I33: =VLOOKUP(C33,[2]两年对比终版!$A:$C,3,0) -> 10 | K33: =H33/D33 -> 0.18918919 | L33: 1470 | M33: 317.6 | N33: =VLOOKUP(C33,'[1]5月25-5月31日汇总'!$C:$E,3,0) -> 22.8 | O33: =VLOOKUP(C33,'[1]6月汇总'!$C:$E,3,0) -> 14 | P33: =SUM(M33:O33) -> 354.4 | Q33: =VLOOKUP(C33,[2]两年对比终版!$A:$F,6,0) -> 106.42549 | S33: =P33/L33 -> 0.24108844 | T33: 55 | U33: 11 | V33: =VLOOKUP(C33,'[1]5月25-5月31日汇总'!$C:$F,4,0) -> 2 | W33: =VLOOKUP(C33,'[1]6月汇总'!$C:$F,4,0) -> 2 | X33: =SUM(U33:W33) -> 15 | Y33: =VLOOKUP(C33,[2]两年对比终版!$A:$N,14,0) -> 1 | AA33: =X33/T33 -> 0.27272727 | AB33: 600 | AC33: 80.6616 | AD33: =VLOOKUP(C33,'[1]5月25-5月31日汇总'!$C:$G,5,0) -> 22.8 | AE33: =VLOOKUP(C33,'[1]6月汇总'!$C:$G,5,0) -> 14 | AF33: =SUM(AC33:AE33) -> 117.4616 | AG33: =VLOOKUP(C33,[2]两年对比终版!$A:$Q,17,0) -> 7.56084 | AI33: =AF33/AB33 -> 0.19576933 | AJ33: 55 | AK33: 10 | AL33: =VLOOKUP(C33,'[1]5月25-5月31日汇总'!$C:$H,6,0) -> 0 | AM33: =VLOOKUP(C33,'[1]6月汇总'!$C:$I,6,0) -> 1 | AN33: =SUM(AK33:AM33) -> 11 | AO33: =VLOOKUP(C33,[2]两年对比终版!$A:$T,20,0) -> 0 | AQ33: =AN33/AJ33 -> 0.2 | AR33: 600 | AS33: 74.2168 | AT33: =VLOOKUP(C33,'[1]5月25-5月31日汇总'!$C:$I,7,0) -> 0 | AU33: =VLOOKUP(C33,'[1]6月汇总'!$C:$I,7,0) -> 7.21 | AV33: =SUM(AS33:AU33) -> 81.4268 | AW33: =VLOOKUP(C33,[2]两年对比终版!$A:$X,23,0) -> 0 | AY33: =AV33/AR33 -> 0.13571133 | AZ33: 570 | BA33: 63.6724 | BD33: =SUM(BA33:BC33) -> 63.6724 | BE33: =VLOOKUP(C33,[2]两年对比终版!$A:$AD,30,0) -> 2.1891039 | BF33: =BD33/AZ33 -> 0.11170596
A34: 28 | B34: A | C34: 印度私营 | D34: 246 | E34: 88 | F34: =VLOOKUP(C34,'[1]5月25-5月31日汇总'!$C:$D,2,0) -> 3 | G34: =VLOOKUP(C34,'[1]6月汇总'!$C:$D,2,0) -> 16 | H34: =SUM(E34:G34) -> 107 | I34: =VLOOKUP(C34,[2]两年对比终版!$A:$C,3,0) -> 110 | K34: =H34/D34 -> 0.43495935 | L34: 2934 | M34: 1103.64 | N34: =VLOOKUP(C34,'[1]5月25-5月31日汇总'!$C:$E,3,0) -> 34 | O34: =VLOOKUP(C34,'[1]6月汇总'!$C:$E,3,0) -> 204.55 | P34: =SUM(M34:O34) -> 1342.19 | Q34: =VLOOKUP(C34,[2]两年对比终版!$A:$F,6,0) -> 1592.6828 | S34: =P34/L34 -> 0.4574608 | T34: 81 | U34: 24 | V34: =VLOOKUP(C34,'[1]5月25-5月31日汇总'!$C:$F,4,0) -> 1 | W34: =VLOOKUP(C34,'[1]6月汇总'!$C:$F,4,0) -> 16 | X34: =SUM(U34:W34) -> 41 | Y34: =VLOOKUP(C34,[2]两年对比终版!$A:$N,14,0) -> 30 | AA34: =X34/T34 -> 0.50617284 | AB34: 1600 | AC34: 274.693 | AD34: =VLOOKUP(C34,'[1]5月25-5月31日汇总'!$C:$G,5,0) -> 37.81 | AE34: =VLOOKUP(C34,'[1]6月汇总'!$C:$G,5,0) -> 204.55 | AF34: =SUM(AC34:AE34) -> 517.053 | AG34: =VLOOKUP(C34,[2]两年对比终版!$A:$Q,17,0) -> 723.49246 | AI34: =AF34/AB34 -> 0.32315813 | AJ34: 81 | AK34: 6 | AL34: =VLOOKUP(C34,'[1]5月25-5月31日汇总'!$C:$H,6,0) -> 4 | AM34: =VLOOKUP(C34,'[1]6月汇总'!$C:$I,6,0) -> 9 | AN34: =SUM(AK34:AM34) -> 19 | AO34: =VLOOKUP(C34,[2]两年对比终版!$A:$T,20,0) -> 19 | AQ34: =AN34/AJ34 -> 0.2345679 | AR34: 1600 | AS34: 78.962 | AT34: =VLOOKUP(C34,'[1]5月25-5月31日汇总'!$C:$I,7,0) -> 25.91 | AU34: =VLOOKUP(C34,'[1]6月汇总'!$C:$I,7,0) -> 82.28 | AV34: =SUM(AS34:AU34) -> 187.152 | AW34: =VLOOKUP(C34,[2]两年对比终版!$A:$X,23,0) -> 329.72867 | AY34: =AV34/AR34 -> 0.11697 | AZ34: 1520 | BA34: 11.9345 | BD34: =SUM(BA34:BC34) -> 11.9345 | BE34: =VLOOKUP(C34,[2]两年对比终版!$A:$AD,30,0) -> 534.08012 | BF34: =BD34/AZ34 -> 0.0078516447
A35: 29 | B35: C | C35: 菲律宾-2 | D35: 85 | E35: 29 | F35: =VLOOKUP(C35,'[1]5月25-5月31日汇总'!$C:$D,2,0) -> 0 | G35: =VLOOKUP(C35,'[1]6月汇总'!$C:$D,2,0) -> 8 | H35: =SUM(E35:G35) -> 37 | I35: =VLOOKUP(C35,[2]两年对比终版!$A:$C,3,0) -> 0 | K35: =H35/D35 -> 0.43529412 | L35: 650 | M35: 214.149 | N35: =VLOOKUP(C35,'[1]5月25-5月31日汇总'!$C:$E,3,0) -> 0 | O35: =VLOOKUP(C35,'[1]6月汇总'!$C:$E,3,0) -> 70 | P35: =SUM(M35:O35) -> 284.149 | Q35: =VLOOKUP(C35,[2]两年对比终版!$A:$F,6,0) -> 0 | S35: =P35/L35 -> 0.43715231 | T35: 27 | U35: 1 | V35: =VLOOKUP(C35,'[1]5月25-5月31日汇总'!$C:$F,4,0) -> 0 | W35: =VLOOKUP(C35,'[1]6月汇总'!$C:$F,4,0) -> 0 | X35: =SUM(U35:W35) -> 1 | Y35: =VLOOKUP(C35,[2]两年对比终版!$A:$N,14,0) -> 0 | AA35: =X35/T35 -> 0.037037037 | AB35: 350 | AC35: 15.5997 | AD35: =VLOOKUP(C35,'[1]5月25-5月31日汇总'!$C:$G,5,0) -> 0 | AE35: =VLOOKUP(C35,'[1]6月汇总'!$C:$G,5,0) -> 0 | AF35: =SUM(AC35:AE35) -> 15.5997 | AG35: =VLOOKUP(C35,[2]两年对比终版!$A:$Q,17,0) -> 0 | AI35: =AF35/AB35 -> 0.044570571 | AJ35: 27 | AK35: 0 | AL35: =VLOOKUP(C35,'[1]5月25-5月31日汇总'!$C:$H,6,0) -> 0 | AM35: =VLOOKUP(C35,'[1]6月汇总'!$C:$I,6,0) -> 0 | AN35: =SUM(AK35:AM35) -> 0 | AO35: =VLOOKUP(C35,[2]两年对比终版!$A:$T,20,0) -> 0 | AQ35: =AN35/AJ35 -> 0 | AR35: 350 | AS35: 0 | AT35: =VLOOKUP(C35,'[1]5月25-5月31日汇总'!$C:$I,7,0) -> 0 | AU35: =VLOOKUP(C35,'[1]6月汇总'!$C:$I,7,0) -> 0 | AV35: =SUM(AS35:AU35) -> 0 | AW35: =VLOOKUP(C35,[2]两年对比终版!$A:$X,23,0) -> 0 | AY35: =AV35/AR35 -> 0 | AZ35: 333 | BA35: 4.7464 | BD35: =SUM(BA35:BC35) -> 4.7464 | BE35: =VLOOKUP(C35,[2]两年对比终版!$A:$AD,30,0) -> 0 | BF35: =BD35/AZ35 -> 0.014253453
A36: 30 | B36: C | C36: 印尼-2 | D36: 250 | E36: 51 | F36: =VLOOKUP(C36,'[1]5月25-5月31日汇总'!$C:$D,2,0) -> 0 | G36: =VLOOKUP(C36,'[1]6月汇总'!$C:$D,2,0) -> 19 | H36: =SUM(E36:G36) -> 70 | I36: =VLOOKUP(C36,[2]两年对比终版!$A:$C,3,0) -> 0 | K36: =H36/D36 -> 0.28 | L36: 1700 | M36: 530.632 | N36: =VLOOKUP(C36,'[1]5月25-5月31日汇总'!$C:$E,3,0) -> 0 | O36: =VLOOKUP(C36,'[1]6月汇总'!$C:$E,3,0) -> 170 | P36: =SUM(M36:O36) -> 700.632 | Q36: =VLOOKUP(C36,[2]两年对比终版!$A:$F,6,0) -> 0 | S36: =P36/L36 -> 0.41213647 | T36: 42 | U36: 0 | V36: =VLOOKUP(C36,'[1]5月25-5月31日汇总'!$C:$F,4,0) -> 0 | W36: =VLOOKUP(C36,'[1]6月汇总'!$C:$F,4,0) -> 0 | X36: =SUM(U36:W36) -> 0 | Y36: =VLOOKUP(C36,[2]两年对比终版!$A:$N,14,0) -> 0 | AA36: =X36/T36 -> 0 | AB36: 400 | AC36: 0 | AD36: =VLOOKUP(C36,'[1]5月25-5月31日汇总'!$C:$G,5,0) -> 0 | AE36: =VLOOKUP(C36,'[1]6月汇总'!$C:$G,5,0) -> 0 | AF36: =SUM(AC36:AE36) -> 0 | AG36: =VLOOKUP(C36,[2]两年对比终版!$A:$Q,17,0) -> 0 | AI36: =AF36/AB36 -> 0 | AJ36: 42 | AK36: 0 | AL36: =VLOOKUP(C36,'[1]5月25-5月31日汇总'!$C:$H,6,0) -> 0 | AM36: =VLOOKUP(C36,'[1]6月汇总'!$C:$I,6,0) -> 0 | AN36: =SUM(AK36:AM36) -> 0 | AO36: =VLOOKUP(C36,[2]两年对比终版!$A:$T,20,0) -> 0 | AQ36: =AN36/AJ36 -> 0 | AR36: 400 | AS36: 0 | AT36: =VLOOKUP(C36,'[1]5月25-5月31日汇总'!$C:$I,7,0) -> 0 | AU36: =VLOOKUP(C36,'[1]6月汇总'!$C:$I,7,0) -> 0 | AV36: =SUM(AS36:AU36) -> 0 | AW36: =VLOOKUP(C36,[2]两年对比终版!$A:$X,23,0) -> 0 | AY36: =AV36/AR36 -> 0 | AZ36: 380 | BA36: 0 | BD36: =SUM(BA36:BC36) -> 0 | BE36: =VLOOKUP(C36,[2]两年对比终版!$A:$AD,30,0) -> 0 | BF36: =BD36/AZ36 -> 0
A37: 亚洲2合计 | D37: =SUM(D26:D36) -> 1823 | E37: =SUM(E26:E36) -> 454 | F37: =SUM(F26:F36) -> 25 | G37: =SUM(G26:G36) -> 126 | H37: =SUM(H26:H36) -> 605 | I37: =SUM(I26:I36) -> 467 | J37: =(H37-I37)/I37 -> 0.29550321 | K37: =H37/D37 -> 0.33187054 | L37: =SUM(L26:L36) -> 15128.25 | M37: =SUM(M26:M36) -> 4707.114 | N37: =SUM(N26:N36) -> 231.86 | O37: =SUM(O26:O36) -> 1277.43 | P37: =SUM(P26:P36) -> 6216.404 | Q37: =SUM(Q26:Q36) -> 5851.5674 | R37: =(P37-Q37)/Q37 -> 0.062348529 | S37: =P37/L37 -> 0.41091362 | T37: =SUM(T26:T36) -> 501 | U37: =SUM(U26:U36) -> 90 | V37: =SUM(V26:V36) -> 9 | W37: =SUM(W26:W36) -> 39 | X37: =SUM(X26:X36) -> 138 | Y37: =SUM(Y26:Y36) -> 88 | Z37: =(X37-Y37)/Y37 -> 0.56818182 | AA37: =X37/T37 -> 0.2754491 | AB37: =SUM(AB26:AB36) -> 6146.245 | AC37: =SUM(AC26:AC36) -> 823.9673 | AD37: =SUM(AD26:AD36) -> 132.6 | AE37: =SUM(AE26:AE36) -> 389.22 | AF37: =SUM(AF26:AF36) -> 1345.7873 | AG37: =SUM(AG26:AG36) -> 1221.5454 | AH37: =(AF37-AG37)/AG37 -> 0.10170875 | AI37: =AF37/AB37 -> 0.21896089 | AJ37: =SUM(AJ26:AJ36) -> 501 | AK37: =SUM(AK26:AK36) -> 68 | AL37: =SUM(AL26:AL36) -> 12 | AM37: =SUM(AM26:AM36) -> 30 | AN37: =SUM(AN26:AN36) -> 110 | AO37: =SUM(AO26:AO36) -> 78 | AP37: =(AN37-AO37)/AO37 -> 0.41025641 | AQ37: =AN37/AJ37 -> 0.21956088 | AR37: =SUM(AR26:AR36) -> 6146.245 | AS37: =SUM(AS26:AS36) -> 628.9846 | AT37: =SUM(AT26:AT36) -> 77.49 | AU37: =SUM(AU26:AU36) -> 289.69071 | AV37: =SUM(AV26:AV36) -> 996.16531 | AW37: =SUM(AW26:AW36) -> 913.28937 | AX37: =(AV37-AW37)/AW37 -> 0.090744444 | AY37: =AV37/AR37 -> 0.16207706 | AZ37: =SUM(AZ26:AZ36) -> 5839 | BA37: =SUM(BA26:BA36) -> 225.78713 | BB37: =SUM(BB26:BB36) -> 0 | BC37: =SUM(BC26:BC36) -> 0 | BD37: =SUM(BD26:BD36) -> 225.78713 | BE37: =SUM(BE26:BE36) -> 2328.6571 | BF37: =BD37/AZ37 -> 0.038668801
A38: 31 | B38: B | C38: 阿联酋-2 | D38: 122 | E38: 43 | F38: =VLOOKUP(C38,'[1]5月25-5月31日汇总'!$C:$D,2,0) -> 25 | G38: =VLOOKUP(C38,'[1]6月汇总'!$C:$D,2,0) -> 70 | H38: =SUM(E38:G38) -> 138 | I38: =VLOOKUP(C38,[2]两年对比终版!$A:$C,3,0) -> 42 | K38: =H38/D38 -> 1.1311475 | L38: 3360 | M38: 490.787 | N38: =VLOOKUP(C38,'[1]5月25-5月31日汇总'!$C:$E,3,0) -> 204.2426 | O38: =VLOOKUP(C38,'[1]6月汇总'!$C:$E,3,0) -> 816.9704 | P38: =SUM(M38:O38) -> 1512 | Q38: =VLOOKUP(C38,[2]两年对比终版!$A:$F,6,0) -> 1049.7856 | S38: =P38/L38 -> 0.45 | T38: 64 | U38: 5 | V38: =VLOOKUP(C38,'[1]5月25-5月31日汇总'!$C:$F,4,0) -> 0 | W38: =VLOOKUP(C38,'[1]6月汇总'!$C:$F,4,0) -> 10 | X38: =SUM(U38:W38) -> 15 | Y38: =VLOOKUP(C38,[2]两年对比终版!$A:$N,14,0) -> 27 | AA38: =X38/T38 -> 0.234375 | AB38: 1500 | AC38: 55.9393 | AD38: =VLOOKUP(C38,'[1]5月25-5月31日汇总'!$C:$G,5,0) -> 0 | AE38: =VLOOKUP(C38,'[1]6月汇总'!$C:$G,5,0) -> 155 | AF38: =SUM(AC38:AE38) -> 210.9393 | AG38: =VLOOKUP(C38,[2]两年对比终版!$A:$Q,17,0) -> 913.93426 | AI38: =AF38/AB38 -> 0.1406262 | AJ38: 64 | AK38: 1 | AL38: =VLOOKUP(C38,'[1]5月25-5月31日汇总'!$C:$H,6,0) -> 0 | AM38: =VLOOKUP(C38,'[1]6月汇总'!$C:$I,6,0) -> 10 | AN38: =SUM(AK38:AM38) -> 11 | AO38: =VLOOKUP(C38,[2]两年对比终版!$A:$T,20,0) -> 26 | AQ38: =AN38/AJ38 -> 0.171875 | AR38: 1500 | AS38: 26.6761 | AT38: =VLOOKUP(C38,'[1]5月25-5月31日汇总'!$C:$I,7,0) -> 0 | AU38: =VLOOKUP(C38,'[1]6月汇总'!$C:$I,7,0) -> 160 | AV38: =SUM(AS38:AU38) -> 186.6761 | AW38: =VLOOKUP(C38,[2]两年对比终版!$A:$X,23,0) -> 895.74992 | AY38: =AV38/AR38 -> 0.12445073 | AZ38: 1425 | BA38: 7.87278 | BD38: =SUM(BA38:BC38) -> 7.87278 | BE38: =VLOOKUP(C38,[2]两年对比终版!$A:$AD,30,0) -> 460.53615 | BF38: =BD38/AZ38 -> 0.0055247579
A39: 32 | B39: A | C39: 沙特工厂 | D39: 733 | E39: 215 | F39: =VLOOKUP(C39,'[1]5月25-5月31日汇总'!$C:$D,2,0) -> 25 | G39: =VLOOKUP(C39,'[1]6月汇总'!$C:$D,2,0) -> 92 | H39: =SUM(E39:G39) -> 332 | I39: =VLOOKUP(C39,[2]两年对比终版!$A:$C,3,0) -> 860 | K39: =H39/D39 -> 0.45293315 | L39: 6860 | M39: 1849.15 | N39: =VLOOKUP(C39,'[1]5月25-5月31日汇总'!$C:$E,3,0) -> 247.57 | O39: =VLOOKUP(C39,'[1]6月汇总'!$C:$E,3,0) -> 990.28 | P39: =SUM(M39:O39) -> 3087 | Q39: =VLOOKUP(C39,[2]两年对比终版!$A:$F,6,0) -> 7680.8761 | S39: =P39/L39 -> 0.45 | T39: 200 | U39: 31 | V39: =VLOOKUP(C39,'[1]5月25-5月31日汇总'!$C:$F,4,0) -> 2 | W39: =VLOOKUP(C39,'[1]6月汇总'!$C:$F,4,0) -> 10 | X39: =SUM(U39:W39) -> 43 | Y39: =VLOOKUP(C39,[2]两年对比终版!$A:$N,14,0) -> 115 | AA39: =X39/T39 -> 0.215 | AB39: 2360 | AC39: 268.559 | AD39: =VLOOKUP(C39,'[1]5月25-5月31日汇总'!$C:$G,5,0) -> 22 | AE39: =VLOOKUP(C39,'[1]6月汇总'!$C:$G,5,0) -> 105 | AF39: =SUM(AC39:AE39) -> 395.559 | AG39: =VLOOKUP(C39,[2]两年对比终版!$A:$Q,17,0) -> 999.50571 | AI39: =AF39/AB39 -> 0.16760975 | AJ39: 200 | AK39: 29 | AL39: =VLOOKUP(C39,'[1]5月25-5月31日汇总'!$C:$H,6,0) -> 1 | AM39: =VLOOKUP(C39,'[1]6月汇总'!$C:$I,6,0) -> 8 | AN39: =SUM(AK39:AM39) -> 38 | AO39: =VLOOKUP(C39,[2]两年对比终版!$A:$T,20,0) -> 132 | AQ39: =AN39/AJ39 -> 0.19 | AR39: 2360 | AS39: 257.589 | AT39: =VLOOKUP(C39,'[1]5月25-5月31日汇总'!$C:$I,7,0) -> 8 | AU39: =VLOOKUP(C39,'[1]6月汇总'!$C:$I,7,0) -> 70 | AV39: =SUM(AS39:AU39) -> 335.589 | AW39: =VLOOKUP(C39,[2]两年对比终版!$A:$X,23,0) -> 1132.2966 | AY39: =AV39/AR39 -> 0.14219873 | AZ39: 2242 | BA39: 676.018 | BD39: =SUM(BA39:BC39) -> 676.018 | BE39: =VLOOKUP(C39,[2]两年对比终版!$A:$AD,30,0) -> 831.13297 | BF39: =BD39/AZ39 -> 0.30152453
A40: 33 | B40: A | C40: 沙特-1 | D40: 299 | E40: 95 | F40: =VLOOKUP(C40,'[1]5月25-5月31日汇总'!$C:$D,2,0) -> 22 | G40: =VLOOKUP(C40,'[1]6月汇总'!$C:$D,2,0) -> 90 | H40: =SUM(E40:G40) -> 207 | I40: =VLOOKUP(C40,[2]两年对比终版!$A:$C,3,0) -> 380 | K40: =H40/D40 -> 0.69230769 | L40: 3710 | M40: 754.047 | N40: =VLOOKUP(C40,'[1]5月25-5月31日汇总'!$C:$E,3,0) -> 183.0906 | O40: =VLOOKUP(C40,'[1]6月汇总'!$C:$E,3,0) -> 732.3624 | P40: =SUM(M40:O40) -> 1669.5 | Q40: =VLOOKUP(C40,[2]两年对比终版!$A:$F,6,0) -> 2999.3153 | S40: =P40/L40 -> 0.45 | T40: 150 | U40: 13 | V40: =VLOOKUP(C40,'[1]5月25-5月31日汇总'!$C:$F,4,0) -> 8 | W40: =VLOOKUP(C40,'[1]6月汇总'!$C:$F,4,0) -> 15 | X40: =SUM(U40:W40) -> 36 | Y40: =VLOOKUP(C40,[2]两年对比终版!$A:$N,14,0) -> 18 | AA40: =X40/T40 -> 0.24 | AB40: 1500 | AC40: 108.787 | AD40: =VLOOKUP(C40,'[1]5月25-5月31日汇总'!$C:$G,5,0) -> 70 | AE40: =VLOOKUP(C40,'[1]6月汇总'!$C:$G,5,0) -> 180 | AF40: =SUM(AC40:AE40) -> 358.787 | AG40: =VLOOKUP(C40,[2]两年对比终版!$A:$Q,17,0) -> 244.92997 | AI40: =AF40/AB40 -> 0.23919133 | AJ40: 150 | AK40: 31 | AL40: =VLOOKUP(C40,'[1]5月25-5月31日汇总'!$C:$H,6,0) -> 0 | AM40: =VLOOKUP(C40,'[1]6月汇总'!$C:$I,6,0) -> 5 | AN40: =SUM(AK40:AM40) -> 36 | AO40: =VLOOKUP(C40,[2]两年对比终版!$A:$T,20,0) -> 22 | AQ40: =AN40/AJ40 -> 0.24 | AR40: 1500 | AS40: 307.471 | AT40: =VLOOKUP(C40,'[1]5月25-5月31日汇总'!$C:$I,7,0) -> 0 | AU40: =VLOOKUP(C40,'[1]6月汇总'!$C:$I,7,0) -> 45 | AV40: =SUM(AS40:AU40) -> 352.471 | AW40: =VLOOKUP(C40,[2]两年对比终版!$A:$X,23,0) -> 262.43406 | AY40: =AV40/AR40 -> 0.23498067 | AZ40: 1425 | BA40: 40.4176 | BD40: =SUM(BA40:BC40) -> 40.4176 | BE40: =VLOOKUP(C40,[2]两年对比终版!$A:$AD,30,0) -> 661.6902 | BF40: =BD40/AZ40 -> 0.028363228
A41: 34 | B41: C | C41: 科威特 | D41: 136 | E41: 25 | F41: =VLOOKUP(C41,'[1]5月25-5月31日汇总'!$C:$D,2,0) -> 7 | G41: =VLOOKUP(C41,'[1]6月汇总'!$C:$D,2,0) -> 29 | H41: =SUM(E41:G41) -> 61 | I41: =VLOOKUP(C41,[2]两年对比终版!$A:$C,3,0) -> 77 | K41: =H41/D41 -> 0.44852941 | L41: 1820 | M41: 479.952 | N41: =VLOOKUP(C41,'[1]5月25-5月31日汇总'!$C:$E,3,0) -> 67.8096 | O41: =VLOOKUP(C41,'[1]6月汇总'!$C:$E,3,0) -> 271.2384 | P41: =SUM(M41:O41) -> 819 | Q41: =VLOOKUP(C41,[2]两年对比终版!$A:$F,6,0) -> 1017.158 | S41: =P41/L41 -> 0.45 | T41: 64 | U41: 0 | V41: =VLOOKUP(C41,'[1]5月25-5月31日汇总'!$C:$F,4,0) -> 0 | W41: =VLOOKUP(C41,'[1]6月汇总'!$C:$F,4,0) -> 3 | X41: =SUM(U41:W41) -> 3 | Y41: =VLOOKUP(C41,[2]两年对比终版!$A:$N,14,0) -> 11 | AA41: =X41/T41 -> 0.046875 | AB41: 732 | AC41: 0 | AD41: =VLOOKUP(C41,'[1]5月25-5月31日汇总'!$C:$G,5,0) -> 0 | AE41: =VLOOKUP(C41,'[1]6月汇总'!$C:$G,5,0) -> 25 | AF41: =SUM(AC41:AE41) -> 25 | AG41: =VLOOKUP(C41,[2]两年对比终版!$A:$Q,17,0) -> 126.79957 | AI41: =AF41/AB41 -> 0.034153005 | AJ41: 64 | AK41: 9 | AL41: =VLOOKUP(C41,'[1]5月25-5月31日汇总'!$C:$H,6,0) -> 0 | AM41: =VLOOKUP(C41,'[1]6月汇总'!$C:$I,6,0) -> 2 | AN41: =SUM(AK41:AM41) -> 11 | AO41: =VLOOKUP(C41,[2]两年对比终版!$A:$T,20,0) -> 12 | AQ41: =AN41/AJ41 -> 0.171875 | AR41: 732 | AS41: 87.0849 | AT41: =VLOOKUP(C41,'[1]5月25-5月31日汇总'!$C:$I,7,0) -> 0 | AU41: =VLOOKUP(C41,'[1]6月汇总'!$C:$I,7,0) -> 17 | AV41: =SUM(AS41:AU41) -> 104.0849 | AW41: =VLOOKUP(C41,[2]两年对比终版!$A:$X,23,0) -> 134.82774 | AY41: =AV41/AR41 -> 0.14219249 | AZ41: 695 | BA41: 8.33355 | BD41: =SUM(BA41:BC41) -> 8.33355 | BE41: =VLOOKUP(C41,[2]两年对比终版!$A:$AD,30,0) -> 203.58402 | BF41: =BD41/AZ41 -> 0.011990719
A42: 35 | B42: A | C42: 阿联酋-1 | D42: 416 | E42: 91 | F42: =VLOOKUP(C42,'[1]5月25-5月31日汇总'!$C:$D,2,0) -> 19 | G42: =VLOOKUP(C42,'[1]6月汇总'!$C:$D,2,0) -> 77 | H42: =SUM(E42:G42) -> 187 | I42: =VLOOKUP(C42,[2]两年对比终版!$A:$C,3,0) -> 404 | K42: =H42/D42 -> 0.44951923 | L42: 3710 | M42: 823.947 | N42: =VLOOKUP(C42,'[1]5月25-5月31日汇总'!$C:$E,3,0) -> 169.1106 | O42: =VLOOKUP(C42,'[1]6月汇总'!$C:$E,3,0) -> 676.4424 | P42: =SUM(M42:O42) -> 1669.5 | Q42: =VLOOKUP(C42,[2]两年对比终版!$A:$F,6,0) -> 3426.4583 | S42: =P42/L42 -> 0.45 | T42: 150 | U42: 38 | V42: =VLOOKUP(C42,'[1]5月25-5月31日汇总'!$C:$F,4,0) -> 3 | W42: =VLOOKUP(C42,'[1]6月汇总'!$C:$F,4,0) -> 71 | X42: =SUM(U42:W42) -> 112 | Y42: =VLOOKUP(C42,[2]两年对比终版!$A:$N,14,0) -> 63 | AA42: =X42/T42 -> 0.74666667 | AB42: 1500 | AC42: 300.194 | AD42: =VLOOKUP(C42,'[1]5月25-5月31日汇总'!$C:$G,5,0) -> 120 | AE42: =VLOOKUP(C42,'[1]6月汇总'!$C:$G,5,0) -> 560 | AF42: =SUM(AC42:AE42) -> 980.194 | AG42: =VLOOKUP(C42,[2]两年对比终版!$A:$Q,17,0) -> 500.02766 | AI42: =AF42/AB42 -> 0.65346267 | AJ42: 150 | AK42: 32 | AL42: =VLOOKUP(C42,'[1]5月25-5月31日汇总'!$C:$H,6,0) -> 0 | AM42: =VLOOKUP(C42,'[1]6月汇总'!$C:$I,6,0) -> 20 | AN42: =SUM(AK42:AM42) -> 52 | AO42: =VLOOKUP(C42,[2]两年对比终版!$A:$T,20,0) -> 52 | AQ42: =AN42/AJ42 -> 0.34666667 | AR42: 1500 | AS42: 217.117 | AT42: =VLOOKUP(C42,'[1]5月25-5月31日汇总'!$C:$I,7,0) -> 0 | AU42: =VLOOKUP(C42,'[1]6月汇总'!$C:$I,7,0) -> 230 | AV42: =SUM(AS42:AU42) -> 447.117 | AW42: =VLOOKUP(C42,[2]两年对比终版!$A:$X,23,0) -> 388.01158 | AY42: =AV42/AR42 -> 0.298078 | AZ42: 1425 | BA42: 101.013 | BD42: =SUM(BA42:BC42) -> 101.013 | BE42: =VLOOKUP(C42,[2]两年对比终版!$A:$AD,30,0) -> 537.83611 | BF42: =BD42/AZ42 -> 0.070886316
A43: 36 | B43: C | C43: 卡塔尔 | D43: 50 | E43: 12 | F43: =VLOOKUP(C43,'[1]5月25-5月31日汇总'!$C:$D,2,0) -> 2 | G43: =VLOOKUP(C43,'[1]6月汇总'!$C:$D,2,0) -> 8 | H43: =SUM(E43:G43) -> 22 | I43: =VLOOKUP(C43,[2]两年对比终版!$A:$C,3,0) -> 0 | K43: =H43/D43 -> 0.44 | L43: 700 | M43: 155.366 | N43: =VLOOKUP(C43,'[1]5月25-5月31日汇总'!$C:$E,3,0) -> 25 | O43: =VLOOKUP(C43,'[1]6月汇总'!$C:$E,3,0) -> 65 | P43: =SUM(M43:O43) -> 245.366 | Q43: =VLOOKUP(C43,[2]两年对比终版!$A:$F,6,0) -> 0 | S43: =P43/L43 -> 0.35052286 | T43: 42 | U43: 0 | V43: =VLOOKUP(C43,'[1]5月25-5月31日汇总'!$C:$F,4,0) -> 0 | W43: =VLOOKUP(C43,'[1]6月汇总'!$C:$F,4,0) -> 5 | X43: =SUM(U43:W43) -> 5 | Y43: =VLOOKUP(C43,[2]两年对比终版!$A:$N,14,0) -> 0 | AA43: =X43/T43 -> 0.11904762 | AB43: 500 | AC43: 0 | AD43: =VLOOKUP(C43,'[1]5月25-5月31日汇总'!$C:$G,5,0) -> 0 | AE43: =VLOOKUP(C43,'[1]6月汇总'!$C:$G,5,0) -> 29.376 | AF43: =SUM(AC43:AE43) -> 29.376 | AG43: =VLOOKUP(C43,[2]两年对比终版!$A:$Q,17,0) -> 0 | AI43: =AF43/AB43 -> 0.058752 | AJ43: 42 | AK43: 0 | AL43: =VLOOKUP(C43,'[1]5月25-5月31日汇总'!$C:$H,6,0) -> 0 | AM43: =VLOOKUP(C43,'[1]6月汇总'!$C:$I,6,0) -> 0 | AN43: =SUM(AK43:AM43) -> 0 | AO43: =VLOOKUP(C43,[2]两年对比终版!$A:$T,20,0) -> 0 | AQ43: =AN43/AJ43 -> 0 | AR43: 500 | AS43: 0 | AT43: =VLOOKUP(C43,'[1]5月25-5月31日汇总'!$C:$I,7,0) -> 0 | AU43: =VLOOKUP(C43,'[1]6月汇总'!$C:$I,7,0) -> 0 | AV43: =SUM(AS43:AU43) -> 0 | AW43: =VLOOKUP(C43,[2]两年对比终版!$A:$X,23,0) -> 0 | AY43: =AV43/AR43 -> 0 | AZ43: 475 | BA43: 0 | BD43: =SUM(BA43:BC43) -> 0 | BE43: =VLOOKUP(C43,[2]两年对比终版!$A:$AD,30,0) -> 0 | BF43: =BD43/AZ43 -> 0
A44: 37 | B44: D | C44: 伊拉克 | D44: 81 | E44: 24 | F44: =VLOOKUP(C44,'[1]5月25-5月31日汇总'!$C:$D,2,0) -> 2 | G44: =VLOOKUP(C44,'[1]6月汇总'!$C:$D,2,0) -> 10 | H44: =SUM(E44:G44) -> 36 | I44: =VLOOKUP(C44,[2]两年对比终版!$A:$C,3,0) -> 53 | K44: =H44/D44 -> 0.44444444 | L44: 700 | M44: 292.144 | N44: =VLOOKUP(C44,'[1]5月25-5月31日汇总'!$C:$E,3,0) -> 16 | O44: =VLOOKUP(C44,'[1]6月汇总'!$C:$E,3,0) -> 70 | P44: =SUM(M44:O44) -> 378.144 | Q44: =VLOOKUP(C44,[2]两年对比终版!$A:$F,6,0) -> 592.63862 | S44: =P44/L44 -> 0.54020571 | T44: 42 | U44: 8 | V44: =VLOOKUP(C44,'[1]5月25-5月31日汇总'!$C:$F,4,0) -> 0 | W44: =VLOOKUP(C44,'[1]6月汇总'!$C:$F,4,0) -> 5 | X44: =SUM(U44:W44) -> 13 | Y44: =VLOOKUP(C44,[2]两年对比终版!$A:$N,14,0) -> 8 | AA44: =X44/T44 -> 0.30952381 | AB44: 300 | AC44: 65.9294 | AD44: =VLOOKUP(C44,'[1]5月25-5月31日汇总'!$C:$G,5,0) -> 0 | AE44: =VLOOKUP(C44,'[1]6月汇总'!$C:$G,5,0) -> 45 | AF44: =SUM(AC44:AE44) -> 110.9294 | AG44: =VLOOKUP(C44,[2]两年对比终版!$A:$Q,17,0) -> 61.438507 | AI44: =AF44/AB44 -> 0.36976467 | AJ44: 42 | AK44: 4 | AL44: =VLOOKUP(C44,'[1]5月25-5月31日汇总'!$C:$H,6,0) -> 0 | AM44: =VLOOKUP(C44,'[1]6月汇总'!$C:$I,6,0) -> 6 | AN44: =SUM(AK44:AM44) -> 10 | AO44: =VLOOKUP(C44,[2]两年对比终版!$A:$T,20,0) -> 8 | AQ44: =AN44/AJ44 -> 0.23809524 | AR44: 300 | AS44: 29.1079 | AT44: =VLOOKUP(C44,'[1]5月25-5月31日汇总'!$C:$I,7,0) -> 0 | AU44: =VLOOKUP(C44,'[1]6月汇总'!$C:$I,7,0) -> 48 | AV44: =SUM(AS44:AU44) -> 77.1079 | AW44: =VLOOKUP(C44,[2]两年对比终版!$A:$X,23,0) -> 61.438507 | AY44: =AV44/AR44 -> 0.25702633 | AZ44: 285 | BA44: 19.9912 | BD44: =SUM(BA44:BC44) -> 19.9912 | BE44: =VLOOKUP(C44,[2]两年对比终版!$A:$AD,30,0) -> 82.195083 | BF44: =BD44/AZ44 -> 0.070144561
A45: 38 | B45: C | C45: 巴勒斯坦 | D45: 181 | E45: 23 | F45: =VLOOKUP(C45,'[1]5月25-5月31日汇总'!$C:$D,2,0) -> 12 | G45: =VLOOKUP(C45,'[1]6月汇总'!$C:$D,2,0) -> 47 | H45: =SUM(E45:G45) -> 82 | I45: =VLOOKUP(C45,[2]两年对比终版!$A:$C,3,0) -> 0 | K45: =H45/D45 -> 0.45303867 | L45: 1680 | M45: 367.404 | N45: =VLOOKUP(C45,'[1]5月25-5月31日汇总'!$C:$E,3,0) -> 77.7192 | O45: =VLOOKUP(C45,'[1]6月汇总'!$C:$E,3,0) -> 310.8768 | P45: =SUM(M45:O45) -> 756 | Q45: =VLOOKUP(C45,[2]两年对比终版!$A:$F,6,0) -> 0 | S45: =P45/L45 -> 0.45 | T45: 80 | U45: 3 | V45: =VLOOKUP(C45,'[1]5月25-5月31日汇总'!$C:$F,4,0) -> 2 | W45: =VLOOKUP(C45,'[1]6月汇总'!$C:$F,4,0) -> 3 | X45: =SUM(U45:W45) -> 8 | Y45: =VLOOKUP(C45,[2]两年对比终版!$A:$N,14,0) -> 0 | AA45: =X45/T45 -> 0.1 | AB45: 700 | AC45: 24.9508 | AD45: =VLOOKUP(C45,'[1]5月25-5月31日汇总'!$C:$G,5,0) -> 15 | AE45: =VLOOKUP(C45,'[1]6月汇总'!$C:$G,5,0) -> 24 | AF45: =SUM(AC45:AE45) -> 63.9508 | AG45: =VLOOKUP(C45,[2]两年对比终版!$A:$Q,17,0) -> 0 | AI45: =AF45/AB45 -> 0.091358286 | AJ45: 80 | AK45: 3 | AL45: =VLOOKUP(C45,'[1]5月25-5月31日汇总'!$C:$H,6,0) -> 0 | AM45: =VLOOKUP(C45,'[1]6月汇总'!$C:$I,6,0) -> 2 | AN45: =SUM(AK45:AM45) -> 5 | AO45: =VLOOKUP(C45,[2]两年对比终版!$A:$T,20,0) -> 0 | AQ45: =AN45/AJ45 -> 0.0625 | AR45: 700 | AS45: 24.9508 | AT45: =VLOOKUP(C45,'[1]5月25-5月31日汇总'!$C:$I,7,0) -> 0 | AU45: =VLOOKUP(C45,'[1]6月汇总'!$C:$I,7,0) -> 15 | AV45: =SUM(AS45:AU45) -> 39.9508 | AW45: =VLOOKUP(C45,[2]两年对比终版!$A:$X,23,0) -> 0 | AY45: =AV45/AR45 -> 0.057072571 | AZ45: 665 | BA45: 24.6013 | BD45: =SUM(BA45:BC45) -> 24.6013 | BE45: =VLOOKUP(C45,[2]两年对比终版!$A:$AD,30,0) -> 0 | BF45: =BD45/AZ45 -> 0.036994436
A46: 39 | B46: D | C46: 伊朗+阿曼 | D46: 45 | E46: 35 | F46: =VLOOKUP(C46,'[1]5月25-5月31日汇总'!$C:$D,2,0) -> 3 | G46: =VLOOKUP(C46,'[1]6月汇总'!$C:$D,2,0) -> 10 | H46: =SUM(E46:G46) -> 48 | I46: =VLOOKUP(C46,[2]两年对比终版!$A:$C,3,0) -> 92 | K46: =H46/D46 -> 1.0666667 | L46: 700 | M46: 231.979 | N46: =VLOOKUP(C46,'[1]5月25-5月31日汇总'!$C:$E,3,0) -> 16.6042 | O46: =VLOOKUP(C46,'[1]6月汇总'!$C:$E,3,0) -> 66.4168 | P46: =SUM(M46:O46) -> 315 | Q46: =VLOOKUP(C46,[2]两年对比终版!$A:$F,6,0) -> 1001.541 | S46: =P46/L46 -> 0.45 | T46: 25 | U46: 17 | V46: =VLOOKUP(C46,'[1]5月25-5月31日汇总'!$C:$F,4,0) -> 1 | W46: =VLOOKUP(C46,'[1]6月汇总'!$C:$F,4,0) -> 4 | X46: =SUM(U46:W46) -> 22 | Y46: =VLOOKUP(C46,[2]两年对比终版!$A:$N,14,0) -> 20 | AA46: =X46/T46 -> 0.88 | AB46: 300 | AC46: 107.638 | AD46: =VLOOKUP(C46,'[1]5月25-5月31日汇总'!$C:$G,5,0) -> 8 | AE46: =VLOOKUP(C46,'[1]6月汇总'!$C:$G,5,0) -> 30 | AF46: =SUM(AC46:AE46) -> 145.638 | AG46: =VLOOKUP(C46,[2]两年对比终版!$A:$Q,17,0) -> 200.80713 | AI46: =AF46/AB46 -> 0.48546 | AJ46: 25 | AK46: 2 | AL46: =VLOOKUP(C46,'[1]5月25-5月31日汇总'!$C:$H,6,0) -> 0 | AM46: =VLOOKUP(C46,'[1]6月汇总'!$C:$I,6,0) -> 2 | AN46: =SUM(AK46:AM46) -> 4 | AO46: =VLOOKUP(C46,[2]两年对比终版!$A:$T,20,0) -> 15 | AQ46: =AN46/AJ46 -> 0.16 | AR46: 300 | AS46: 12.4017 | AT46: =VLOOKUP(C46,'[1]5月25-5月31日汇总'!$C:$I,7,0) -> 0 | AU46: =VLOOKUP(C46,'[1]6月汇总'!$C:$I,7,0) -> 13 | AV46: =SUM(AS46:AU46) -> 25.4017 | AW46: =VLOOKUP(C46,[2]两年对比终版!$A:$X,23,0) -> 137.57912 | AY46: =AV46/AR46 -> 0.084672333 | AZ46: 285 | BA46: 31.551 | BD46: =SUM(BA46:BC46) -> 31.551 | BE46: =VLOOKUP(C46,[2]两年对比终版!$A:$AD,30,0) -> 168.95674 | BF46: =BD46/AZ46 -> 0.11070526
A47: 中东合计 | D47: =SUM(D38:D46) -> 2063 | E47: =SUM(E38:E46) -> 563 | F47: =SUM(F38:F46) -> 117 | G47: =SUM(G38:G46) -> 433 | H47: =SUM(H38:H46) -> 1113 | I47: =SUM(I38:I46) -> 1908 | J47: =(H47-I47)/I47 -> -0.41666667 | K47: =H47/D47 -> 0.53950557 | L47: =SUM(L38:L46) -> 23240 | M47: =SUM(M38:M46) -> 5444.776 | N47: =SUM(N38:N46) -> 1007.1468 | O47: =SUM(O38:O46) -> 3999.5872 | P47: =SUM(P38:P46) -> 10451.51 | Q47: =SUM(Q38:Q46) -> 17767.773 | R47: =(P47-Q47)/Q47 -> -0.41177152 | S47: =P47/L47 -> 0.44972074 | T47: =SUM(T38:T46) -> 817 | U47: =SUM(U38:U46) -> 115 | V47: =SUM(V38:V46) -> 16 | W47: =SUM(W38:W46) -> 126 | X47: =SUM(X38:X46) -> 257 | Y47: =SUM(Y38:Y46) -> 262 | Z47: =(X47-Y47)/Y47 -> -0.019083969 | AA47: =X47/T47 -> 0.31456548 | AB47: =SUM(AB38:AB46) -> 9392 | AC47: =SUM(AC38:AC46) -> 931.9975 | AD47: =SUM(AD38:AD46) -> 235 | AE47: =SUM(AE38:AE46) -> 1153.376 | AF47: =SUM(AF38:AF46) -> 2320.3735 | AG47: =SUM(AG38:AG46) -> 3047.4428 | AH47: =(AF47-AG47)/AG47 -> -0.23858341 | AI47: =AF47/AB47 -> 0.24705851 | AJ47: =SUM(AJ38:AJ46) -> 817 | AK47: =SUM(AK38:AK46) -> 111 | AL47: =SUM(AL38:AL46) -> 1 | AM47: =SUM(AM38:AM46) -> 55 | AN47: =SUM(AN38:AN46) -> 167 | AO47: =SUM(AO38:AO46) -> 267 | AP47: =(AN47-AO47)/AO47 -> -0.37453184 | AQ47: =AN47/AJ47 -> 0.20440636 | AR47: =SUM(AR38:AR46) -> 9392 | AS47: =SUM(AS38:AS46) -> 962.3984 | AT47: =SUM(AT38:AT46) -> 8 | AU47: =SUM(AU38:AU46) -> 598 | AV47: =SUM(AV38:AV46) -> 1568.3984 | AW47: =SUM(AW38:AW46) -> 3012.3375 | AX47: =(AV47-AW47)/AW47 -> -0.47934174 | AY47: =AV47/AR47 -> 0.16699302 | AZ47: =SUM(AZ38:AZ46) -> 8922 | BA47: =SUM(BA38:BA46) -> 909.79843 | BB47: =SUM(BB38:BB46) -> 0 | BC47: =SUM(BC38:BC46) -> 0 | BD47: =SUM(BD38:BD46) -> 909.79843 | BE47: =SUM(BE38:BE46) -> 2945.9313 | BF47: =BD47/AZ47 -> 0.10197248
A48: 40 | B48: C | C48: 蒙古 | D48: 81 | E48: 37 | F48: =VLOOKUP(C48,'[1]5月25-5月31日汇总'!$C:$D,2,0) -> 8 | G48: =VLOOKUP(C48,'[1]6月汇总'!$C:$D,2,0) -> 12 | H48: =SUM(E48:G48) -> 57 | I48: =VLOOKUP(C48,[2]两年对比终版!$A:$C,3,0) -> 73 | K48: =H48/D48 -> 0.7037037 | L48: 1260 | M48: 443.119 | N48: =VLOOKUP(C48,'[1]5月25-5月31日汇总'!$C:$E,3,0) -> 85 | O48: =VLOOKUP(C48,'[1]6月汇总'!$C:$E,3,0) -> 130 | P48: =SUM(M48:O48) -> 658.119 | Q48: =VLOOKUP(C48,[2]两年对比终版!$A:$F,6,0) -> 800.21297 | S48: =P48/L48 -> 0.52231667 | T48: 32.4 | U48: 11 | V48: =VLOOKUP(C48,'[1]5月25-5月31日汇总'!$C:$F,4,0) -> 0 | W48: =VLOOKUP(C48,'[1]6月汇总'!$C:$F,4,0) -> 5 | X48: =SUM(U48:W48) -> 16 | Y48: =VLOOKUP(C48,[2]两年对比终版!$A:$N,14,0) -> 15 | AA48: =X48/T48 -> 0.49382716 | AB48: 500 | AC48: 141.8 | AD48: =VLOOKUP(C48,'[1]5月25-5月31日汇总'!$C:$G,5,0) -> 0 | AE48: =VLOOKUP(C48,'[1]6月汇总'!$C:$G,5,0) -> 45 | AF48: =SUM(AC48:AE48) -> 186.8 | AG48: =VLOOKUP(C48,[2]两年对比终版!$A:$Q,17,0) -> 187.86056 | AI48: =AF48/AB48 -> 0.3736 | AJ48: 32.4 | AK48: 2 | AL48: =VLOOKUP(C48,'[1]5月25-5月31日汇总'!$C:$H,6,0) -> 3 | AM48: =VLOOKUP(C48,'[1]6月汇总'!$C:$I,6,0) -> 3 | AN48: =SUM(AK48:AM48) -> 8 | AO48: =VLOOKUP(C48,[2]两年对比终版!$A:$T,20,0) -> 10 | AQ48: =AN48/AJ48 -> 0.24691358 | AR48: 500 | AS48: 33.6813 | AT48: =VLOOKUP(C48,'[1]5月25-5月31日汇总'!$C:$I,7,0) -> 28 | AU48: =VLOOKUP(C48,'[1]6月汇总'!$C:$I,7,0) -> 51 | AV48: =SUM(AS48:AU48) -> 112.6813 | AW48: =VLOOKUP(C48,[2]两年对比终版!$A:$X,23,0) -> 152.32916 | AY48: =AV48/AR48 -> 0.2253626 | AZ48: 475 | BA48: 107.854 | BD48: =SUM(BA48:BC48) -> 107.854 | BE48: =VLOOKUP(C48,[2]两年对比终版!$A:$AD,30,0) -> 183.92734 | BF48: =BD48/AZ48 -> 0.22706105
A49: 41 | B49: A | C49: 哈萨克斯坦-1 | D49: 581 | E49: 264 | F49: =VLOOKUP(C49,'[1]5月25-5月31日汇总'!$C:$D,2,0) -> 21 | G49: =VLOOKUP(C49,'[1]6月汇总'!$C:$D,2,0) -> 30 | H49: =SUM(E49:G49) -> 315 | I49: =VLOOKUP(C49,[2]两年对比终版!$A:$C,3,0) -> 155 | K49: =H49/D49 -> 0.54216867 | L49: 5575.68 | M49: 2192.98 | N49: =VLOOKUP(C49,'[1]5月25-5月31日汇总'!$C:$E,3,0) -> 180 | O49: =VLOOKUP(C49,'[1]6月汇总'!$C:$E,3,0) -> 280 | P49: =SUM(M49:O49) -> 2652.98 | Q49: =VLOOKUP(C49,[2]两年对比终版!$A:$F,6,0) -> 1270.4684 | S49: =P49/L49 -> 0.47581282 | T49: 239.4 | U49: 98 | V49: =VLOOKUP(C49,'[1]5月25-5月31日汇总'!$C:$F,4,0) -> 10 | W49: =VLOOKUP(C49,'[1]6月汇总'!$C:$F,4,0) -> 12 | X49: =SUM(U49:W49) -> 120 | Y49: =VLOOKUP(C49,[2]两年对比终版!$A:$N,14,0) -> 55 | AA49: =X49/T49 -> 0.50125313 | AB49: 2304 | AC49: 936.921 | AD49: =VLOOKUP(C49,'[1]5月25-5月31日汇总'!$C:$G,5,0) -> 100 | AE49: =VLOOKUP(C49,'[1]6月汇总'!$C:$G,5,0) -> 100 | AF49: =SUM(AC49:AE49) -> 1136.921 | AG49: =VLOOKUP(C49,[2]两年对比终版!$A:$Q,17,0) -> 530.29769 | AI49: =AF49/AB49 -> 0.4934553 | AJ49: 239.4 | AK49: 55 | AL49: =VLOOKUP(C49,'[1]5月25-5月31日汇总'!$C:$H,6,0) -> 4 | AM49: =VLOOKUP(C49,'[1]6月汇总'!$C:$I,6,0) -> 30 | AN49: =SUM(AK49:AM49) -> 89 | AO49: =VLOOKUP(C49,[2]两年对比终版!$A:$T,20,0) -> 48 | AQ49: =AN49/AJ49 -> 0.37176274 | AR49: 2304 | AS49: 536.221 | AT49: =VLOOKUP(C49,'[1]5月25-5月31日汇总'!$C:$I,7,0) -> 32 | AU49: =VLOOKUP(C49,'[1]6月汇总'!$C:$I,7,0) -> 310 | AV49: =SUM(AS49:AU49) -> 878.221 | AW49: =VLOOKUP(C49,[2]两年对比终版!$A:$X,23,0) -> 502.43066 | AY49: =AV49/AR49 -> 0.38117231 | AZ49: 2189 | BA49: 545.521 | BD49: =SUM(BA49:BC49) -> 545.521 | BE49: =VLOOKUP(C49,[2]两年对比终版!$A:$AD,30,0) -> 509.92972 | BF49: =BD49/AZ49 -> 0.24921014
A50: 42 | B50: B | C50: 塔吉克/哈萨克斯坦-2 | D50: 207 | E50: 70 | F50: =VLOOKUP(C50,'[1]5月25-5月31日汇总'!$C:$D,2,0) -> 16 | G50: =VLOOKUP(C50,'[1]6月汇总'!$C:$D,2,0) -> 60 | H50: =SUM(E50:G50) -> 146 | I50: =VLOOKUP(C50,[2]两年对比终版!$A:$C,3,0) -> 210 | K50: =H50/D50 -> 0.70531401 | L50: 2082.5 | M50: 567.468 | N50: =VLOOKUP(C50,'[1]5月25-5月31日汇总'!$C:$E,3,0) -> 94 | O50: =VLOOKUP(C50,'[1]6月汇总'!$C:$E,3,0) -> 360 | P50: =SUM(M50:O50) -> 1021.468 | Q50: =VLOOKUP(C50,[2]两年对比终版!$A:$F,6,0) -> 2098.855 | S50: =P50/L50 -> 0.49050084 | T50: 84.6 | U50: 40 | V50: =VLOOKUP(C50,'[1]5月25-5月31日汇总'!$C:$F,4,0) -> 0 | W50: =VLOOKUP(C50,'[1]6月汇总'!$C:$F,4,0) -> 28 | X50: =SUM(U50:W50) -> 68 | Y50: =VLOOKUP(C50,[2]两年对比终版!$A:$N,14,0) -> 36 | AA50: =X50/T50 -> 0.80378251 | AB50: 850 | AC50: 280.495 | AD50: =VLOOKUP(C50,'[1]5月25-5月31日汇总'!$C:$G,5,0) -> 0 | AE50: =VLOOKUP(C50,'[1]6月汇总'!$C:$G,5,0) -> 200 | AF50: =SUM(AC50:AE50) -> 480.495 | AG50: =VLOOKUP(C50,[2]两年对比终版!$A:$Q,17,0) -> 317.42713 | AI50: =AF50/AB50 -> 0.56528824 | AJ50: 84.6 | AK50: 17 | AL50: =VLOOKUP(C50,'[1]5月25-5月31日汇总'!$C:$H,6,0) -> 0 | AM50: =VLOOKUP(C50,'[1]6月汇总'!$C:$I,6,0) -> 17 | AN50: =SUM(AK50:AM50) -> 34 | AO50: =VLOOKUP(C50,[2]两年对比终版!$A:$T,20,0) -> 29 | AQ50: =AN50/AJ50 -> 0.40189125 | AR50: 850 | AS50: 121.804 | AT50: =VLOOKUP(C50,'[1]5月25-5月31日汇总'!$C:$I,7,0) -> 0 | AU50: =VLOOKUP(C50,'[1]6月汇总'!$C:$I,7,0) -> 154 | AV50: =SUM(AS50:AU50) -> 275.804 | AW50: =VLOOKUP(C50,[2]两年对比终版!$A:$X,23,0) -> 276.05058 | AY50: =AV50/AR50 -> 0.32447529 | AZ50: 808 | BA50: 143.13 | BD50: =SUM(BA50:BC50) -> 143.13 | BE50: =VLOOKUP(C50,[2]两年对比终版!$A:$AD,30,0) -> 290.39446 | BF50: =BD50/AZ50 -> 0.17714109
A51: 43 | B51: C | C51: 哈萨克斯坦-3 | D51: 145 | E51: 58 | F51: =VLOOKUP(C51,'[1]5月25-5月31日汇总'!$C:$D,2,0) -> 4 | G51: =VLOOKUP(C51,'[1]6月汇总'!$C:$D,2,0) -> 30 | H51: =SUM(E51:G51) -> 92 | I51: =VLOOKUP(C51,[2]两年对比终版!$A:$C,3,0) -> 0 | K51: =H51/D51 -> 0.63448276 | L51: 1500 | M51: 398.294 | N51: =VLOOKUP(C51,'[1]5月25-5月31日汇总'!$C:$E,3,0) -> 22 | O51: =VLOOKUP(C51,'[1]6月汇总'!$C:$E,3,0) -> 44 | P51: =SUM(M51:O51) -> 464.294 | Q51: =VLOOKUP(C51,[2]两年对比终版!$A:$F,6,0) -> 0 | S51: =P51/L51 -> 0.30952933 | T51: 60.3 | U51: 23 | V51: =VLOOKUP(C51,'[1]5月25-5月31日汇总'!$C:$F,4,0) -> 0 | W51: =VLOOKUP(C51,'[1]6月汇总'!$C:$F,4,0) -> 4 | X51: =SUM(U51:W51) -> 27 | Y51: =VLOOKUP(C51,[2]两年对比终版!$A:$N,14,0) -> 0 | AA51: =X51/T51 -> 0.44776119 | AB51: 600 | AC51: 157.295 | AD51: =VLOOKUP(C51,'[1]5月25-5月31日汇总'!$C:$G,5,0) -> 0 | AE51: =VLOOKUP(C51,'[1]6月汇总'!$C:$G,5,0) -> 22 | AF51: =SUM(AC51:AE51) -> 179.295 | AG51: =VLOOKUP(C51,[2]两年对比终版!$A:$Q,17,0) -> 0 | AI51: =AF51/AB51 -> 0.298825 | AJ51: 60.3 | AK51: 2 | AL51: =VLOOKUP(C51,'[1]5月25-5月31日汇总'!$C:$H,6,0) -> 8 | AM51: =VLOOKUP(C51,'[1]6月汇总'!$C:$I,6,0) -> 13 | AN51: =SUM(AK51:AM51) -> 23 | AO51: =VLOOKUP(C51,[2]两年对比终版!$A:$T,20,0) -> 0 | AQ51: =AN51/AJ51 -> 0.3814262 | AR51: 600 | AS51: 11.3381 | AT51: =VLOOKUP(C51,'[1]5月25-5月31日汇总'!$C:$I,7,0) -> 58 | AU51: =VLOOKUP(C51,'[1]6月汇总'!$C:$I,7,0) -> 148 | AV51: =SUM(AS51:AU51) -> 217.3381 | AW51: =VLOOKUP(C51,[2]两年对比终版!$A:$X,23,0) -> 0 | AY51: =AV51/AR51 -> 0.36223017 | AZ51: 570 | BA51: 88.1642 | BD51: =SUM(BA51:BC51) -> 88.1642 | BE51: =VLOOKUP(C51,[2]两年对比终版!$A:$AD,30,0) -> 0 | BF51: =BD51/AZ51 -> 0.15467404
A52: 44 | B52: D | C52: 乌兹别克斯坦 | D52: 81 | E52: 16 | F52: =VLOOKUP(C52,'[1]5月25-5月31日汇总'!$C:$D,2,0) -> 10 | G52: =VLOOKUP(C52,'[1]6月汇总'!$C:$D,2,0) -> 35 | H52: =SUM(E52:G52) -> 61 | I52: =VLOOKUP(C52,[2]两年对比终版!$A:$C,3,0) -> 138 | K52: =H52/D52 -> 0.75308642 | L52: 735 | M52: 139.242 | N52: =VLOOKUP(C52,'[1]5月25-5月31日汇总'!$C:$E,3,0) -> 65 | O52: =VLOOKUP(C52,'[1]6月汇总'!$C:$E,3,0) -> 270 | P52: =SUM(M52:O52) -> 474.242 | Q52: =VLOOKUP(C52,[2]两年对比终版!$A:$F,6,0) -> 1844.2106 | S52: =P52/L52 -> 0.64522721 | T52: 33.3 | U52: 9 | V52: =VLOOKUP(C52,'[1]5月25-5月31日汇总'!$C:$F,4,0) -> 0 | W52: =VLOOKUP(C52,'[1]6月汇总'!$C:$F,4,0) -> 22 | X52: =SUM(U52:W52) -> 31 | Y52: =VLOOKUP(C52,[2]两年对比终版!$A:$N,14,0) -> 2 | AA52: =X52/T52 -> 0.93093093 | AB52: 300 | AC52: 63.4146 | AD52: =VLOOKUP(C52,'[1]5月25-5月31日汇总'!$C:$G,5,0) -> 0 | AE52: =VLOOKUP(C52,'[1]6月汇总'!$C:$G,5,0) -> 127 | AF52: =SUM(AC52:AE52) -> 190.4146 | AG52: =VLOOKUP(C52,[2]两年对比终版!$A:$Q,17,0) -> 14.660022 | AI52: =AF52/AB52 -> 0.63471533 | AJ52: 33.3 | AK52: 15 | AL52: =VLOOKUP(C52,'[1]5月25-5月31日汇总'!$C:$H,6,0) -> 0 | AM52: =VLOOKUP(C52,'[1]6月汇总'!$C:$I,6,0) -> 26 | AN52: =SUM(AK52:AM52) -> 41 | AO52: =VLOOKUP(C52,[2]两年对比终版!$A:$T,20,0) -> 1 | AQ52: =AN52/AJ52 -> 1.2312312 | AR52: 300 | AS52: 126.352 | AT52: =VLOOKUP(C52,'[1]5月25-5月31日汇总'!$C:$I,7,0) -> 0 | AU52: =VLOOKUP(C52,'[1]6月汇总'!$C:$I,7,0) -> 147 | AV52: =SUM(AS52:AU52) -> 273.352 | AW52: =VLOOKUP(C52,[2]两年对比终版!$A:$X,23,0) -> 6.739142 | AY52: =AV52/AR52 -> 0.91117333 | AZ52: 285 | BA52: 49.6283 | BD52: =SUM(BA52:BC52) -> 49.6283 | BE52: =VLOOKUP(C52,[2]两年对比终版!$A:$AD,30,0) -> 17.849941 | BF52: =BD52/AZ52 -> 0.17413439
A53: 45 | B53: D | C53: 吉尔吉斯斯坦 | D53: 127 | E53: 47 | F53: =VLOOKUP(C53,'[1]5月25-5月31日汇总'!$C:$D,2,0) -> 0 | G53: =VLOOKUP(C53,'[1]6月汇总'!$C:$D,2,0) -> 21 | H53: =SUM(E53:G53) -> 68 | I53: =VLOOKUP(C53,[2]两年对比终版!$A:$C,3,0) -> 0 | K53: =H53/D53 -> 0.53543307 | L53: 980 | M53: 374.065 | N53: =VLOOKUP(C53,'[1]5月25-5月31日汇总'!$C:$E,3,0) -> 0 | O53: =VLOOKUP(C53,'[1]6月汇总'!$C:$E,3,0) -> 120 | P53: =SUM(M53:O53) -> 494.065 | Q53: =VLOOKUP(C53,[2]两年对比终版!$A:$F,6,0) -> 0 | S53: =P53/L53 -> 0.50414796 | T53: 52.2 | U53: 44 | V53: =VLOOKUP(C53,'[1]5月25-5月31日汇总'!$C:$F,4,0) -> 0 | W53: =VLOOKUP(C53,'[1]6月汇总'!$C:$F,4,0) -> 0 | X53: =SUM(U53:W53) -> 44 | Y53: =VLOOKUP(C53,[2]两年对比终版!$A:$N,14,0) -> 0 | AA53: =X53/T53 -> 0.84291188 | AB53: 400 | AC53: 312.105 | AD53: =VLOOKUP(C53,'[1]5月25-5月31日汇总'!$C:$G,5,0) -> 0 | AE53: =VLOOKUP(C53,'[1]6月汇总'!$C:$G,5,0) -> 0 | AF53: =SUM(AC53:AE53) -> 312.105 | AG53: =VLOOKUP(C53,[2]两年对比终版!$A:$Q,17,0) -> 0 | AI53: =AF53/AB53 -> 0.7802625 | AJ53: 52.2 | AK53: 26 | AL53: =VLOOKUP(C53,'[1]5月25-5月31日汇总'!$C:$H,6,0) -> 0 | AM53: =VLOOKUP(C53,'[1]6月汇总'!$C:$I,6,0) -> 18 | AN53: =SUM(AK53:AM53) -> 44 | AO53: =VLOOKUP(C53,[2]两年对比终版!$A:$T,20,0) -> 0 | AQ53: =AN53/AJ53 -> 0.84291188 | AR53: 400 | AS53: 144.143 | AT53: =VLOOKUP(C53,'[1]5月25-5月31日汇总'!$C:$I,7,0) -> 0 | AU53: =VLOOKUP(C53,'[1]6月汇总'!$C:$I,7,0) -> 170 | AV53: =SUM(AS53:AU53) -> 314.143 | AW53: =VLOOKUP(C53,[2]两年对比终版!$A:$X,23,0) -> 0 | AY53: =AV53/AR53 -> 0.7853575 | AZ53: 380 | BA53: 143.088 | BD53: =SUM(BA53:BC53) -> 143.088 | BE53: =VLOOKUP(C53,[2]两年对比终版!$A:$AD,30,0) -> 0 | BF53: =BD53/AZ53 -> 0.37654737
A54: 46 | B54: C | C54: 阿塞拜疆 | D54: 73 | E54: 48 | F54: =VLOOKUP(C54,'[1]5月25-5月31日汇总'!$C:$D,2,0) -> 1 | G54: =VLOOKUP(C54,'[1]6月汇总'!$C:$D,2,0) -> 20 | H54: =SUM(E54:G54) -> 69 | I54: =VLOOKUP(C54,[2]两年对比终版!$A:$C,3,0) -> 57 | K54: =H54/D54 -> 0.94520548 | L54: 816.667 | M54: 344.588 | N54: =VLOOKUP(C54,'[1]5月25-5月31日汇总'!$C:$E,3,0) -> 5 | O54: =VLOOKUP(C54,'[1]6月汇总'!$C:$E,3,0) -> 98 | P54: =SUM(M54:O54) -> 447.588 | Q54: =VLOOKUP(C54,[2]两年对比终版!$A:$F,6,0) -> 430.01146 | S54: =P54/L54 -> 0.54806672 | T54: 31.5 | U54: 20 | V54: =VLOOKUP(C54,'[1]5月25-5月31日汇总'!$C:$F,4,0) -> 1 | W54: =VLOOKUP(C54,'[1]6月汇总'!$C:$F,4,0) -> 20 | X54: =SUM(U54:W54) -> 41 | Y54: =VLOOKUP(C54,[2]两年对比终版!$A:$N,14,0) -> 2 | AA54: =X54/T54 -> 1.3015873 | AB54: 350 | AC54: 124.407 | AD54: =VLOOKUP(C54,'[1]5月25-5月31日汇总'!$C:$G,5,0) -> 5 | AE54: =VLOOKUP(C54,'[1]6月汇总'!$C:$G,5,0) -> 98 | AF54: =SUM(AC54:AE54) -> 227.407 | AG54: =VLOOKUP(C54,[2]两年对比终版!$A:$Q,17,0) -> 19.154128 | AI54: =AF54/AB54 -> 0.64973429 | AJ54: 31.5 | AK54: 25 | AL54: =VLOOKUP(C54,'[1]5月25-5月31日汇总'!$C:$H,6,0) -> 0 | AM54: =VLOOKUP(C54,'[1]6月汇总'!$C:$I,6,0) -> 6 | AN54: =SUM(AK54:AM54) -> 31 | AO54: =VLOOKUP(C54,[2]两年对比终版!$A:$T,20,0) -> 0 | AQ54: =AN54/AJ54 -> 0.98412698 | AR54: 350 | AS54: 162.513 | AT54: =VLOOKUP(C54,'[1]5月25-5月31日汇总'!$C:$I,7,0) -> 0 | AU54: =VLOOKUP(C54,'[1]6月汇总'!$C:$I,7,0) -> 42 | AV54: =SUM(AS54:AU54) -> 204.513 | AW54: =VLOOKUP(C54,[2]两年对比终版!$A:$X,23,0) -> 0 | AY54: =AV54/AR54 -> 0.58432286 | AZ54: 332 | BA54: 16.7616 | BD54: =SUM(BA54:BC54) -> 16.7616 | BE54: =VLOOKUP(C54,[2]两年对比终版!$A:$AD,30,0) -> 19.978639 | BF54: =BD54/AZ54 -> 0.050486747
A55: 47 | B55: D | C55: 格鲁吉亚 | D55: 44 | E55: 0 | F55: =VLOOKUP(C55,'[1]5月25-5月31日汇总'!$C:$D,2,0) -> 0 | G55: =VLOOKUP(C55,'[1]6月汇总'!$C:$D,2,0) -> 0 | H55: =SUM(E55:G55) -> 0 | I55: =VLOOKUP(C55,[2]两年对比终版!$A:$C,3,0) -> 0 | K55: =H55/D55 -> 0 | L55: 490 | M55: 0 | N55: =VLOOKUP(C55,'[1]5月25-5月31日汇总'!$C:$E,3,0) -> 0 | O55: =VLOOKUP(C55,'[1]6月汇总'!$C:$E,3,0) -> 0 | P55: =SUM(M55:O55) -> 0 | Q55: =VLOOKUP(C55,[2]两年对比终版!$A:$F,6,0) -> 0 | S55: =P55/L55 -> 0 | T55: 20 | U55: 0 | V55: =VLOOKUP(C55,'[1]5月25-5月31日汇总'!$C:$F,4,0) -> 0 | W55: =VLOOKUP(C55,'[1]6月汇总'!$C:$F,4,0) -> 0 | X55: =SUM(U55:W55) -> 0 | Y55: =VLOOKUP(C55,[2]两年对比终版!$A:$N,14,0) -> 0 | AA55: =X55/T55 -> 0 | AB55: 200 | AC55: 0 | AD55: =VLOOKUP(C55,'[1]5月25-5月31日汇总'!$C:$G,5,0) -> 0 | AE55: =VLOOKUP(C55,'[1]6月汇总'!$C:$G,5,0) -> 0 | AF55: =SUM(AC55:AE55) -> 0 | AG55: =VLOOKUP(C55,[2]两年对比终版!$A:$Q,17,0) -> 0 | AI55: =AF55/AB55 -> 0 | AJ55: 20 | AK55: 0 | AL55: =VLOOKUP(C55,'[1]5月25-5月31日汇总'!$C:$H,6,0) -> 0 | AM55: =VLOOKUP(C55,'[1]6月汇总'!$C:$I,6,0) -> 0 | AN55: =SUM(AK55:AM55) -> 0 | AO55: =VLOOKUP(C55,[2]两年对比终版!$A:$T,20,0) -> 0 | AQ55: =AN55/AJ55 -> 0 | AR55: 200 | AS55: 0 | AT55: =VLOOKUP(C55,'[1]5月25-5月31日汇总'!$C:$I,7,0) -> 0 | AU55: =VLOOKUP(C55,'[1]6月汇总'!$C:$I,7,0) -> 0 | AV55: =SUM(AS55:AU55) -> 0 | AW55: =VLOOKUP(C55,[2]两年对比终版!$A:$X,23,0) -> 0 | AY55: =AV55/AR55 -> 0 | AZ55: 190 | BA55: 0 | BD55: =SUM(BA55:BC55) -> 0 | BE55: =VLOOKUP(C55,[2]两年对比终版!$A:$AD,30,0) -> 0 | BF55: =BD55/AZ55 -> 0
A56: 中亚合计 | D56: =SUM(D48:D55) -> 1339 | E56: =SUM(E48:E55) -> 540 | F56: =SUM(F48:F55) -> 60 | G56: =SUM(G48:G55) -> 208 | H56: =SUM(H48:H55) -> 808 | I56: =SUM(I48:I55) -> 633 | J56: =(H56-I56)/I56 -> 0.2764613 | K56: =H56/D56 -> 0.6034354 | L56: =SUM(L48:L55) -> 13439.847 | M56: =SUM(M48:M55) -> 4459.756 | N56: =SUM(N48:N55) -> 451 | O56: =SUM(O48:O55) -> 1302 | P56: =SUM(P48:P55) -> 6212.756 | Q56: =SUM(Q48:Q55) -> 6443.7585 | R56: =(P56-Q56)/Q56 -> -0.035849031 | S56: =P56/L56 -> 0.46226389 | T56: =SUM(T48:T55) -> 553.7 | U56: =SUM(U48:U55) -> 245 | V56: =SUM(V48:V55) -> 11 | W56: =SUM(W48:W55) -> 91 | X56: =SUM(X48:X55) -> 347 | Y56: =SUM(Y48:Y55) -> 110 | Z56: =(X56-Y56)/Y56 -> 2.1545455 | AA56: =X56/T56 -> 0.62669316 | AB56: =SUM(AB48:AB55) -> 5504 | AC56: =SUM(AC48:AC55) -> 2016.4376 | AD56: =SUM(AD48:AD55) -> 105 | AE56: =SUM(AE48:AE55) -> 592 | AF56: =SUM(AF48:AF55) -> 2713.4376 | AG56: =SUM(AG48:AG55) -> 1069.3995 | AH56: =(AF56-AG56)/AG56 -> 1.5373469 | AI56: =AF56/AB56 -> 0.49299375 | AJ56: =SUM(AJ48:AJ55) -> 553.7 | AK56: =SUM(AK48:AK55) -> 142 | AL56: =SUM(AL48:AL55) -> 15 | AM56: =SUM(AM48:AM55) -> 113 | AN56: =SUM(AN48:AN55) -> 270 | AO56: =SUM(AO48:AO55) -> 88 | AP56: =(AN56-AO56)/AO56 -> 2.0681818 | AQ56: =AN56/AJ56 -> 0.48762868 | AR56: =SUM(AR48:AR55) -> 5504 | AS56: =SUM(AS48:AS55) -> 1136.0524 | AT56: =SUM(AT48:AT55) -> 118 | AU56: =SUM(AU48:AU55) -> 1022 | AV56: =SUM(AV48:AV55) -> 2276.0524 | AW56: =SUM(AW48:AW55) -> 937.54954 | AX56: =(AV56-AW56)/AW56 -> 1.4276609 | AY56: =AV56/AR56 -> 0.41352696 | AZ56: =SUM(AZ48:AZ55) -> 5229 | BA56: =SUM(BA48:BA55) -> 1094.1471 | BB56: =SUM(BB48:BB55) -> 0 | BC56: =SUM(BC48:BC55) -> 0 | BD56: =SUM(BD48:BD55) -> 1094.1471 | BE56: =SUM(BE48:BE55) -> 1022.0801 | BF56: =BD56/AZ56 -> 0.20924596
A57: 48 | B57: A | C57: 墨西哥-1 | D57: 450 | E57: 164 | F57: =VLOOKUP(C57,'[1]5月25-5月31日汇总'!$C:$D,2,0) -> 0 | G57: 18 | H57: =SUM(E57:G57) -> 182 | I57: =VLOOKUP(C57,[2]两年对比终版!$A:$C,3,0) -> 205 | K57: =H57/D57 -> 0.40444444 | L57: 6270 | M57: 3265.78 | N57: =VLOOKUP(C57,'[1]5月25-5月31日汇总'!$C:$E,3,0) -> 0 | O57: 328 | P57: =SUM(M57:O57) -> 3593.78 | Q57: =VLOOKUP(C57,[2]两年对比终版!$A:$F,6,0) -> 3027.8659 | S57: =P57/L57 -> 0.57317065 | T57: 210 | U57: 92 | V57: =VLOOKUP(C57,'[1]5月25-5月31日汇总'!$C:$F,4,0) -> 0 | W57: 10 | X57: =SUM(U57:W57) -> 102 | Y57: =VLOOKUP(C57,[2]两年对比终版!$A:$N,14,0) -> 61 | AA57: =X57/T57 -> 0.48571429 | AB57: 3050 | AC57: 1319.4 | AD57: =VLOOKUP(C57,'[1]5月25-5月31日汇总'!$C:$G,5,0) -> 0 | AE57: 115 | AF57: =SUM(AC57:AE57) -> 1434.4 | AG57: =VLOOKUP(C57,[2]两年对比终版!$A:$Q,17,0) -> 919.33172 | AI57: =AF57/AB57 -> 0.47029508 | AJ57: 210 | AK57: 87 | AL57: 2 | AM57: 13 | AN57: =SUM(AK57:AM57) -> 102 | AO57: =VLOOKUP(C57,[2]两年对比终版!$A:$T,20,0) -> 38 | AQ57: =AN57/AJ57 -> 0.48571429 | AR57: 3050 | AS57: 1253.16 | AT57: 16.31 | AU57: 188 | AV57: =SUM(AS57:AU57) -> 1457.47 | AW57: =VLOOKUP(C57,[2]两年对比终版!$A:$X,23,0) -> 490.77311 | AY57: =AV57/AR57 -> 0.47785902 | AZ57: 2898 | BA57: 657.094 | BD57: =SUM(BA57:BC57) -> 657.094 | BE57: =VLOOKUP(C57,[2]两年对比终版!$A:$AD,30,0) -> 603.53171 | BF57: =BD57/AZ57 -> 0.22674051
A58: 49 | B58: A | C58: 墨西哥-2 | D58: 450 | E58: 178 | F58: =VLOOKUP(C58,'[1]5月25-5月31日汇总'!$C:$D,2,0) -> 0 | G58: 18 | H58: =SUM(E58:G58) -> 196 | I58: =VLOOKUP(C58,[2]两年对比终版!$A:$C,3,0) -> 210 | K58: =H58/D58 -> 0.43555556 | L58: 6270 | M58: 3358.67 | N58: =VLOOKUP(C58,'[1]5月25-5月31日汇总'!$C:$E,3,0) -> 0 | O58: 328 | P58: =SUM(M58:O58) -> 3686.67 | Q58: =VLOOKUP(C58,[2]两年对比终版!$A:$F,6,0) -> 4171.5039 | S58: =P58/L58 -> 0.58798565 | T58: 210 | U58: 107 | V58: =VLOOKUP(C58,'[1]5月25-5月31日汇总'!$C:$F,4,0) -> 0 | W58: 10 | X58: =SUM(U58:W58) -> 117 | Y58: =VLOOKUP(C58,[2]两年对比终版!$A:$N,14,0) -> 90 | AA58: =X58/T58 -> 0.55714286 | AB58: 3050 | AC58: 1420.82 | AD58: =VLOOKUP(C58,'[1]5月25-5月31日汇总'!$C:$G,5,0) -> 0 | AE58: 114 | AF58: =SUM(AC58:AE58) -> 1534.82 | AG58: =VLOOKUP(C58,[2]两年对比终版!$A:$Q,17,0) -> 1491.4458 | AI58: =AF58/AB58 -> 0.50321967 | AJ58: 210 | AK58: 67 | AL58: 1 | AM58: 12 | AN58: =SUM(AK58:AM58) -> 80 | AO58: =VLOOKUP(C58,[2]两年对比终版!$A:$T,20,0) -> 67 | AQ58: =AN58/AJ58 -> 0.38095238 | AR58: 3050 | AS58: 884.928 | AT58: 7 | AU58: 188 | AV58: =SUM(AS58:AU58) -> 1079.928 | AW58: =VLOOKUP(C58,[2]两年对比终版!$A:$X,23,0) -> 931.40596 | AY58: =AV58/AR58 -> 0.35407475 | AZ58: 2898 | BA58: 747.423 | BD58: =SUM(BA58:BC58) -> 747.423 | BE58: =VLOOKUP(C58,[2]两年对比终版!$A:$AD,30,0) -> 968.51239 | BF58: =BD58/AZ58 -> 0.25790994
A59: 50 | B59: C | C59: 秘鲁 | D59: 100 | E59: 30 | F59: =VLOOKUP(C59,'[1]5月25-5月31日汇总'!$C:$D,2,0) -> 0 | G59: =VLOOKUP(C59,'[1]6月汇总'!$C:$D,2,0) -> 32 | H59: =SUM(E59:G59) -> 62 | I59: =VLOOKUP(C59,[2]两年对比终版!$A:$C,3,0) -> 40 | K59: =H59/D59 -> 0.62 | L59: 1390 | M59: 384.741 | N59: =VLOOKUP(C59,'[1]5月25-5月31日汇总'!$C:$E,3,0) -> 0 | O59: =VLOOKUP(C59,'[1]6月汇总'!$C:$E,3,0) -> 345 | P59: =SUM(M59:O59) -> 729.741 | Q59: =VLOOKUP(C59,[2]两年对比终版!$A:$F,6,0) -> 715.2409 | S59: =P59/L59 -> 0.52499353 | T59: 35 | U59: 8 | V59: =VLOOKUP(C59,'[1]5月25-5月31日汇总'!$C:$F,4,0) -> 0 | W59: =VLOOKUP(C59,'[1]6月汇总'!$C:$F,4,0) -> 8 | X59: =SUM(U59:W59) -> 16 | Y59: =VLOOKUP(C59,[2]两年对比终版!$A:$N,14,0) -> 1 | AA59: =X59/T59 -> 0.45714286 | AB59: 410 | AC59: 99.2848 | AD59: =VLOOKUP(C59,'[1]5月25-5月31日汇总'!$C:$G,5,0) -> 0 | AE59: =VLOOKUP(C59,'[1]6月汇总'!$C:$G,5,0) -> 80 | AF59: =SUM(AC59:AE59) -> 179.2848 | AG59: =VLOOKUP(C59,[2]两年对比终版!$A:$Q,17,0) -> 9.18336 | AI59: =AF59/AB59 -> 0.43728 | AJ59: 35 | AK59: 2 | AL59: =VLOOKUP(C59,'[1]5月25-5月31日汇总'!$C:$H,6,0) -> 0 | AM59: =VLOOKUP(C59,'[1]6月汇总'!$C:$I,6,0) -> 11 | AN59: =SUM(AK59:AM59) -> 13 | AO59: =VLOOKUP(C59,[2]两年对比终版!$A:$T,20,0) -> 1 | AQ59: =AN59/AJ59 -> 0.37142857 | AR59: 410 | AS59: 26.8896 | AT59: =VLOOKUP(C59,'[1]5月25-5月31日汇总'!$C:$I,7,0) -> 0 | AU59: =VLOOKUP(C59,'[1]6月汇总'!$C:$I,7,0) -> 128 | AV59: =SUM(AS59:AU59) -> 154.8896 | AW59: =VLOOKUP(C59,[2]两年对比终版!$A:$X,23,0) -> 16.065436 | AY59: =AV59/AR59 -> 0.37777951 | AZ59: 390 | BA59: 28.4472 | BD59: =SUM(BA59:BC59) -> 28.4472 | BE59: =VLOOKUP(C59,[2]两年对比终版!$A:$AD,30,0) -> 242.49101 | BF59: =BD59/AZ59 -> 0.072941538
A60: 51 | B60: C | C60: 智利 | D60: 120 | E60: 45 | F60: =VLOOKUP(C60,'[1]5月25-5月31日汇总'!$C:$D,2,0) -> 10 | G60: =VLOOKUP(C60,'[1]6月汇总'!$C:$D,2,0) -> 8 | H60: =SUM(E60:G60) -> 63 | I60: =VLOOKUP(C60,[2]两年对比终版!$A:$C,3,0) -> 60 | K60: =H60/D60 -> 0.525 | L60: 1670 | M60: 617.406 | N60: =VLOOKUP(C60,'[1]5月25-5月31日汇总'!$C:$E,3,0) -> 140 | O60: =VLOOKUP(C60,'[1]6月汇总'!$C:$E,3,0) -> 112 | P60: =SUM(M60:O60) -> 869.406 | Q60: =VLOOKUP(C60,[2]两年对比终版!$A:$F,6,0) -> 872.93738 | S60: =P60/L60 -> 0.5206024 | T60: 40 | U60: 17 | V60: =VLOOKUP(C60,'[1]5月25-5月31日汇总'!$C:$F,4,0) -> 0 | W60: =VLOOKUP(C60,'[1]6月汇总'!$C:$F,4,0) -> 3 | X60: =SUM(U60:W60) -> 20 | Y60: =VLOOKUP(C60,[2]两年对比终版!$A:$N,14,0) -> 5 | AA60: =X60/T60 -> 0.5 | AB60: 480 | AC60: 226.444 | AD60: =VLOOKUP(C60,'[1]5月25-5月31日汇总'!$C:$G,5,0) -> 0 | AE60: =VLOOKUP(C60,'[1]6月汇总'!$C:$G,5,0) -> 34.8 | AF60: =SUM(AC60:AE60) -> 261.244 | AG60: =VLOOKUP(C60,[2]两年对比终版!$A:$Q,17,0) -> 50.763554 | AI60: =AF60/AB60 -> 0.54425833 | AJ60: 40 | AK60: 9 | AL60: =VLOOKUP(C60,'[1]5月25-5月31日汇总'!$C:$H,6,0) -> 0 | AM60: =VLOOKUP(C60,'[1]6月汇总'!$C:$I,6,0) -> 8 | AN60: =SUM(AK60:AM60) -> 17 | AO60: =VLOOKUP(C60,[2]两年对比终版!$A:$T,20,0) -> 7 | AQ60: =AN60/AJ60 -> 0.425 | AR60: 480 | AS60: 132.627 | AT60: =VLOOKUP(C60,'[1]5月25-5月31日汇总'!$C:$I,7,0) -> 0 | AU60: =VLOOKUP(C60,'[1]6月汇总'!$C:$I,7,0) -> 111.8 | AV60: =SUM(AS60:AU60) -> 244.427 | AW60: =VLOOKUP(C60,[2]两年对比终版!$A:$X,23,0) -> 73.763804 | AY60: =AV60/AR60 -> 0.50922292 | AZ60: 456 | BA60: 39.4354 | BD60: =SUM(BA60:BC60) -> 39.4354 | BE60: =VLOOKUP(C60,[2]两年对比终版!$A:$AD,30,0) -> 62.876226 | BF60: =BD60/AZ60 -> 0.08648114
A61: 52 | B61: A | C61: 加勒比海 | D61: 520 | E61: 284 | F61: =VLOOKUP(C61,'[1]5月25-5月31日汇总'!$C:$D,2,0) -> 0 | G61: =VLOOKUP(C61,'[1]6月汇总'!$C:$D,2,0) -> 15 | H61: =SUM(E61:G61) -> 299 | I61: =VLOOKUP(C61,[2]两年对比终版!$A:$C,3,0) -> 271 | K61: =H61/D61 -> 0.575 | L61: 7248.8 | M61: 3389.86 | N61: =VLOOKUP(C61,'[1]5月25-5月31日汇总'!$C:$E,3,0) -> 0 | O61: =VLOOKUP(C61,'[1]6月汇总'!$C:$E,3,0) -> 128.4 | P61: =SUM(M61:O61) -> 3518.26 | Q61: =VLOOKUP(C61,[2]两年对比终版!$A:$F,6,0) -> 3201.1957 | S61: =P61/L61 -> 0.48535758 | T61: 200 | U61: 90 | V61: =VLOOKUP(C61,'[1]5月25-5月31日汇总'!$C:$F,4,0) -> 0 | W61: =VLOOKUP(C61,'[1]6月汇总'!$C:$F,4,0) -> 15 | X61: =SUM(U61:W61) -> 105 | Y61: =VLOOKUP(C61,[2]两年对比终版!$A:$N,14,0) -> 85 | AA61: =X61/T61 -> 0.525 | AB61: 2634 | AC61: 871.977 | AD61: =VLOOKUP(C61,'[1]5月25-5月31日汇总'!$C:$G,5,0) -> 0 | AE61: =VLOOKUP(C61,'[1]6月汇总'!$C:$G,5,0) -> 128.4 | AF61: =SUM(AC61:AE61) -> 1000.377 | AG61: =VLOOKUP(C61,[2]两年对比终版!$A:$Q,17,0) -> 925.64737 | AI61: =AF61/AB61 -> 0.37979385 | AJ61: 200 | AK61: 38 | AL61: =VLOOKUP(C61,'[1]5月25-5月31日汇总'!$C:$H,6,0) -> 0 | AM61: =VLOOKUP(C61,'[1]6月汇总'!$C:$I,6,0) -> 56 | AN61: =SUM(AK61:AM61) -> 94 | AO61: =VLOOKUP(C61,[2]两年对比终版!$A:$T,20,0) -> 75 | AQ61: =AN61/AJ61 -> 0.47 | AR61: 2634 | AS61: 341.538 | AT61: =VLOOKUP(C61,'[1]5月25-5月31日汇总'!$C:$I,7,0) -> 0 | AU61: =VLOOKUP(C61,'[1]6月汇总'!$C:$I,7,0) -> 502.25506 | AV61: =SUM(AS61:AU61) -> 843.79306 | AW61: =VLOOKUP(C61,[2]两年对比终版!$A:$X,23,0) -> 819.69526 | AY61: =AV61/AR61 -> 0.32034664 | AZ61: 2500 | BA61: 392.267 | BD61: =SUM(BA61:BC61) -> 392.267 | BE61: =VLOOKUP(C61,[2]两年对比终版!$A:$AD,30,0) -> 874.0854 | BF61: =BD61/AZ61 -> 0.1569068
A62: 53 | B62: C | C62: 多米尼加 | D62: 72 | E62: 12 | F62: =VLOOKUP(C62,'[1]5月25-5月31日汇总'!$C:$D,2,0) -> 12 | G62: =VLOOKUP(C62,'[1]6月汇总'!$C:$D,2,0) -> 0 | H62: =SUM(E62:G62) -> 24 | I62: =VLOOKUP(C62,[2]两年对比终版!$A:$C,3,0) -> 0 | K62: =H62/D62 -> 0.33333333 | L62: 1000 | M62: 101.98 | N62: =VLOOKUP(C62,'[1]5月25-5月31日汇总'!$C:$E,3,0) -> 10.2 | O62: =VLOOKUP(C62,'[1]6月汇总'!$C:$E,3,0) -> 0 | P62: =SUM(M62:O62) -> 112.18 | Q62: =VLOOKUP(C62,[2]两年对比终版!$A:$F,6,0) -> 0 | S62: =P62/L62 -> 0.11218 | T62: 40 | U62: 0 | V62: =VLOOKUP(C62,'[1]5月25-5月31日汇总'!$C:$F,4,0) -> 0 | W62: =VLOOKUP(C62,'[1]6月汇总'!$C:$F,4,0) -> 0 | X62: =SUM(U62:W62) -> 0 | Y62: =VLOOKUP(C62,[2]两年对比终版!$A:$N,14,0) -> 0 | AA62: =X62/T62 -> 0 | AB62: 400 | AC62: 0 | AD62: =VLOOKUP(C62,'[1]5月25-5月31日汇总'!$C:$G,5,0) -> 0 | AE62: =VLOOKUP(C62,'[1]6月汇总'!$C:$G,5,0) -> 0 | AF62: =SUM(AC62:AE62) -> 0 | AG62: =VLOOKUP(C62,[2]两年对比终版!$A:$Q,17,0) -> 0 | AI62: =AF62/AB62 -> 0 | AJ62: 40 | AK62: 0 | AL62: =VLOOKUP(C62,'[1]5月25-5月31日汇总'!$C:$H,6,0) -> 0 | AM62: =VLOOKUP(C62,'[1]6月汇总'!$C:$I,6,0) -> 0 | AN62: =SUM(AK62:AM62) -> 0 | AO62: =VLOOKUP(C62,[2]两年对比终版!$A:$T,20,0) -> 0 | AQ62: =AN62/AJ62 -> 0 | AR62: 400 | AS62: 0 | AT62: =VLOOKUP(C62,'[1]5月25-5月31日汇总'!$C:$I,7,0) -> 0 | AU62: =VLOOKUP(C62,'[1]6月汇总'!$C:$I,7,0) -> 0 | AV62: =SUM(AS62:AU62) -> 0 | AW62: =VLOOKUP(C62,[2]两年对比终版!$A:$X,23,0) -> 0 | AY62: =AV62/AR62 -> 0 | AZ62: 380 | BA62: 0 | BD62: =SUM(BA62:BC62) -> 0 | BE62: =VLOOKUP(C62,[2]两年对比终版!$A:$AD,30,0) -> 0 | BF62: =BD62/AZ62 -> 0
A63: 54 | B63: A | C63: 哥伦比亚 | D63: 800 | E63: 230 | F63: =VLOOKUP(C63,'[1]5月25-5月31日汇总'!$C:$D,2,0) -> 87 | G63: =VLOOKUP(C63,'[1]6月汇总'!$C:$D,2,0) -> 110 | H63: =SUM(E63:G63) -> 427 | I63: =VLOOKUP(C63,[2]两年对比终版!$A:$C,3,0) -> 326 | K63: =H63/D63 -> 0.53375 | L63: 11151 | M63: 4430.67 | N63: =VLOOKUP(C63,'[1]5月25-5月31日汇总'!$C:$E,3,0) -> 1300 | O63: =VLOOKUP(C63,'[1]6月汇总'!$C:$E,3,0) -> 1700 | P63: =SUM(M63:O63) -> 7430.67 | Q63: =VLOOKUP(C63,[2]两年对比终版!$A:$F,6,0) -> 3941.7091 | S63: =P63/L63 -> 0.66636804 | T63: 360 | U63: 72 | V63: =VLOOKUP(C63,'[1]5月25-5月31日汇总'!$C:$F,4,0) -> 0 | W63: =VLOOKUP(C63,'[1]6月汇总'!$C:$F,4,0) -> 40 | X63: =SUM(U63:W63) -> 112 | Y63: =VLOOKUP(C63,[2]两年对比终版!$A:$N,14,0) -> 135 | AA63: =X63/T63 -> 0.31111111 | AB63: 4350 | AC63: 682.417 | AD63: =VLOOKUP(C63,'[1]5月25-5月31日汇总'!$C:$G,5,0) -> 0 | AE63: =VLOOKUP(C63,'[1]6月汇总'!$C:$G,5,0) -> 400 | AF63: =SUM(AC63:AE63) -> 1082.417 | AG63: =VLOOKUP(C63,[2]两年对比终版!$A:$Q,17,0) -> 1488.8843 | AI63: =AF63/AB63 -> 0.24883149 | AJ63: 360 | AK63: 74 | AL63: =VLOOKUP(C63,'[1]5月25-5月31日汇总'!$C:$H,6,0) -> 9 | AM63: =VLOOKUP(C63,'[1]6月汇总'!$C:$I,6,0) -> 30 | AN63: =SUM(AK63:AM63) -> 113 | AO63: =VLOOKUP(C63,[2]两年对比终版!$A:$T,20,0) -> 110 | AQ63: =AN63/AJ63 -> 0.31388889 | AR63: 4350 | AS63: 896.522 | AT63: =VLOOKUP(C63,'[1]5月25-5月31日汇总'!$C:$I,7,0) -> 61 | AU63: =VLOOKUP(C63,'[1]6月汇总'!$C:$I,7,0) -> 300 | AV63: =SUM(AS63:AU63) -> 1257.522 | AW63: =VLOOKUP(C63,[2]两年对比终版!$A:$X,23,0) -> 1188.588 | AY63: =AV63/AR63 -> 0.28908552 | AZ63: 4133 | BA63: 668.244 | BD63: =SUM(BA63:BC63) -> 668.244 | BE63: =VLOOKUP(C63,[2]两年对比终版!$A:$AD,30,0) -> 1539.2963 | BF63: =BD63/AZ63 -> 0.16168497
A64: 55 | B64: D | C64: 秘鲁2 | D64: 50 | E64: 2 | F64: =VLOOKUP(C64,'[1]5月25-5月31日汇总'!$C:$D,2,0) -> 0 | G64: =VLOOKUP(C64,'[1]6月汇总'!$C:$D,2,0) -> 5 | H64: =SUM(E64:G64) -> 7 | I64: =VLOOKUP(C64,[2]两年对比终版!$A:$C,3,0) -> 0 | K64: =H64/D64 -> 0.14 | L64: 700 | M64: 18.9231 | N64: =VLOOKUP(C64,'[1]5月25-5月31日汇总'!$C:$E,3,0) -> 0 | O64: =VLOOKUP(C64,'[1]6月汇总'!$C:$E,3,0) -> 42 | P64: =SUM(M64:O64) -> 60.9231 | Q64: =VLOOKUP(C64,[2]两年对比终版!$A:$F,6,0) -> 0 | S64: =P64/L64 -> 0.087033 | T64: 30 | U64: 0 | V64: =VLOOKUP(C64,'[1]5月25-5月31日汇总'!$C:$F,4,0) -> 0 | W64: =VLOOKUP(C64,'[1]6月汇总'!$C:$F,4,0) -> 1 | X64: =SUM(U64:W64) -> 1 | Y64: =VLOOKUP(C64,[2]两年对比终版!$A:$N,14,0) -> 0 | AA64: =X64/T64 -> 0.033333333 | AB64: 300 | AC64: 0 | AD64: =VLOOKUP(C64,'[1]5月25-5月31日汇总'!$C:$G,5,0) -> 0 | AE64: =VLOOKUP(C64,'[1]6月汇总'!$C:$G,5,0) -> 10 | AF64: =SUM(AC64:AE64) -> 10 | AG64: =VLOOKUP(C64,[2]两年对比终版!$A:$Q,17,0) -> 0 | AI64: =AF64/AB64 -> 0.033333333 | AJ64: 30 | AK64: 0 | AL64: =VLOOKUP(C64,'[1]5月25-5月31日汇总'!$C:$H,6,0) -> 0 | AM64: =VLOOKUP(C64,'[1]6月汇总'!$C:$I,6,0) -> 0 | AN64: =SUM(AK64:AM64) -> 0 | AO64: =VLOOKUP(C64,[2]两年对比终版!$A:$T,20,0) -> 0 | AQ64: =AN64/AJ64 -> 0 | AR64: 300 | AS64: 0 | AT64: =VLOOKUP(C64,'[1]5月25-5月31日汇总'!$C:$I,7,0) -> 0 | AU64: =VLOOKUP(C64,'[1]6月汇总'!$C:$I,7,0) -> 0 | AV64: =SUM(AS64:AU64) -> 0 | AW64: =VLOOKUP(C64,[2]两年对比终版!$A:$X,23,0) -> 0 | AY64: =AV64/AR64 -> 0 | AZ64: 285 | BA64: 0 | BD64: =SUM(BA64:BC64) -> 0 | BE64: =VLOOKUP(C64,[2]两年对比终版!$A:$AD,30,0) -> 0 | BF64: =BD64/AZ64 -> 0
A65: 56 | B65: D | C65: 巴西 | D65: 60 | E65: 0 | F65: =VLOOKUP(C65,'[1]5月25-5月31日汇总'!$C:$D,2,0) -> 0 | G65: =VLOOKUP(C65,'[1]6月汇总'!$C:$D,2,0) -> 0 | H65: =SUM(E65:G65) -> 0 | I65: =VLOOKUP(C65,[2]两年对比终版!$A:$C,3,0) -> 0 | K65: =H65/D65 -> 0 | L65: 840 | M65: 0 | N65: =VLOOKUP(C65,'[1]5月25-5月31日汇总'!$C:$E,3,0) -> 0 | O65: =VLOOKUP(C65,'[1]6月汇总'!$C:$E,3,0) -> 0 | P65: =SUM(M65:O65) -> 0 | Q65: =VLOOKUP(C65,[2]两年对比终版!$A:$F,6,0) -> 0 | S65: =P65/L65 -> 0 | T65: 20 | U65: 0 | V65: =VLOOKUP(C65,'[1]5月25-5月31日汇总'!$C:$F,4,0) -> 0 | W65: =VLOOKUP(C65,'[1]6月汇总'!$C:$F,4,0) -> 0 | X65: =SUM(U65:W65) -> 0 | Y65: =VLOOKUP(C65,[2]两年对比终版!$A:$N,14,0) -> 0 | AA65: =X65/T65 -> 0 | AB65: 200 | AC65: 0 | AD65: =VLOOKUP(C65,'[1]5月25-5月31日汇总'!$C:$G,5,0) -> 0 | AE65: =VLOOKUP(C65,'[1]6月汇总'!$C:$G,5,0) -> 0 | AF65: =SUM(AC65:AE65) -> 0 | AG65: =VLOOKUP(C65,[2]两年对比终版!$A:$Q,17,0) -> 0 | AI65: =AF65/AB65 -> 0 | AJ65: 20 | AK65: 0 | AL65: =VLOOKUP(C65,'[1]5月25-5月31日汇总'!$C:$H,6,0) -> 0 | AM65: =VLOOKUP(C65,'[1]6月汇总'!$C:$I,6,0) -> 0 | AN65: =SUM(AK65:AM65) -> 0 | AO65: =VLOOKUP(C65,[2]两年对比终版!$A:$T,20,0) -> 0 | AQ65: =AN65/AJ65 -> 0 | AR65: 200 | AS65: 0 | AT65: =VLOOKUP(C65,'[1]5月25-5月31日汇总'!$C:$I,7,0) -> 0 | AU65: =VLOOKUP(C65,'[1]6月汇总'!$C:$I,7,0) -> 0 | AV65: =SUM(AS65:AU65) -> 0 | AW65: =VLOOKUP(C65,[2]两年对比终版!$A:$X,23,0) -> 0 | AY65: =AV65/AR65 -> 0 | AZ65: 190 | BA65: 0 | BD65: =SUM(BA65:BC65) -> 0 | BE65: =VLOOKUP(C65,[2]两年对比终版!$A:$AD,30,0) -> 0 | BF65: =BD65/AZ65 -> 0
A66: 美洲合计 | D66: =SUM(D57:D65) -> 2622 | E66: =SUM(E57:E65) -> 945 | F66: =SUM(F57:F65) -> 109 | G66: =SUM(G57:G65) -> 206 | H66: =SUM(H57:H65) -> 1260 | I66: =SUM(I57:I65) -> 1112 | J66: =(H66-I66)/I66 -> 0.13309353 | K66: =H66/D66 -> 0.4805492 | L66: =SUM(L57:L65) -> 36539.8 | M66: =SUM(M57:M65) -> 15568.03 | N66: =SUM(N57:N65) -> 1450.2 | O66: =SUM(O57:O65) -> 2983.4 | P66: =SUM(P57:P65) -> 20001.63 | Q66: =SUM(Q57:Q65) -> 15930.453 | R66: =(P66-Q66)/Q66 -> 0.25555942 | S66: =P66/L66 -> 0.54739298 | T66: =SUM(T57:T65) -> 1145 | U66: =SUM(U57:U65) -> 386 | V66: =SUM(V57:V65) -> 0 | W66: =SUM(W57:W65) -> 87 | X66: =SUM(X57:X65) -> 473 | Y66: =SUM(Y57:Y65) -> 377 | Z66: =(X66-Y66)/Y66 -> 0.25464191 | AA66: =X66/T66 -> 0.41310044 | AB66: =SUM(AB57:AB65) -> 14874 | AC66: =SUM(AC57:AC65) -> 4620.3428 | AD66: =SUM(AD57:AD65) -> 0 | AE66: =SUM(AE57:AE65) -> 882.2 | AF66: =SUM(AF57:AF65) -> 5502.5428 | AG66: =SUM(AG57:AG65) -> 4885.2561 | AH66: =(AF66-AG66)/AG66 -> 0.12635708 | AI66: =AF66/AB66 -> 0.36994371 | AJ66: =SUM(AJ57:AJ65) -> 1145 | AK66: =SUM(AK57:AK65) -> 277 | AL66: =SUM(AL57:AL65) -> 12 | AM66: =SUM(AM57:AM65) -> 130 | AN66: =SUM(AN57:AN65) -> 419 | AO66: =SUM(AO57:AO65) -> 298 | AP66: =(AN66-AO66)/AO66 -> 0.40604027 | AQ66: =AN66/AJ66 -> 0.36593886 | AR66: =SUM(AR57:AR65) -> 14874 | AS66: =SUM(AS57:AS65) -> 3535.6646 | AT66: =SUM(AT57:AT65) -> 84.31 | AU66: =SUM(AU57:AU65) -> 1418.0551 | AV66: =SUM(AV57:AV65) -> 5038.0297 | AW66: =SUM(AW57:AW65) -> 3520.2915 | AX66: =(AV66-AW66)/AW66 -> 0.43113989 | AY66: =AV66/AR66 -> 0.33871384 | AZ66: =SUM(AZ57:AZ65) -> 14130 | BA66: =SUM(BA57:BA65) -> 2532.9106 | BB66: =SUM(BB57:BB65) -> 0 | BC66: =SUM(BC57:BC65) -> 0 | BD66: =SUM(BD57:BD65) -> 2532.9106 | BE66: =SUM(BE57:BE65) -> 4290.7931 | BF66: =BD66/AZ66 -> 0.17925765
A67: 57 | B67: A | C67: 埃及-1 | D67: 900 | E67: 312 | F67: =VLOOKUP(C67,'[1]5月25-5月31日汇总'!$C:$D,2,0) -> 0 | G67: =VLOOKUP(C67,'[1]6月汇总'!$C:$D,2,0) -> 211 | H67: =SUM(E67:G67) -> 523 | I67: =VLOOKUP(C67,[2]两年对比终版!$A:$C,3,0) -> 469 | K67: =H67/D67 -> 0.58111111 | L67: 6000 | M67: 1984.17 | N67: =VLOOKUP(C67,'[1]5月25-5月31日汇总'!$C:$E,3,0) -> 0 | O67: =VLOOKUP(C67,'[1]6月汇总'!$C:$E,3,0) -> 1510 | P67: =SUM(M67:O67) -> 3494.17 | Q67: =VLOOKUP(C67,[2]两年对比终版!$A:$F,6,0) -> 6870.237 | S67: =P67/L67 -> 0.58236167 | T67: 400 | U67: 2 | V67: =VLOOKUP(C67,'[1]5月25-5月31日汇总'!$C:$F,4,0) -> 0 | W67: =VLOOKUP(C67,'[1]6月汇总'!$C:$F,4,0) -> 5 | X67: =SUM(U67:W67) -> 7 | Y67: =VLOOKUP(C67,[2]两年对比终版!$A:$N,14,0) -> 406 | AA67: =X67/T67 -> 0.0175 | AB67: 2600 | AC67: 16.2934 | AD67: =VLOOKUP(C67,'[1]5月25-5月31日汇总'!$C:$G,5,0) -> 0 | AE67: =VLOOKUP(C67,'[1]6月汇总'!$C:$G,5,0) -> 50 | AF67: =SUM(AC67:AE67) -> 66.2934 | AG67: =VLOOKUP(C67,[2]两年对比终版!$A:$Q,17,0) -> 2397.8959 | AI67: =AF67/AB67 -> 0.025497462 | AJ67: 400 | AK67: 0 | AL67: =VLOOKUP(C67,'[1]5月25-5月31日汇总'!$C:$H,6,0) -> 0 | AM67: =VLOOKUP(C67,'[1]6月汇总'!$C:$I,6,0) -> 5 | AN67: =SUM(AK67:AM67) -> 5 | AO67: =VLOOKUP(C67,[2]两年对比终版!$A:$T,20,0)+160 -> 166 | AQ67: =AN67/AJ67 -> 0.0125 | AR67: 2600 | AS67: 0 | AT67: =VLOOKUP(C67,'[1]5月25-5月31日汇总'!$C:$I,7,0) -> 0 | AU67: =VLOOKUP(C67,'[1]6月汇总'!$C:$I,7,0) -> 50 | AV67: =SUM(AS67:AU67) -> 50 | AW67: =VLOOKUP(C67,[2]两年对比终版!$A:$X,23,0)+946.99 -> 1004.9248 | AY67: =AV67/AR67 -> 0.019230769 | AZ67: 2470 | BA67: 2.1069 | BD67: =SUM(BA67:BC67) -> 2.1069 | BE67: =VLOOKUP(C67,[2]两年对比终版!$A:$AD,30,0) -> 190.39357 | BF67: =BD67/AZ67 -> 0.00085299595
A68: 58 | B68: D | C68: 埃及-2 | D68: 100 | E68: 28 | F68: =VLOOKUP(C68,'[1]5月25-5月31日汇总'!$C:$D,2,0) -> 16 | G68: =VLOOKUP(C68,'[1]6月汇总'!$C:$D,2,0) -> 10 | H68: =SUM(E68:G68) -> 54 | I68: =VLOOKUP(C68,[2]两年对比终版!$A:$C,3,0) -> 22 | K68: =H68/D68 -> 0.54 | L68: 800 | M68: 227.354 | N68: =VLOOKUP(C68,'[1]5月25-5月31日汇总'!$C:$E,3,0) -> 87 | O68: =VLOOKUP(C68,'[1]6月汇总'!$C:$E,3,0) -> 64 | P68: =SUM(M68:O68) -> 378.354 | Q68: =VLOOKUP(C68,[2]两年对比终版!$A:$F,6,0) -> 202.74424 | S68: =P68/L68 -> 0.4729425 | T68: 30 | U68: 1 | V68: =VLOOKUP(C68,'[1]5月25-5月31日汇总'!$C:$F,4,0) -> 0 | W68: =VLOOKUP(C68,'[1]6月汇总'!$C:$F,4,0) -> 16 | X68: =SUM(U68:W68) -> 17 | Y68: =VLOOKUP(C68,[2]两年对比终版!$A:$N,14,0) -> 7 | AA68: =X68/T68 -> 0.56666667 | AB68: 300 | AC68: 8.21691 | AD68: =VLOOKUP(C68,'[1]5月25-5月31日汇总'!$C:$G,5,0) -> 0 | AE68: =VLOOKUP(C68,'[1]6月汇总'!$C:$G,5,0) -> 116 | AF68: =SUM(AC68:AE68) -> 124.21691 | AG68: =VLOOKUP(C68,[2]两年对比终版!$A:$Q,17,0) -> 57.4368 | AI68: =AF68/AB68 -> 0.41405637 | AJ68: 30 | AK68: 11 | AL68: =VLOOKUP(C68,'[1]5月25-5月31日汇总'!$C:$H,6,0) -> 0 | AM68: =VLOOKUP(C68,'[1]6月汇总'!$C:$I,6,0) -> 0 | AN68: =SUM(AK68:AM68) -> 11 | AO68: =VLOOKUP(C68,[2]两年对比终版!$A:$T,20,0) -> 21 | AQ68: =AN68/AJ68 -> 0.36666667 | AR68: 300 | AS68: 121.303 | AT68: =VLOOKUP(C68,'[1]5月25-5月31日汇总'!$C:$I,7,0) -> 0 | AU68: =VLOOKUP(C68,'[1]6月汇总'!$C:$I,7,0) -> 0 | AV68: =SUM(AS68:AU68) -> 121.303 | AW68: =VLOOKUP(C68,[2]两年对比终版!$A:$X,23,0) -> 165.82313 | AY68: =AV68/AR68 -> 0.40434333 | AZ68: 285 | BA68: 7.92192 | BD68: =SUM(BA68:BC68) -> 7.92192 | BE68: =VLOOKUP(C68,[2]两年对比终版!$A:$AD,30,0) -> 110.66491 | BF68: =BD68/AZ68 -> 0.027796211
A69: 59 | B69: C | C69: 肯尼亚/坦桑尼亚 | D69: 101 | E69: 29 | F69: =VLOOKUP(C69,'[1]5月25-5月31日汇总'!$C:$D,2,0) -> 1 | G69: =VLOOKUP(C69,'[1]6月汇总'!$C:$D,2,0) -> 15 | H69: =SUM(E69:G69) -> 45 | I69: =VLOOKUP(C69,[2]两年对比终版!$A:$C,3,0) -> 39 | K69: =H69/D69 -> 0.44554455 | L69: 980 | M69: 274.349 | N69: =VLOOKUP(C69,'[1]5月25-5月31日汇总'!$C:$E,3,0) -> 8.2 | O69: =VLOOKUP(C69,'[1]6月汇总'!$C:$E,3,0) -> 120 | P69: =SUM(M69:O69) -> 402.549 | Q69: =VLOOKUP(C69,[2]两年对比终版!$A:$F,6,0) -> 652.63722 | S69: =P69/L69 -> 0.41076429 | T69: 32.8034 | U69: 1 | V69: =VLOOKUP(C69,'[1]5月25-5月31日汇总'!$C:$F,4,0) -> 1 | W69: =VLOOKUP(C69,'[1]6月汇总'!$C:$F,4,0) -> 15 | X69: =SUM(U69:W69) -> 17 | Y69: =VLOOKUP(C69,[2]两年对比终版!$A:$N,14,0) -> 0 | AA69: =X69/T69 -> 0.51823896 | AB69: 401.842 | AC69: 8.52459 | AD69: =VLOOKUP(C69,'[1]5月25-5月31日汇总'!$C:$G,5,0) -> 8.2 | AE69: =VLOOKUP(C69,'[1]6月汇总'!$C:$G,5,0) -> 120 | AF69: =SUM(AC69:AE69) -> 136.72459 | AG69: =VLOOKUP(C69,[2]两年对比终版!$A:$Q,17,0) -> 0 | AI69: =AF69/AB69 -> 0.34024465 | AJ69: 32.8034 | AK69: 0 | AL69: =VLOOKUP(C69,'[1]5月25-5月31日汇总'!$C:$H,6,0) -> 1 | AM69: =VLOOKUP(C69,'[1]6月汇总'!$C:$I,6,0) -> 15 | AN69: =SUM(AK69:AM69) -> 16 | AO69: =VLOOKUP(C69,[2]两年对比终版!$A:$T,20,0) -> 1 | AQ69: =AN69/AJ69 -> 0.48775432 | AR69: 401.842 | AS69: 0 | AT69: =VLOOKUP(C69,'[1]5月25-5月31日汇总'!$C:$I,7,0) -> 8.2 | AU69: =VLOOKUP(C69,'[1]6月汇总'!$C:$I,7,0) -> 120 | AV69: =SUM(AS69:AU69) -> 128.2 | AW69: =VLOOKUP(C69,[2]两年对比终版!$A:$X,23,0) -> 13.23111 | AY69: =AV69/AR69 -> 0.31903086 | AZ69: 382 | BA69: 1.714 | BD69: =SUM(BA69:BC69) -> 1.714 | BE69: =VLOOKUP(C69,[2]两年对比终版!$A:$AD,30,0) -> 9.2725203 | BF69: =BD69/AZ69 -> 0.004486911
A70: 60 | B70: C | C70: 尼日利亚/埃塞俄比亚 | D70: 100 | E70: 39 | F70: =VLOOKUP(C70,'[1]5月25-5月31日汇总'!$C:$D,2,0) -> 25 | G70: =VLOOKUP(C70,'[1]6月汇总'!$C:$D,2,0) -> 0 | H70: =SUM(E70:G70) -> 64 | I70: =VLOOKUP(C70,[2]两年对比终版!$A:$C,3,0) -> 38 | K70: =H70/D70 -> 0.64 | L70: 980 | M70: 449.842 | N70: =VLOOKUP(C70,'[1]5月25-5月31日汇总'!$C:$E,3,0) -> 266.8 | O70: =VLOOKUP(C70,'[1]6月汇总'!$C:$E,3,0) -> 0 | P70: =SUM(M70:O70) -> 716.642 | Q70: =VLOOKUP(C70,[2]两年对比终版!$A:$F,6,0) -> 550.22497 | S70: =P70/L70 -> 0.73126735 | T70: 32.8163 | U70: 8 | V70: =VLOOKUP(C70,'[1]5月25-5月31日汇总'!$C:$F,4,0) -> 14 | W70: =VLOOKUP(C70,'[1]6月汇总'!$C:$F,4,0) -> 0 | X70: =SUM(U70:W70) -> 22 | Y70: =VLOOKUP(C70,[2]两年对比终版!$A:$N,14,0) -> 14 | AA70: =X70/T70 -> 0.67039855 | AB70: 402 | AC70: 80.1857 | AD70: =VLOOKUP(C70,'[1]5月25-5月31日汇总'!$C:$G,5,0) -> 143 | AE70: =VLOOKUP(C70,'[1]6月汇总'!$C:$G,5,0) -> 0 | AF70: =SUM(AC70:AE70) -> 223.1857 | AG70: =VLOOKUP(C70,[2]两年对比终版!$A:$Q,17,0) -> 177.80094 | AI70: =AF70/AB70 -> 0.55518831 | AJ70: 32.8163 | AK70: 15 | AL70: =VLOOKUP(C70,'[1]5月25-5月31日汇总'!$C:$H,6,0) -> 0 | AM70: =VLOOKUP(C70,'[1]6月汇总'!$C:$I,6,0) -> 14 | AN70: =SUM(AK70:AM70) -> 29 | AO70: =VLOOKUP(C70,[2]两年对比终版!$A:$T,20,0) -> 17 | AQ70: =AN70/AJ70 -> 0.88370718 | AR70: 402 | AS70: 155.648 | AT70: =VLOOKUP(C70,'[1]5月25-5月31日汇总'!$C:$I,7,0) -> 0 | AU70: =VLOOKUP(C70,'[1]6月汇总'!$C:$I,7,0) -> 143 | AV70: =SUM(AS70:AU70) -> 298.648 | AW70: =VLOOKUP(C70,[2]两年对比终版!$A:$X,23,0) -> 210.26359 | AY70: =AV70/AR70 -> 0.74290547 | AZ70: 382 | BA70: 48.065 | BD70: =SUM(BA70:BC70) -> 48.065 | BE70: =VLOOKUP(C70,[2]两年对比终版!$A:$AD,30,0) -> 187.08208 | BF70: =BD70/AZ70 -> 0.12582461
A71: 61 | B71: D | C71: 非洲法语区 | D71: 90 | E71: 26 | F71: =VLOOKUP(C71,'[1]5月25-5月31日汇总'!$C:$D,2,0) -> 2 | G71: =VLOOKUP(C71,'[1]6月汇总'!$C:$D,2,0) -> 15 | H71: =SUM(E71:G71) -> 43 | I71: =VLOOKUP(C71,[2]两年对比终版!$A:$C,3,0) -> 129 | K71: =H71/D71 -> 0.47777778 | L71: 800 | M71: 184.577 | N71: =VLOOKUP(C71,'[1]5月25-5月31日汇总'!$C:$E,3,0) -> 10.3 | O71: =VLOOKUP(C71,'[1]6月汇总'!$C:$E,3,0) -> 87 | P71: =SUM(M71:O71) -> 281.877 | Q71: =VLOOKUP(C71,[2]两年对比终版!$A:$F,6,0) -> 1471.2557 | S71: =P71/L71 -> 0.35234625 | T71: 30 | U71: 0 | V71: =VLOOKUP(C71,'[1]5月25-5月31日汇总'!$C:$F,4,0) -> 0 | W71: =VLOOKUP(C71,'[1]6月汇总'!$C:$F,4,0) -> 6 | X71: =SUM(U71:W71) -> 6 | Y71: =VLOOKUP(C71,[2]两年对比终版!$A:$N,14,0) -> 0 | AA71: =X71/T71 -> 0.2 | AB71: 300 | AC71: 0 | AD71: =VLOOKUP(C71,'[1]5月25-5月31日汇总'!$C:$G,5,0) -> 0 | AE71: =VLOOKUP(C71,'[1]6月汇总'!$C:$G,5,0) -> 34 | AF71: =SUM(AC71:AE71) -> 34 | AG71: =VLOOKUP(C71,[2]两年对比终版!$A:$Q,17,0) -> 0 | AI71: =AF71/AB71 -> 0.11333333 | AJ71: 30 | AK71: 0 | AL71: =VLOOKUP(C71,'[1]5月25-5月31日汇总'!$C:$H,6,0) -> 0 | AM71: =VLOOKUP(C71,'[1]6月汇总'!$C:$I,6,0) -> 0 | AN71: =SUM(AK71:AM71) -> 0 | AO71: =VLOOKUP(C71,[2]两年对比终版!$A:$T,20,0) -> 0 | AQ71: =AN71/AJ71 -> 0 | AR71: 300 | AS71: 0 | AT71: =VLOOKUP(C71,'[1]5月25-5月31日汇总'!$C:$I,7,0) -> 0 | AU71: =VLOOKUP(C71,'[1]6月汇总'!$C:$I,7,0) -> 0 | AV71: =SUM(AS71:AU71) -> 0 | AW71: =VLOOKUP(C71,[2]两年对比终版!$A:$X,23,0) -> 0 | AY71: =AV71/AR71 -> 0 | AZ71: 285 | BA71: 0 | BD71: =SUM(BA71:BC71) -> 0 | BE71: =VLOOKUP(C71,[2]两年对比终版!$A:$AD,30,0) -> 628.83188 | BF71: =BD71/AZ71 -> 0
A72: 62 | B72: D | C72: 南非/安格拉 | D72: 90 | E72: 24 | F72: =VLOOKUP(C72,'[1]5月25-5月31日汇总'!$C:$D,2,0) -> 0 | G72: =VLOOKUP(C72,'[1]6月汇总'!$C:$D,2,0) -> 10 | H72: =SUM(E72:G72) -> 34 | I72: =VLOOKUP(C72,[2]两年对比终版!$A:$C,3,0) -> 0 | K72: =H72/D72 -> 0.37777778 | L72: 800 | M72: 308.235 | N72: =VLOOKUP(C72,'[1]5月25-5月31日汇总'!$C:$E,3,0) -> 0 | O72: =VLOOKUP(C72,'[1]6月汇总'!$C:$E,3,0) -> 100 | P72: =SUM(M72:O72) -> 408.235 | Q72: =VLOOKUP(C72,[2]两年对比终版!$A:$F,6,0) -> 0 | S72: =P72/L72 -> 0.51029375 | T72: 30 | U72: 2 | V72: =VLOOKUP(C72,'[1]5月25-5月31日汇总'!$C:$F,4,0) -> 1 | W72: =VLOOKUP(C72,'[1]6月汇总'!$C:$F,4,0) -> 4 | X72: =SUM(U72:W72) -> 7 | Y72: =VLOOKUP(C72,[2]两年对比终版!$A:$N,14,0) -> 0 | AA72: =X72/T72 -> 0.23333333 | AB72: 300 | AC72: 24.9391 | AD72: =VLOOKUP(C72,'[1]5月25-5月31日汇总'!$C:$G,5,0) -> 12 | AE72: =VLOOKUP(C72,'[1]6月汇总'!$C:$G,5,0) -> 35 | AF72: =SUM(AC72:AE72) -> 71.9391 | AG72: =VLOOKUP(C72,[2]两年对比终版!$A:$Q,17,0) -> 0 | AI72: =AF72/AB72 -> 0.239797 | AJ72: 30 | AK72: 2 | AL72: =VLOOKUP(C72,'[1]5月25-5月31日汇总'!$C:$H,6,0) -> 1 | AM72: =VLOOKUP(C72,'[1]6月汇总'!$C:$I,6,0) -> 1 | AN72: =SUM(AK72:AM72) -> 4 | AO72: =VLOOKUP(C72,[2]两年对比终版!$A:$T,20,0) -> 0 | AQ72: =AN72/AJ72 -> 0.13333333 | AR72: 300 | AS72: 24.9391 | AT72: =VLOOKUP(C72,'[1]5月25-5月31日汇总'!$C:$I,7,0) -> 11.5 | AU72: =VLOOKUP(C72,'[1]6月汇总'!$C:$I,7,0) -> 12 | AV72: =SUM(AS72:AU72) -> 48.4391 | AW72: =VLOOKUP(C72,[2]两年对比终版!$A:$X,23,0) -> 0 | AY72: =AV72/AR72 -> 0.16146367 | AZ72: 285 | BA72: 11.7334 | BD72: =SUM(BA72:BC72) -> 11.7334 | BE72: =VLOOKUP(C72,[2]两年对比终版!$A:$AD,30,0) -> 0 | BF72: =BD72/AZ72 -> 0.041169825
A73: 非洲合计 | D73: =SUM(D67:D72) -> 1381 | E73: =SUM(E67:E72) -> 458 | F73: =SUM(F67:F72) -> 44 | G73: =SUM(G67:G72) -> 261 | H73: =SUM(H67:H72) -> 763 | I73: =SUM(I67:I72) -> 697 | J73: =(H73-I73)/I73 -> 0.094691535 | K73: =H73/D73 -> 0.55249819 | L73: =SUM(L67:L72) -> 10360 | M73: =SUM(M67:M72) -> 3428.527 | N73: =SUM(N67:N72) -> 372.3 | O73: =SUM(O67:O72) -> 1881 | P73: =SUM(P67:P72) -> 5681.827 | Q73: =SUM(Q67:Q72) -> 9747.0992 | R73: =(P73-Q73)/Q73 -> -0.41707508 | S73: =P73/L73 -> 0.5484389 | T73: =SUM(T67:T72) -> 555.6197 | U73: =SUM(U67:U72) -> 14 | V73: =SUM(V67:V72) -> 16 | W73: =SUM(W67:W72) -> 46 | X73: =SUM(X67:X72) -> 76 | Y73: =SUM(Y67:Y72) -> 427 | Z73: =(X73-Y73)/Y73 -> -0.82201405 | AA73: =X73/T73 -> 0.13678421 | AB73: =SUM(AB67:AB72) -> 4303.842 | AC73: =SUM(AC67:AC72) -> 138.1597 | AD73: =SUM(AD67:AD72) -> 163.2 | AE73: =SUM(AE67:AE72) -> 355 | AF73: =SUM(AF67:AF72) -> 656.3597 | AG73: =SUM(AG67:AG72) -> 2633.1336 | AH73: =(AF73-AG73)/AG73 -> -0.75073058 | AI73: =AF73/AB73 -> 0.15250553 | AJ73: =SUM(AJ67:AJ72) -> 555.6197 | AK73: =SUM(AK67:AK72) -> 28 | AL73: =SUM(AL67:AL72) -> 2 | AM73: =SUM(AM67:AM72) -> 35 | AN73: =SUM(AN67:AN72) -> 65 | AO73: =SUM(AO67:AO72) -> 205 | AP73: =(AN73-AO73)/AO73 -> -0.68292683 | AQ73: =AN73/AJ73 -> 0.11698649 | AR73: =SUM(AR67:AR72) -> 4303.842 | AS73: =SUM(AS67:AS72) -> 301.8901 | AT73: =SUM(AT67:AT72) -> 19.7 | AU73: =SUM(AU67:AU72) -> 325 | AV73: =SUM(AV67:AV72) -> 646.5901 | AW73: =SUM(AW67:AW72) -> 1394.2426 | AX73: =(AV73-AW73)/AW73 -> -0.53624276 | AY73: =AV73/AR73 -> 0.15023556 | AZ73: =SUM(AZ67:AZ72) -> 4089 | BA73: =SUM(BA67:BA72) -> 71.54122 | BB73: =SUM(BB67:BB72) -> 0 | BC73: =SUM(BC67:BC72) -> 0 | BD73: =SUM(BD67:BD72) -> 71.54122 | BE73: =SUM(BE67:BE72) -> 1126.245 | BF73: =BD73/AZ73 -> 0.017496019
A74: 63 | B74: D | C74: 德国西班牙 | D74: 34 | E74: 0 | F74: =VLOOKUP(C74,'[1]5月25-5月31日汇总'!$C:$D,2,0) -> 0 | G74: =VLOOKUP(C74,'[1]6月汇总'!$C:$D,2,0) -> 0 | H74: =SUM(E74:G74) -> 0 | I74: =VLOOKUP(C74,[2]两年对比终版!$A:$C,3,0) -> 0 | K74: =H74/D74 -> 0 | L74: 520 | M74: 0 | N74: =VLOOKUP(C74,'[1]5月25-5月31日汇总'!$C:$E,3,0) -> 0 | O74: =VLOOKUP(C74,'[1]6月汇总'!$C:$E,3,0) -> 0 | P74: =SUM(M74:O74) -> 0 | Q74: =VLOOKUP(C74,[2]两年对比终版!$A:$F,6,0) -> 0 | S74: =P74/L74 -> 0 | T74: 15 | U74: 0 | V74: =VLOOKUP(C74,'[1]5月25-5月31日汇总'!$C:$F,4,0) -> 0 | W74: =VLOOKUP(C74,'[1]6月汇总'!$C:$F,4,0) -> 0 | X74: =SUM(U74:W74) -> 0 | Y74: =VLOOKUP(C74,[2]两年对比终版!$A:$N,14,0) -> 0 | AA74: =X74/T74 -> 0 | AB74: 210 | AC74: 0 | AD74: =VLOOKUP(C74,'[1]5月25-5月31日汇总'!$C:$G,5,0) -> 0 | AE74: =VLOOKUP(C74,'[1]6月汇总'!$C:$G,5,0) -> 0 | AF74: =SUM(AC74:AE74) -> 0 | AG74: =VLOOKUP(C74,[2]两年对比终版!$A:$Q,17,0) -> 0 | AI74: =AF74/AB74 -> 0 | AJ74: 15 | AK74: 0 | AL74: =VLOOKUP(C74,'[1]5月25-5月31日汇总'!$C:$H,6,0) -> 0 | AM74: =VLOOKUP(C74,'[1]6月汇总'!$C:$I,6,0) -> 0 | AN74: =SUM(AK74:AM74) -> 0 | AO74: =VLOOKUP(C74,[2]两年对比终版!$A:$T,20,0) -> 0 | AQ74: =AN74/AJ74 -> 0 | AR74: 210 | AS74: 0 | AT74: =VLOOKUP(C74,'[1]5月25-5月31日汇总'!$C:$I,7,0) -> 0 | AU74: =VLOOKUP(C74,'[1]6月汇总'!$C:$I,7,0) -> 0 | AV74: =SUM(AS74:AU74) -> 0 | AW74: =VLOOKUP(C74,[2]两年对比终版!$A:$X,23,0) -> 0 | AY74: =AV74/AR74 -> 0 | AZ74: 200 | BA74: 0 | BD74: =SUM(BA74:BC74) -> 0 | BE74: =VLOOKUP(C74,[2]两年对比终版!$A:$AD,30,0) -> 0 | BF74: =BD74/AZ74 -> 0
A75: 64 | B75: D | C75: 东欧 | D75: 50 | E75: 0 | F75: =VLOOKUP(C75,'[1]5月25-5月31日汇总'!$C:$D,2,0) -> 0 | G75: =VLOOKUP(C75,'[1]6月汇总'!$C:$D,2,0) -> 1 | H75: =SUM(E75:G75) -> 1 | I75: =VLOOKUP(C75,[2]两年对比终版!$A:$C,3,0) -> 0 | K75: =H75/D75 -> 0.02 | L75: 500 | M75: 0 | N75: =VLOOKUP(C75,'[1]5月25-5月31日汇总'!$C:$E,3,0) -> 0 | O75: =VLOOKUP(C75,'[1]6月汇总'!$C:$E,3,0) -> 89 | P75: =SUM(M75:O75) -> 89 | Q75: =VLOOKUP(C75,[2]两年对比终版!$A:$F,6,0) -> 0 | S75: =P75/L75 -> 0.178 | T75: 15 | U75: 0 | V75: =VLOOKUP(C75,'[1]5月25-5月31日汇总'!$C:$F,4,0) -> 1 | W75: =VLOOKUP(C75,'[1]6月汇总'!$C:$F,4,0) -> 0 | X75: =SUM(U75:W75) -> 1 | Y75: =VLOOKUP(C75,[2]两年对比终版!$A:$N,14,0) -> 0 | AA75: =X75/T75 -> 0.066666667 | AB75: 201 | AC75: 0 | AD75: =VLOOKUP(C75,'[1]5月25-5月31日汇总'!$C:$G,5,0) -> 2.2 | AE75: =VLOOKUP(C75,'[1]6月汇总'!$C:$G,5,0) -> 0 | AF75: =SUM(AC75:AE75) -> 2.2 | AG75: =VLOOKUP(C75,[2]两年对比终版!$A:$Q,17,0) -> 0 | AI75: =AF75/AB75 -> 0.010945274 | AJ75: 15 | AK75: 0 | AL75: =VLOOKUP(C75,'[1]5月25-5月31日汇总'!$C:$H,6,0) -> 0 | AM75: =VLOOKUP(C75,'[1]6月汇总'!$C:$I,6,0) -> 0 | AN75: =SUM(AK75:AM75) -> 0 | AO75: =VLOOKUP(C75,[2]两年对比终版!$A:$T,20,0) -> 0 | AQ75: =AN75/AJ75 -> 0 | AR75: 201 | AS75: 0 | AT75: =VLOOKUP(C75,'[1]5月25-5月31日汇总'!$C:$I,7,0) -> 0 | AU75: =VLOOKUP(C75,'[1]6月汇总'!$C:$I,7,0) -> 0 | AV75: =SUM(AS75:AU75) -> 0 | AW75: =VLOOKUP(C75,[2]两年对比终版!$A:$X,23,0) -> 0 | AY75: =AV75/AR75 -> 0 | AZ75: 190 | BA75: 1.0919 | BD75: =SUM(BA75:BC75) -> 1.0919 | BE75: =VLOOKUP(C75,[2]两年对比终版!$A:$AD,30,0) -> 0 | BF75: =BD75/AZ75 -> 0.0057468421
A76: 65 | B76: D | C76: 英国意大利 | D76: 34 | E76: 0 | F76: =VLOOKUP(C76,'[1]5月25-5月31日汇总'!$C:$D,2,0) -> 0 | G76: =VLOOKUP(C76,'[1]6月汇总'!$C:$D,2,0) -> 0 | H76: =SUM(E76:G76) -> 0 | I76: =VLOOKUP(C76,[2]两年对比终版!$A:$C,3,0) -> 0 | K76: =H76/D76 -> 0 | L76: 520 | M76: 0 | N76: =VLOOKUP(C76,'[1]5月25-5月31日汇总'!$C:$E,3,0) -> 0 | O76: =VLOOKUP(C76,'[1]6月汇总'!$C:$E,3,0) -> 6 | P76: =SUM(M76:O76) -> 6 | Q76: =VLOOKUP(C76,[2]两年对比终版!$A:$F,6,0) -> 0 | S76: =P76/L76 -> 0.011538462 | T76: 15 | U76: 0 | V76: =VLOOKUP(C76,'[1]5月25-5月31日汇总'!$C:$F,4,0) -> 0 | W76: =VLOOKUP(C76,'[1]6月汇总'!$C:$F,4,0) -> 0 | X76: =SUM(U76:W76) -> 0 | Y76: =VLOOKUP(C76,[2]两年对比终版!$A:$N,14,0) -> 0 | AA76: =X76/T76 -> 0 | AB76: 210 | AC76: 0 | AD76: =VLOOKUP(C76,'[1]5月25-5月31日汇总'!$C:$G,5,0) -> 0 | AE76: =VLOOKUP(C76,'[1]6月汇总'!$C:$G,5,0) -> 6 | AF76: =SUM(AC76:AE76) -> 6 | AG76: =VLOOKUP(C76,[2]两年对比终版!$A:$Q,17,0) -> 0 | AI76: =AF76/AB76 -> 0.028571429 | AJ76: 15 | AK76: 0 | AL76: =VLOOKUP(C76,'[1]5月25-5月31日汇总'!$C:$H,6,0) -> 0 | AM76: =VLOOKUP(C76,'[1]6月汇总'!$C:$I,6,0) -> 0 | AN76: =SUM(AK76:AM76) -> 0 | AO76: =VLOOKUP(C76,[2]两年对比终版!$A:$T,20,0) -> 0 | AQ76: =AN76/AJ76 -> 0 | AR76: 210 | AS76: 0 | AT76: =VLOOKUP(C76,'[1]5月25-5月31日汇总'!$C:$I,7,0) -> 3 | AU76: =VLOOKUP(C76,'[1]6月汇总'!$C:$I,7,0) -> 6 | AV76: =SUM(AS76:AU76) -> 9 | AW76: =VLOOKUP(C76,[2]两年对比终版!$A:$X,23,0) -> 0 | AY76: =AV76/AR76 -> 0.042857143 | AZ76: 200 | BA76: 2.72629 | BD76: =SUM(BA76:BC76) -> 2.72629 | BE76: =VLOOKUP(C76,[2]两年对比终版!$A:$AD,30,0) -> 0 | BF76: =BD76/AZ76 -> 0.01363145
A77: 欧洲合计 | D77: =SUM(D74:D76) -> 118 | E77: =SUM(E74:E76) -> 0 | F77: =SUM(F74:F76) -> 0 | G77: =SUM(G74:G76) -> 1 | H77: =SUM(H74:H76) -> 1 | I77: =SUM(I74:I76) -> 0 | J77: =(H77-I77)/I77 -> #DIV/0! | K77: =H77/D77 -> 0.0084745763 | L77: =SUM(L74:L76) -> 1540 | M77: =SUM(M74:M76) -> 0 | N77: =SUM(N74:N76) -> 0 | O77: =SUM(O74:O76) -> 95 | P77: =SUM(P74:P76) -> 95 | Q77: =SUM(Q74:Q76) -> 0 | R77: =(P77-Q77)/Q77 -> #DIV/0! | S77: =P77/L77 -> 0.061688312 | T77: =SUM(T74:T76) -> 45 | U77: =SUM(U74:U76) -> 0 | V77: =SUM(V74:V76) -> 1 | W77: =SUM(W74:W76) -> 0 | X77: =SUM(X74:X76) -> 1 | Y77: =SUM(Y74:Y76) -> 0 | Z77: =(X77-Y77)/Y77 -> #DIV/0! | AA77: =X77/T77 -> 0.022222222 | AB77: =SUM(AB74:AB76) -> 621 | AC77: =SUM(AC74:AC76) -> 0 | AD77: =SUM(AD74:AD76) -> 2.2 | AE77: =SUM(AE74:AE76) -> 6 | AF77: =SUM(AF74:AF76) -> 8.2 | AG77: =SUM(AG74:AG76) -> 0 | AH77: =(AF77-AG77)/AG77 -> #DIV/0! | AI77: =AF77/AB77 -> 0.013204509 | AJ77: =SUM(AJ74:AJ76) -> 45 | AK77: =SUM(AK74:AK76) -> 0 | AL77: =SUM(AL74:AL76) -> 0 | AM77: =SUM(AM74:AM76) -> 0 | AN77: =SUM(AN74:AN76) -> 0 | AO77: =SUM(AO74:AO76) -> 0 | AP77: =(AN77-AO77)/AO77 -> #DIV/0! | AQ77: =AN77/AJ77 -> 0 | AR77: =SUM(AR74:AR76) -> 621 | AS77: =SUM(AS74:AS76) -> 0 | AT77: =SUM(AT74:AT76) -> 3 | AU77: =SUM(AU74:AU76) -> 6 | AV77: =SUM(AV74:AV76) -> 9 | AW77: =SUM(AW74:AW76) -> 0 | AX77: =(AV77-AW77)/AW77 -> #DIV/0! | AY77: =AV77/AR77 -> 0.014492754 | AZ77: =SUM(AZ74:AZ76) -> 590 | BA77: =SUM(BA74:BA76) -> 3.81819 | BB77: =SUM(BB74:BB76) -> 0 | BC77: =SUM(BC74:BC76) -> 0 | BD77: =SUM(BD74:BD76) -> 3.81819 | BE77: =SUM(BE74:BE76) -> 0 | BF77: =BD77/AZ77 -> 0.0064715085
A78: 66 | C78: 商贸1 | D78: 0 | E78: 0 | F78: =VLOOKUP(C78,'[1]5月25-5月31日汇总'!$C:$D,2,0) -> 0 | G78: =VLOOKUP(C78,'[1]6月汇总'!$C:$D,2,0) -> 0 | H78: =SUM(E78:G78) -> 0 | I78: =VLOOKUP(C78,[2]两年对比终版!$A:$C,3,0) -> 0 | K78: =H78/D78 -> #DIV/0! | L78: 1402 | M78: 420.707 | N78: =VLOOKUP(C78,'[1]5月25-5月31日汇总'!$C:$E,3,0) -> 190 | O78: =VLOOKUP(C78,'[1]6月汇总'!$C:$E,3,0) -> 316 | P78: =SUM(M78:O78) -> 926.707 | Q78: =VLOOKUP(C78,[2]两年对比终版!$A:$F,6,0) -> 1730.4243 | S78: =P78/L78 -> 0.6609893 | T78: 0 | U78: 0 | V78: =VLOOKUP(C78,'[1]5月25-5月31日汇总'!$C:$F,4,0) -> 0 | W78: =VLOOKUP(C78,'[1]6月汇总'!$C:$F,4,0) -> 0 | X78: =SUM(U78:W78) -> 0 | Y78: =VLOOKUP(C78,[2]两年对比终版!$A:$N,14,0) -> 0 | AA78: =X78/T78 -> #DIV/0! | AB78: 600 | AC78: 178.414 | AD78: =VLOOKUP(C78,'[1]5月25-5月31日汇总'!$C:$G,5,0) -> 20 | AE78: =VLOOKUP(C78,'[1]6月汇总'!$C:$G,5,0) -> 206 | AF78: =SUM(AC78:AE78) -> 404.414 | AG78: =VLOOKUP(C78,[2]两年对比终版!$A:$Q,17,0) -> 488.30637 | AI78: =AF78/AB78 -> 0.67402333 | AJ78: 0 | AK78: 0 | AL78: =VLOOKUP(C78,'[1]5月25-5月31日汇总'!$C:$H,6,0) -> 0 | AM78: =VLOOKUP(C78,'[1]6月汇总'!$C:$I,6,0) -> 0 | AN78: =SUM(AK78:AM78) -> 0 | AO78: =VLOOKUP(C78,[2]两年对比终版!$A:$T,20,0) -> 0 | AQ78: =AN78/AJ78 -> #DIV/0! | AR78: 600 | AS78: 38.5472 | AT78: =VLOOKUP(C78,'[1]5月25-5月31日汇总'!$C:$I,7,0) -> 8 | AU78: =VLOOKUP(C78,'[1]6月汇总'!$C:$I,7,0) -> 122 | AV78: =SUM(AS78:AU78) -> 168.5472 | AW78: =VLOOKUP(C78,[2]两年对比终版!$A:$X,23,0) -> 488.30637 | AY78: =AV78/AR78 -> 0.280912 | AZ78: 570 | BA78: 0 | BD78: =SUM(BA78:BC78) -> 0 | BE78: =VLOOKUP(C78,[2]两年对比终版!$A:$AD,30,0) -> 488.30637 | BF78: =BD78/AZ78 -> 0
A79: 67 | C79: 商贸2 | D79: 0 | E79: 0 | F79: =VLOOKUP(C79,'[1]5月25-5月31日汇总'!$C:$D,2,0) -> 0 | G79: =VLOOKUP(C79,'[1]6月汇总'!$C:$D,2,0) -> 0 | H79: =SUM(E79:G79) -> 0 | I79: =VLOOKUP(C79,[2]两年对比终版!$A:$C,3,0) -> 0 | K79: =H79/D79 -> #DIV/0! | L79: 720 | M79: 143.33 | N79: =VLOOKUP(C79,'[1]5月25-5月31日汇总'!$C:$E,3,0) -> 0 | O79: =VLOOKUP(C79,'[1]6月汇总'!$C:$E,3,0) -> 0 | P79: =SUM(M79:O79) -> 143.33 | Q79: =VLOOKUP(C79,[2]两年对比终版!$A:$F,6,0) -> 0 | S79: =P79/L79 -> 0.19906944 | T79: 0 | U79: 0 | V79: =VLOOKUP(C79,'[1]5月25-5月31日汇总'!$C:$F,4,0) -> 0 | W79: =VLOOKUP(C79,'[1]6月汇总'!$C:$F,4,0) -> 0 | X79: =SUM(U79:W79) -> 0 | Y79: =VLOOKUP(C79,[2]两年对比终版!$A:$N,14,0) -> 0 | AA79: =X79/T79 -> #DIV/0! | AB79: 300 | AC79: 0 | AD79: =VLOOKUP(C79,'[1]5月25-5月31日汇总'!$C:$G,5,0) -> 0 | AE79: =VLOOKUP(C79,'[1]6月汇总'!$C:$G,5,0) -> 0 | AF79: =SUM(AC79:AE79) -> 0 | AG79: =VLOOKUP(C79,[2]两年对比终版!$A:$Q,17,0) -> 0 | AI79: =AF79/AB79 -> 0 | AJ79: 0 | AK79: 0 | AL79: =VLOOKUP(C79,'[1]5月25-5月31日汇总'!$C:$H,6,0) -> 0 | AM79: =VLOOKUP(C79,'[1]6月汇总'!$C:$I,6,0) -> 0 | AN79: =SUM(AK79:AM79) -> 0 | AO79: =VLOOKUP(C79,[2]两年对比终版!$A:$T,20,0) -> 0 | AQ79: =AN79/AJ79 -> #DIV/0! | AR79: 300 | AS79: 0 | AT79: =VLOOKUP(C79,'[1]5月25-5月31日汇总'!$C:$I,7,0) -> 0 | AU79: =VLOOKUP(C79,'[1]6月汇总'!$C:$I,7,0) -> 0 | AV79: =SUM(AS79:AU79) -> 0 | AW79: =VLOOKUP(C79,[2]两年对比终版!$A:$X,23,0) -> 0 | AY79: =AV79/AR79 -> 0 | AZ79: 285 | BA79: 0 | BD79: =SUM(BA79:BC79) -> 0 | BE79: =VLOOKUP(C79,[2]两年对比终版!$A:$AD,30,0) -> 0 | BF79: =BD79/AZ79 -> 0
A80: 68 | C80: 商贸3 | D80: 0 | E80: 0 | F80: =VLOOKUP(C80,'[1]5月25-5月31日汇总'!$C:$D,2,0) -> 0 | G80: =VLOOKUP(C80,'[1]6月汇总'!$C:$D,2,0) -> 0 | H80: =SUM(E80:G80) -> 0 | I80: =VLOOKUP(C80,[2]两年对比终版!$A:$C,3,0) -> 0 | K80: =H80/D80 -> #DIV/0! | L80: 720 | M80: 211.179 | N80: =VLOOKUP(C80,'[1]5月25-5月31日汇总'!$C:$E,3,0) -> 99 | O80: =VLOOKUP(C80,'[1]6月汇总'!$C:$E,3,0) -> 53 | P80: =SUM(M80:O80) -> 363.179 | Q80: =VLOOKUP(C80,[2]两年对比终版!$A:$F,6,0) -> 0 | S80: =P80/L80 -> 0.50441528 | T80: 0 | U80: 0 | V80: =VLOOKUP(C80,'[1]5月25-5月31日汇总'!$C:$F,4,0) -> 0 | W80: =VLOOKUP(C80,'[1]6月汇总'!$C:$F,4,0) -> 0 | X80: =SUM(U80:W80) -> 0 | Y80: =VLOOKUP(C80,[2]两年对比终版!$A:$N,14,0) -> 0 | AA80: =X80/T80 -> #DIV/0! | AB80: 300 | AC80: 7.12112 | AD80: =VLOOKUP(C80,'[1]5月25-5月31日汇总'!$C:$G,5,0) -> 0 | AE80: =VLOOKUP(C80,'[1]6月汇总'!$C:$G,5,0) -> 160 | AF80: =SUM(AC80:AE80) -> 167.12112 | AG80: =VLOOKUP(C80,[2]两年对比终版!$A:$Q,17,0) -> 0 | AI80: =AF80/AB80 -> 0.5570704 | AJ80: 0 | AK80: 0 | AL80: =VLOOKUP(C80,'[1]5月25-5月31日汇总'!$C:$H,6,0) -> 0 | AM80: =VLOOKUP(C80,'[1]6月汇总'!$C:$I,6,0) -> 0 | AN80: =SUM(AK80:AM80) -> 0 | AO80: =VLOOKUP(C80,[2]两年对比终版!$A:$T,20,0) -> 0 | AQ80: =AN80/AJ80 -> #DIV/0! | AR80: 300 | AS80: 7.12112 | AT80: =VLOOKUP(C80,'[1]5月25-5月31日汇总'!$C:$I,7,0) -> 0 | AU80: =VLOOKUP(C80,'[1]6月汇总'!$C:$I,7,0) -> 0 | AV80: =SUM(AS80:AU80) -> 7.12112 | AW80: =VLOOKUP(C80,[2]两年对比终版!$A:$X,23,0) -> 0 | AY80: =AV80/AR80 -> 0.023737067 | AZ80: 285 | BA80: 0 | BD80: =SUM(BA80:BC80) -> 0 | BE80: =VLOOKUP(C80,[2]两年对比终版!$A:$AD,30,0) -> 0 | BF80: =BD80/AZ80 -> 0
A81: 69 | C81: 配件-1 | D81: 0 | E81: 0 | F81: =VLOOKUP(C81,'[1]5月25-5月31日汇总'!$C:$D,2,0) -> 0 | G81: =VLOOKUP(C81,'[1]6月汇总'!$C:$D,2,0) -> 0 | H81: =SUM(E81:G81) -> 0 | I81: =VLOOKUP(C81,[2]两年对比终版!$A:$C,3,0) -> 0 | K81: =H81/D81 -> #DIV/0! | L81: 4800 | M81: 1499.5855 | N81: =VLOOKUP(C81,'[1]5月25-5月31日汇总'!$C:$E,3,0) -> 245 | O81: =VLOOKUP(C81,'[1]6月汇总'!$C:$E,3,0) -> 415 | P81: =SUM(M81:O81) -> 2159.5855 | Q81: =VLOOKUP(C81,[2]两年对比终版!$A:$F,6,0) -> 2015.4943 | S81: =P81/L81 -> 0.44991364 | T81: 0 | U81: 0 | V81: =VLOOKUP(C81,'[1]5月25-5月31日汇总'!$C:$F,4,0) -> 0 | W81: =VLOOKUP(C81,'[1]6月汇总'!$C:$F,4,0) -> 0 | X81: =SUM(U81:W81) -> 0 | Y81: =VLOOKUP(C81,[2]两年对比终版!$A:$N,14,0) -> 0 | AA81: =X81/T81 -> #DIV/0! | AB81: 2000 | AC81: 598.79237 | AD81: =VLOOKUP(C81,'[1]5月25-5月31日汇总'!$C:$G,5,0) -> 20 | AE81: =VLOOKUP(C81,'[1]6月汇总'!$C:$G,5,0) -> 290 | AF81: =SUM(AC81:AE81) -> 908.79237 | AG81: =VLOOKUP(C81,[2]两年对比终版!$A:$Q,17,0) -> 752.97 | AI81: =AF81/AB81 -> 0.45439619 | AJ81: 0 | AK81: 0 | AL81: =VLOOKUP(C81,'[1]5月25-5月31日汇总'!$C:$H,6,0) -> 0 | AM81: =VLOOKUP(C81,'[1]6月汇总'!$C:$I,6,0) -> 0 | AN81: =SUM(AK81:AM81) -> 0 | AO81: =VLOOKUP(C81,[2]两年对比终版!$A:$T,20,0) -> 0 | AQ81: =AN81/AJ81 -> #DIV/0! | AR81: 2000 | AS81: 524.4351 | AT81: =VLOOKUP(C81,'[1]5月25-5月31日汇总'!$C:$I,7,0) -> 13 | AU81: =VLOOKUP(C81,'[1]6月汇总'!$C:$I,7,0) -> 106.39 | AV81: =SUM(AS81:AU81) -> 643.8251 | AW81: =VLOOKUP(C81,[2]两年对比终版!$A:$X,23,0) -> 752.97 | AY81: =AV81/AR81 -> 0.32191255 | AZ81: 1900 | BA81: 0 | BD81: =SUM(BA81:BC81) -> 0 | BE81: =VLOOKUP(C81,[2]两年对比终版!$A:$AD,30,0) -> 752.97 | BF81: =BD81/AZ81 -> 0
A82: 70 | C82: 配件-2 | D82: 0 | E82: 0 | F82: =VLOOKUP(C82,'[1]5月25-5月31日汇总'!$C:$D,2,0) -> 0 | G82: =VLOOKUP(C82,'[1]6月汇总'!$C:$D,2,0) -> 0 | H82: =SUM(E82:G82) -> 0 | I82: =VLOOKUP(C82,[2]两年对比终版!$A:$C,3,0) -> 0 | K82: =H82/D82 -> #DIV/0! | L82: 2400 | M82: 635.10065 | N82: =VLOOKUP(C82,'[1]5月25-5月31日汇总'!$C:$E,3,0) -> 122.5 | O82: =VLOOKUP(C82,'[1]6月汇总'!$C:$E,3,0) -> 393 | P82: =SUM(M82:O82) -> 1150.6006 | Q82: =VLOOKUP(C82,[2]两年对比终版!$A:$F,6,0) -> 0 | S82: =P82/L82 -> 0.47941694 | T82: 0 | U82: 0 | V82: =VLOOKUP(C82,'[1]5月25-5月31日汇总'!$C:$F,4,0) -> 0 | W82: =VLOOKUP(C82,'[1]6月汇总'!$C:$F,4,0) -> 0 | X82: =SUM(U82:W82) -> 0 | Y82: =VLOOKUP(C82,[2]两年对比终版!$A:$N,14,0) -> 0 | AA82: =X82/T82 -> #DIV/0! | AB82: 1000 | AC82: 30.390044 | AD82: =VLOOKUP(C82,'[1]5月25-5月31日汇总'!$C:$G,5,0) -> 10 | AE82: =VLOOKUP(C82,'[1]6月汇总'!$C:$G,5,0) -> 450 | AF82: =SUM(AC82:AE82) -> 490.39004 | AG82: =VLOOKUP(C82,[2]两年对比终版!$A:$Q,17,0) -> 0 | AI82: =AF82/AB82 -> 0.49039004 | AJ82: 0 | AK82: 0 | AL82: =VLOOKUP(C82,'[1]5月25-5月31日汇总'!$C:$H,6,0) -> 0 | AM82: =VLOOKUP(C82,'[1]6月汇总'!$C:$I,6,0) -> 0 | AN82: =SUM(AK82:AM82) -> 0 | AO82: =VLOOKUP(C82,[2]两年对比终版!$A:$T,20,0) -> 0 | AQ82: =AN82/AJ82 -> #DIV/0! | AR82: 1000 | AS82: 6.8598 | AT82: =VLOOKUP(C82,'[1]5月25-5月31日汇总'!$C:$I,7,0) -> 0 | AU82: =VLOOKUP(C82,'[1]6月汇总'!$C:$I,7,0) -> 53 | AV82: =SUM(AS82:AU82) -> 59.8598 | AW82: =VLOOKUP(C82,[2]两年对比终版!$A:$X,23,0) -> 0 | AY82: =AV82/AR82 -> 0.0598598 | AZ82: 950 | BA82: 0 | BD82: =SUM(BA82:BC82) -> 0 | BE82: =VLOOKUP(C82,[2]两年对比终版!$A:$AD,30,0) -> 0 | BF82: =BD82/AZ82 -> 0
A83: 71 | C83: 改造 | D83: 0 | E83: 0 | F83: =VLOOKUP(C83,'[1]5月25-5月31日汇总'!$C:$D,2,0) -> 0 | G83: =VLOOKUP(C83,'[1]6月汇总'!$C:$D,2,0) -> 0 | H83: =SUM(E83:G83) -> 0 | I83: =VLOOKUP(C83,[2]两年对比终版!$A:$C,3,0) -> 0 | K83: =H83/D83 -> #DIV/0! | L83: 1960 | M83: 713.15365 | N83: =VLOOKUP(C83,'[1]5月25-5月31日汇总'!$C:$E,3,0) -> 110 | O83: =VLOOKUP(C83,'[1]6月汇总'!$C:$E,3,0) -> 190 | P83: =SUM(M83:O83) -> 1013.1536 | Q83: =VLOOKUP(C83,[2]两年对比终版!$A:$F,6,0) -> 272.31969 | S83: =P83/L83 -> 0.51691513 | T83: 0 | U83: 0 | V83: =VLOOKUP(C83,'[1]5月25-5月31日汇总'!$C:$F,4,0) -> 0 | W83: =VLOOKUP(C83,'[1]6月汇总'!$C:$F,4,0) -> 0 | X83: =SUM(U83:W83) -> 0 | Y83: =VLOOKUP(C83,[2]两年对比终版!$A:$N,14,0) -> 0 | AA83: =X83/T83 -> #DIV/0! | AB83: 1000 | AC83: 294.01467 | AD83: =VLOOKUP(C83,'[1]5月25-5月31日汇总'!$C:$G,5,0) -> 50 | AE83: =VLOOKUP(C83,'[1]6月汇总'!$C:$G,5,0) -> 100 | AF83: =SUM(AC83:AE83) -> 444.01467 | AG83: =VLOOKUP(C83,[2]两年对比终版!$A:$Q,17,0) -> 272.31969 | AI83: =AF83/AB83 -> 0.44401467 | AJ83: 0 | AK83: 0 | AL83: =VLOOKUP(C83,'[1]5月25-5月31日汇总'!$C:$H,6,0) -> 0 | AM83: =VLOOKUP(C83,'[1]6月汇总'!$C:$I,6,0) -> 0 | AN83: =SUM(AK83:AM83) -> 0 | AO83: =VLOOKUP(C83,[2]两年对比终版!$A:$T,20,0) -> - | AQ83: =AN83/AJ83 -> #DIV/0! | AR83: 1000 | AS83: 45.71674 | AT83: =VLOOKUP(C83,'[1]5月25-5月31日汇总'!$C:$I,7,0) -> 20 | AU83: =VLOOKUP(C83,'[1]6月汇总'!$C:$I,7,0) -> 100 | AV83: =SUM(AS83:AU83) -> 165.71674 | AW83: =VLOOKUP(C83,[2]两年对比终版!$A:$X,23,0) -> 153.30144 | AY83: =AV83/AR83 -> 0.16571674 | AZ83: 950 | BA83: 0 | BD83: =SUM(BA83:BC83) -> 0 | BE83: =VLOOKUP(C83,[2]两年对比终版!$A:$AD,30,0) -> 175.72447 | BF83: =BD83/AZ83 -> 0
A84: 商贸配件合计 | D84: =SUM(D78:D83) -> 0 | E84: =SUM(E78:E83) -> 0 | F84: =SUM(F78:F83) -> 0 | G84: =SUM(G78:G83) -> 0 | H84: =SUM(H78:H83) -> 0 | I84: =SUM(I78:I83) -> 0 | J84: =(H84-I84)/I84 -> #DIV/0! | K84: =H84/D84 -> #DIV/0! | L84: =SUM(L78:L83) -> 12002 | M84: =SUM(M78:M83) -> 3623.0558 | N84: =SUM(N78:N83) -> 766.5 | O84: =SUM(O78:O83) -> 1367 | P84: =SUM(P78:P83) -> 5756.5558 | Q84: =SUM(Q78:Q83) -> 4018.2383 | R84: =(P84-Q84)/Q84 -> 0.43260686 | S84: =P84/L84 -> 0.47963304 | T84: =SUM(T78:T83) -> 0 | U84: =SUM(U78:U83) -> 0 | V84: =SUM(V78:V83) -> 0 | W84: =SUM(W78:W83) -> 0 | X84: =SUM(X78:X83) -> 0 | Y84: =SUM(Y78:Y83) -> 0 | Z84: =(X84-Y84)/Y84 -> #DIV/0! | AA84: =X84/T84 -> #DIV/0! | AB84: =SUM(AB78:AB83) -> 5200 | AC84: =SUM(AC78:AC83) -> 1108.7322 | AD84: =SUM(AD78:AD83) -> 100 | AE84: =SUM(AE78:AE83) -> 1206 | AF84: =SUM(AF78:AF83) -> 2414.7322 | AG84: =SUM(AG78:AG83) -> 1513.5961 | AH84: =(AF84-AG84)/AG84 -> 0.59536105 | AI84: =AF84/AB84 -> 0.46437158 | AJ84: =SUM(AJ78:AJ83) -> 0 | AK84: =SUM(AK78:AK83) -> 0 | AL84: =SUM(AL78:AL83) -> 0 | AM84: =SUM(AM78:AM83) -> 0 | AN84: =SUM(AN78:AN83) -> 0 | AO84: =SUM(AO78:AO83) -> 0 | AP84: =(AN84-AO84)/AO84 -> #DIV/0! | AQ84: =AN84/AJ84 -> #DIV/0! | AR84: =SUM(AR78:AR83) -> 5200 | AS84: =SUM(AS78:AS83) -> 622.67996 | AT84: =SUM(AT78:AT83) -> 41 | AU84: =SUM(AU78:AU83) -> 381.39 | AV84: =SUM(AV78:AV83) -> 1045.07 | AW84: =SUM(AW78:AW83) -> 1394.5778 | AX84: =(AV84-AW84)/AW84 -> -0.25061911 | AY84: =AV84/AR84 -> 0.20097499 | AZ84: =SUM(AZ78:AZ83) -> 4940 | BA84: =SUM(BA78:BA83) -> 0 | BB84: =SUM(BB78:BB83) -> 0 | BC84: =SUM(BC78:BC83) -> 0 | BD84: =SUM(BD78:BD83) -> 0 | BE84: =SUM(BE78:BE83) -> 1417.0008 | BF84: =BD84/AZ84 -> 0
A85: 全国贸合计 | D85: =D15+D25+D37+D47+D56+D66+D73+D77+D84 -> 15930 | E85: =E15+E25+E37+E47+E56+E66+E73+E77+E84 -> 4868 | F85: =F15+F25+F37+F47+F56+F66+F73+F77+F84 -> 514 | G85: =G15+G25+G37+G47+G56+G66+G73+G77+G84 -> 1758 | H85: =H15+H25+H37+H47+H56+H66+H73+H77+H84 -> 7140 | I85: =I15+I25+I37+I47+I56+I66+I73+I77+I84 -> 7711 | J85: =(H85-I85)/I85 -> -0.074050058 | K85: =H85/D85 -> 0.44821092 | L85: =L15+L25+L37+L47+L56+L66+L73+L77+L84 -> 245000.02 | M85: =M15+M25+M37+M47+M56+M66+M73+M77+M84 -> 73426.927 | N85: =N15+N25+N37+N47+N56+N66+N73+N77+N84 -> 8962.1168 | O85: =O15+O25+O37+O47+O56+O66+O73+O77+O84 -> 21050.517 | P85: =P15+P25+P37+P47+P56+P66+P73+P77+P84 -> 103439.56 | Q85: =Q15+Q25+Q37+Q47+Q56+Q66+Q73+Q77+Q84 -> 111158.55 | R85: =(P85-Q85)/Q85 -> -0.069441222 | S85: =P85/L85 -> 0.42220226 | T85: =T15+T25+T37+T47+T56+T66+T73+T77+T84 -> 6500.3197 | U85: =U15+U25+U37+U47+U56+U66+U73+U77+U84 -> 1859 | V85: =V15+V25+V37+V47+V56+V66+V73+V77+V84 -> 107 | W85: =W15+W25+W37+W47+W56+W66+W73+W77+W84 -> 582 | X85: =X15+X25+X37+X47+X56+X66+X73+X77+X84 -> 2548 | Y85: =Y15+Y25+Y37+Y47+Y56+Y66+Y73+Y77+Y84 -> 2387 | Z85: =(X85-Y85)/Y85 -> 0.06744868 | AA85: =X85/T85 -> 0.39198072 | AB85: =AB15+AB25+AB37+AB47+AB56+AB66+AB73+AB77+AB84 -> 100000.41 | AC85: =AC15+AC25+AC37+AC47+AC56+AC66+AC73+AC77+AC84 -> 29600.004 | AD85: =AD15+AD25+AD37+AD47+AD56+AD66+AD73+AD77+AD84 -> 1539.64 | AE85: =AE15+AE25+AE37+AE47+AE56+AE66+AE73+AE77+AE84 -> 7514.436 | AF85: =AF15+AF25+AF37+AF47+AF56+AF66+AF73+AF77+AF84 -> 38654.08 | AG85: =AG15+AG25+AG37+AG47+AG56+AG66+AG73+AG77+AG84 -> 36453.58 | AH85: =(AF85-AG85)/AG85 -> 0.060364432 | AI85: =AF85/AB85 -> 0.3865392 | AJ85: =AJ15+AJ25+AJ37+AJ47+AJ56+AJ66+AJ73+AJ77+AJ84 -> 6500.3197 | AK85: =AK15+AK25+AK37+AK47+AK56+AK66+AK73+AK77+AK84 -> 1439 | AL85: =AL15+AL25+AL37+AL47+AL56+AL66+AL73+AL77+AL84 -> 57 | AM85: =AM15+AM25+AM37+AM47+AM56+AM66+AM73+AM77+AM84 -> 673 | AN85: =AN15+AN25+AN37+AN47+AN56+AN66+AN73+AN77+AN84 -> 2169 | AO85: =AO15+AO25+AO37+AO47+AO56+AO66+AO73+AO77+AO84 -> 1643 | AP85: =(AN85-AO85)/AO85 -> 0.32014607 | AQ85: =AN85/AJ85 -> 0.3336759 | AR85: =AR15+AR25+AR37+AR47+AR56+AR66+AR73+AR77+AR84 -> 100000.41 | AS85: =AS15+AS25+AS37+AS47+AS56+AS66+AS73+AS77+AS84 -> 25798.225 | AT85: =AT15+AT25+AT37+AT47+AT56+AT66+AT73+AT77+AT84 -> 646.67 | AU85: =AU15+AU25+AU37+AU47+AU56+AU66+AU73+AU77+AU84 -> 8903.9824 | AV85: =AV15+AV25+AV37+AV47+AV56+AV66+AV73+AV77+AV84 -> 35348.878 | AW85: =AW15+AW25+AW37+AW47+AW56+AW66+AW73+AW77+AW84 -> 27286.975 | AX85: =(AV85-AW85)/AW85 -> 0.29544873 | AY85: =AV85/AR85 -> 0.35348732 | AZ85: =AZ15+AZ25+AZ37+AZ47+AZ56+AZ66+AZ73+AZ77+AZ84 -> 95000 | BA85: =BA15+BA25+BA37+BA47+BA56+BA66+BA73+BA77+BA84 -> 13012.735 | BB85: =BB15+BB25+BB37+BB47+BB56+BB66+BB73+BB77+BB84 -> 0 | BC85: =BC15+BC25+BC37+BC47+BC56+BC66+BC73+BC77+BC84 -> 0 | BD85: =BD15+BD25+BD37+BD47+BD56+BD66+BD73+BD77+BD84 -> 13012.735 | BE85: =BE15+BE25+BE37+BE47+BE56+BE66+BE73+BE77+BE84 -> 31987.644 | BF85: =BD85/AZ85 -> 0.13697616

Sheet 明细
A1: 2026年国际市场运营系统合同预算情况表
AT2: 金额单位：万元
A3: 序号 | B3: 模块类型 | C3: 模块 | D3: 新签梯量 | K3: 新签金额 | R3: 排产台 | Y3: 排产额 | AF3: 发货台 | AM3: 发货额 | AT3: 回款
D4: 指标 | E4: 完成 | F4: 5月 | G4: 6月 | H4: 累计 | I4: 去年同期 | J4: 完成比 | K4: 指标 | L4: 完成 | M4: 5月 | N4: 6月 | O4: 累计 | P4: 去年同期 | Q4: 完成比 | R4: 指标 | S4: 完成 | T4: 5月 | U4: 6月 | V4: 累计 | W4: 去年同期 | X4: 完成比 | Y4: 指标 | Z4: 完成 | AA4: 5月 | AB4: 6月 | AC4: 累计 | AD4: 去年同期 | AE4: 完成比 | AF4: 指标 | AG4: 完成 | AH4: 5月 | AI4: 6月 | AJ4: 累计 | AK4: 去年同期 | AL4: 完成比 | AM4: 指标 | AN4: 完成 | AO4: 5月 | AP4: 6月 | AQ4: 累计 | AR4: 去年同期 | AS4: 完成比 | AT4: 指标 | AU4: 完成 | AV4: 5月 | AW4: 6月 | AX4: 累计 | AY4: 去年同期 | AZ4: 完成比
A5: 1 | B5: A | C5: 俄罗斯（中部） | D5: 1683 | E5: 437 | F5: =VLOOKUP(C5,'[1]5月25-5月31日汇总'!$C:$D,2,0) -> 0 | G5: =VLOOKUP(C5,'[1]6月汇总'!$C:$D,2,0) -> 100 | H5: =SUM(E5:G5) -> 537 | I5: =VLOOKUP(C5,[2]两年对比终版!$A:$C,3,0) -> 714 | J5: =H5/D5 -> 0.31907308 | K5: 35680 | L5: 8416.64 | M5: =VLOOKUP(C5,'[1]5月25-5月31日汇总'!$C:$E,3,0) -> 0 | N5: =VLOOKUP(C5,'[1]6月汇总'!$C:$E,3,0) -> 1800 | O5: =SUM(L5:N5) -> 10216.64 | P5: =VLOOKUP(C5,[2]两年对比终版!$A:$F,6,0) -> 12662.341 | Q5: =O5/K5 -> 0.28634081 | R5: 750 | S5: 309 | T5: =VLOOKUP(C5,'[1]5月25-5月31日汇总'!$C:$F,4,0) -> 0 | U5: =VLOOKUP(C5,'[1]6月汇总'!$C:$F,4,0) -> 19 | V5: =SUM(S5:U5) -> 328 | W5: =VLOOKUP(C5,[2]两年对比终版!$A:$N,14,0) -> 371 | X5: =V5/R5 -> 0.43733333 | Y5: 14500 | Z5: 5700.21 | AA5: =VLOOKUP(C5,'[1]5月25-5月31日汇总'!$C:$G,5,0) -> 0 | AB5: =VLOOKUP(C5,'[1]6月汇总'!$C:$G,5,0) -> 350 | AC5: =SUM(Z5:AB5) -> 6050.21 | AD5: =VLOOKUP(C5,[2]两年对比终版!$A:$Q,17,0) -> 6707.2804 | AE5: =AC5/Y5 -> 0.41725586 | AF5: 750 | AG5: 259 | AH5: =VLOOKUP(C5,'[1]5月25-5月31日汇总'!$C:$H,6,0) -> 0 | AI5: =VLOOKUP(C5,'[1]6月汇总'!$C:$I,6,0) -> 182 | AJ5: =SUM(AG5:AI5) -> 441 | AK5: =VLOOKUP(C5,[2]两年对比终版!$A:$T,20,0) -> 223 | AL5: =AJ5/AF5 -> 0.588 | AM5: 14500 | AN5: 5724.95 | AO5: =VLOOKUP(C5,'[1]5月25-5月31日汇总'!$C:$I,7,0) -> 0 | AP5: =VLOOKUP(C5,'[1]6月汇总'!$C:$I,7,0) -> 2937 | AQ5: =SUM(AN5:AP5) -> 8661.95 | AR5: =VLOOKUP(C5,[2]两年对比终版!$A:$X,23,0) -> 4120.0566 | AS5: =AQ5/AM5 -> 0.59737586 | AT5: 13775 | AU5: 3848.89 | AX5: =SUM(AU5:AW5) -> 3848.89 | AY5: =VLOOKUP(C5,[2]两年对比终版!$A:$AD,30,0) -> 5003.1689 | AZ5: =AX5/AT5 -> 0.27941125
A6: 2 | B6: A | C6: 俄罗斯（西部） | D6: 1683 | E6: 433 | F6: =VLOOKUP(C6,'[1]5月25-5月31日汇总'!$C:$D,2,0) -> 0 | G6: =VLOOKUP(C6,'[1]6月汇总'!$C:$D,2,0) -> 25 | H6: =SUM(E6:G6) -> 458 | I6: =VLOOKUP(C6,[2]两年对比终版!$A:$C,3,0) -> 500 | J6: =H6/D6 -> 0.2721331 | K6: 35680 | L6: 9375.82 | M6: =VLOOKUP(C6,'[1]5月25-5月31日汇总'!$C:$E,3,0) -> 0 | N6: =VLOOKUP(C6,'[1]6月汇总'!$C:$E,3,0) -> 450 | O6: =SUM(L6:N6) -> 9825.82 | P6: =VLOOKUP(C6,[2]两年对比终版!$A:$F,6,0) -> 9367.9865 | Q6: =O6/K6 -> 0.27538733 | R6: 750 | S6: 304 | T6: =VLOOKUP(C6,'[1]5月25-5月31日汇总'!$C:$F,4,0) -> 44 | U6: =VLOOKUP(C6,'[1]6月汇总'!$C:$F,4,0) -> 36 | V6: =SUM(S6:U6) -> 384 | W6: =VLOOKUP(C6,[2]两年对比终版!$A:$N,14,0) -> 207 | X6: =V6/R6 -> 0.512 | Y6: 14500 | Z6: 4876.19 | AA6: =VLOOKUP(C6,'[1]5月25-5月31日汇总'!$C:$G,5,0) -> 660.1 | AB6: =VLOOKUP(C6,'[1]6月汇总'!$C:$G,5,0) -> 550 | AC6: =SUM(Z6:AB6) -> 6086.29 | AD6: =VLOOKUP(C6,[2]两年对比终版!$A:$Q,17,0) -> 4230.2512 | AE6: =AC6/Y6 -> 0.41974414 | AF6: 750 | AG6: 183 | AH6: =VLOOKUP(C6,'[1]5月25-5月31日汇总'!$C:$H,6,0) -> 0 | AI6: =VLOOKUP(C6,'[1]6月汇总'!$C:$I,6,0) -> 0 | AJ6: =SUM(AG6:AI6) -> 183 | AK6: =VLOOKUP(C6,[2]两年对比终版!$A:$T,20,0) -> 121 | AL6: =AJ6/AF6 -> 0.244 | AM6: 14500 | AN6: 3464.95 | AO6: =VLOOKUP(C6,'[1]5月25-5月31日汇总'!$C:$I,7,0) -> 0 | AP6: =VLOOKUP(C6,'[1]6月汇总'!$C:$I,7,0) -> 0 | AQ6: =SUM(AN6:AP6) -> 3464.95 | AR6: =VLOOKUP(C6,[2]两年对比终版!$A:$X,23,0) -> 2814.2512 | AS6: =AQ6/AM6 -> 0.23896207 | AT6: 13775 | AU6: 2098.04 | AX6: =SUM(AU6:AW6) -> 2098.04 | AY6: =VLOOKUP(C6,[2]两年对比终版!$A:$AD,30,0) -> 3283.8379 | AZ6: =AX6/AT6 -> 0.1523078
A7: 3 | B7: A | C7: 俄罗斯（东部） | D7: 400 | E7: 210 | F7: =VLOOKUP(C7,'[1]5月25-5月31日汇总'!$C:$D,2,0) -> 0 | G7: =VLOOKUP(C7,'[1]6月汇总'!$C:$D,2,0) -> 31 | H7: =SUM(E7:G7) -> 241 | I7: =VLOOKUP(C7,[2]两年对比终版!$A:$C,3,0) -> 446 | J7: =H7/D7 -> 0.6025 | K7: 6544 | L7: 3909.41 | M7: =VLOOKUP(C7,'[1]5月25-5月31日汇总'!$C:$E,3,0) -> 0 | N7: =VLOOKUP(C7,'[1]6月汇总'!$C:$E,3,0) -> 364 | O7: =SUM(L7:N7) -> 4273.41 | P7: =VLOOKUP(C7,[2]两年对比终版!$A:$F,6,0) -> 6485.9783 | Q7: =O7/K7 -> 0.6530272 | R7: 160 | S7: 98 | T7: =VLOOKUP(C7,'[1]5月25-5月31日汇总'!$C:$F,4,0) -> 0 | U7: =VLOOKUP(C7,'[1]6月汇总'!$C:$F,4,0) -> 10 | V7: =SUM(S7:U7) -> 108 | W7: =VLOOKUP(C7,[2]两年对比终版!$A:$N,14,0) -> 126 | X7: =V7/R7 -> 0.675 | Y7: 2657 | Z7: 1280.19 | AA7: =VLOOKUP(C7,'[1]5月25-5月31日汇总'!$C:$G,5,0) -> 0 | AB7: =VLOOKUP(C7,'[1]6月汇总'!$C:$G,5,0) -> 180 | AC7: =SUM(Z7:AB7) -> 1460.19 | AD7: =VLOOKUP(C7,[2]两年对比终版!$A:$Q,17,0) -> 1887.3783 | AE7: =AC7/Y7 -> 0.54956342 | AF7: 160 | AG7: 58 | AH7: =VLOOKUP(C7,'[1]5月25-5月31日汇总'!$C:$H,6,0) -> 4 | AI7: =VLOOKUP(C7,'[1]6月汇总'!$C:$I,6,0) -> 27 | AJ7: =SUM(AG7:AI7) -> 89 | AK7: =VLOOKUP(C7,[2]两年对比终版!$A:$T,20,0) -> 125 | AL7: =AJ7/AF7 -> 0.55625 | AM7: 2657 | AN7: 712.73 | AO7: =VLOOKUP(C7,'[1]5月25-5月31日汇总'!$C:$I,7,0) -> 72 | AP7: =VLOOKUP(C7,'[1]6月汇总'!$C:$I,7,0) -> 374 | AQ7: =SUM(AN7:AP7) -> 1158.73 | AR7: =VLOOKUP(C7,[2]两年对比终版!$A:$X,23,0) -> 1964.9378 | AS7: =AQ7/AM7 -> 0.43610463 | AT7: 2524 | AU7: 761.994 | AX7: =SUM(AU7:AW7) -> 761.994 | AY7: =VLOOKUP(C7,[2]两年对比终版!$A:$AD,30,0) -> 2215.7524 | AZ7: =AX7/AT7 -> 0.30189937
A8: 4 | B8: A | C8: 罗斯托夫 | D8: 270 | E8: 43 | F8: =VLOOKUP(C8,'[1]5月25-5月31日汇总'!$C:$D,2,0) -> 0 | G8: =VLOOKUP(C8,'[1]6月汇总'!$C:$D,2,0) -> 33 | H8: =SUM(E8:G8) -> 76 | I8: =VLOOKUP(C8,[2]两年对比终版!$A:$C,3,0) -> 0 | J8: =H8/D8 -> 0.28148148 | K8: 4428 | L8: 904.52 | M8: =VLOOKUP(C8,'[1]5月25-5月31日汇总'!$C:$E,3,0) -> 0 | N8: =VLOOKUP(C8,'[1]6月汇总'!$C:$E,3,0) -> 354 | O8: =SUM(L8:N8) -> 1258.52 | P8: =VLOOKUP(C8,[2]两年对比终版!$A:$F,6,0) -> 0 | Q8: =O8/K8 -> 0.28421861 | R8: 120 | S8: 14 | T8: =VLOOKUP(C8,'[1]5月25-5月31日汇总'!$C:$F,4,0) -> 1 | U8: =VLOOKUP(C8,'[1]6月汇总'!$C:$F,4,0) -> 13 | V8: =SUM(S8:U8) -> 28 | W8: =VLOOKUP(C8,[2]两年对比终版!$A:$N,14,0) -> 0 | X8: =V8/R8 -> 0.23333333 | Y8: 1800 | Z8: 139.5 | AA8: =VLOOKUP(C8,'[1]5月25-5月31日汇总'!$C:$G,5,0) -> 8 | AB8: =VLOOKUP(C8,'[1]6月汇总'!$C:$G,5,0) -> 176 | AC8: =SUM(Z8:AB8) -> 323.5 | AD8: =VLOOKUP(C8,[2]两年对比终版!$A:$Q,17,0) -> 0 | AE8: =AC8/Y8 -> 0.17972222 | AF8: 120 | AG8: 10 | AH8: =VLOOKUP(C8,'[1]5月25-5月31日汇总'!$C:$H,6,0) -> 0 | AI8: =VLOOKUP(C8,'[1]6月汇总'!$C:$I,6,0) -> 4 | AJ8: =SUM(AG8:AI8) -> 14 | AK8: =VLOOKUP(C8,[2]两年对比终版!$A:$T,20,0) -> 0 | AL8: =AJ8/AF8 -> 0.11666667 | AM8: 1800 | AN8: 102.4 | AO8: =VLOOKUP(C8,'[1]5月25-5月31日汇总'!$C:$I,7,0) -> 0 | AP8: =VLOOKUP(C8,'[1]6月汇总'!$C:$I,7,0) -> 37 | AQ8: =SUM(AN8:AP8) -> 139.4 | AR8: =VLOOKUP(C8,[2]两年对比终版!$A:$X,23,0) -> 0 | AS8: =AQ8/AM8 -> 0.077444444 | AT8: 1710 | AU8: 116.493 | AX8: =SUM(AU8:AW8) -> 116.493 | AY8: =VLOOKUP(C8,[2]两年对比终版!$A:$AD,30,0) -> 0 | AZ8: =AX8/AT8 -> 0.068124561
A9: 5 | B9: A | C9: 哈巴 | D9: 270 | E9: 181 | F9: =VLOOKUP(C9,'[1]5月25-5月31日汇总'!$C:$D,2,0) -> 13 | G9: =VLOOKUP(C9,'[1]6月汇总'!$C:$D,2,0) -> 12 | H9: =SUM(E9:G9) -> 206 | I9: =VLOOKUP(C9,[2]两年对比终版!$A:$C,3,0) -> 0 | J9: =H9/D9 -> 0.76296296 | K9: 4428 | L9: 2347.34 | M9: =VLOOKUP(C9,'[1]5月25-5月31日汇总'!$C:$E,3,0) -> 343.6 | N9: =VLOOKUP(C9,'[1]6月汇总'!$C:$E,3,0) -> 134.1 | O9: =SUM(L9:N9) -> 2825.04 | P9: =VLOOKUP(C9,[2]两年对比终版!$A:$F,6,0) -> 0 | Q9: =O9/K9 -> 0.63799458 | R9: 120 | S9: 47 | T9: =VLOOKUP(C9,'[1]5月25-5月31日汇总'!$C:$F,4,0) -> 4 | U9: =VLOOKUP(C9,'[1]6月汇总'!$C:$F,4,0) -> 20 | V9: =SUM(S9:U9) -> 71 | W9: =VLOOKUP(C9,[2]两年对比终版!$A:$N,14,0) -> 0 | X9: =V9/R9 -> 0.59166667 | Y9: 1800 | Z9: 500.366 | AA9: =VLOOKUP(C9,'[1]5月25-5月31日汇总'!$C:$G,5,0) -> 43.4 | AB9: =VLOOKUP(C9,'[1]6月汇总'!$C:$G,5,0) -> 169.3 | AC9: =SUM(Z9:AB9) -> 713.066 | AD9: =VLOOKUP(C9,[2]两年对比终版!$A:$Q,17,0) -> 0 | AE9: =AC9/Y9 -> 0.39614778 | AF9: 120 | AG9: 43 | AH9: =VLOOKUP(C9,'[1]5月25-5月31日汇总'!$C:$H,6,0) -> 0 | AI9: =VLOOKUP(C9,'[1]6月汇总'!$C:$I,6,0) -> 4 | AJ9: =SUM(AG9:AI9) -> 47 | AK9: =VLOOKUP(C9,[2]两年对比终版!$A:$T,20,0) -> 0 | AL9: =AJ9/AF9 -> 0.39166667 | AM9: 1800 | AN9: 456.926 | AO9: =VLOOKUP(C9,'[1]5月25-5月31日汇总'!$C:$I,7,0) -> 0 | AP9: =VLOOKUP(C9,'[1]6月汇总'!$C:$I,7,0) -> 43.4 | AQ9: =SUM(AN9:AP9) -> 500.326 | AR9: =VLOOKUP(C9,[2]两年对比终版!$A:$X,23,0) -> 0 | AS9: =AQ9/AM9 -> 0.27795889 | AT9: 1710 | AU9: 419.486 | AX9: =SUM(AU9:AW9) -> 419.486 | AY9: =VLOOKUP(C9,[2]两年对比终版!$A:$AD,30,0) -> 0 | AZ9: =AX9/AT9 -> 0.24531345
A10: 6 | B10: B | C10: 俄罗斯（中南） | D10: 245 | E10: 30 | F10: =VLOOKUP(C10,'[1]5月25-5月31日汇总'!$C:$D,2,0) -> 28 | G10: =VLOOKUP(C10,'[1]6月汇总'!$C:$D,2,0) -> 70 | H10: =SUM(E10:G10) -> 128 | I10: =VLOOKUP(C10,[2]两年对比终版!$A:$C,3,0) -> 79 | J10: =H10/D10 -> 0.52244898 | K10: 4200 | L10: 329.386 | M10: =VLOOKUP(C10,'[1]5月25-5月31日汇总'!$C:$E,3,0) -> 472.51 | N10: =VLOOKUP(C10,'[1]6月汇总'!$C:$E,3,0) -> 900 | O10: =SUM(L10:N10) -> 1701.896 | P10: =VLOOKUP(C10,[2]两年对比终版!$A:$F,6,0) -> 1044.926 | Q10: =O10/K10 -> 0.40521333 | R10: 100 | S10: 17 | T10: =VLOOKUP(C10,'[1]5月25-5月31日汇总'!$C:$F,4,0) -> 4 | U10: =VLOOKUP(C10,'[1]6月汇总'!$C:$F,4,0) -> 25 | V10: =SUM(S10:U10) -> 46 | W10: =VLOOKUP(C10,[2]两年对比终版!$A:$N,14,0) -> 30 | X10: =V10/R10 -> 0.46 | Y10: 1778 | Z10: 174.656 | AA10: =VLOOKUP(C10,'[1]5月25-5月31日汇总'!$C:$G,5,0) -> 74.6 | AB10: =VLOOKUP(C10,'[1]6月汇总'!$C:$G,5,0) -> 300 | AC10: =SUM(Z10:AB10) -> 549.256 | AD10: =VLOOKUP(C10,[2]两年对比终版!$A:$Q,17,0) -> 487.232 | AE10: =AC10/Y10 -> 0.30891789 | AF10: 100 | AG10: 12 | AH10: =VLOOKUP(C10,'[1]5月25-5月31日汇总'!$C:$H,6,0) -> 3 | AI10: =VLOOKUP(C10,'[1]6月汇总'!$C:$I,6,0) -> 31 | AJ10: =SUM(AG10:AI10) -> 46 | AK10: =VLOOKUP(C10,[2]两年对比终版!$A:$T,20,0) -> 36 | AL10: =AJ10/AF10 -> 0.46 | AM10: 1778 | AN10: 148.86 | AO10: =VLOOKUP(C10,'[1]5月25-5月31日汇总'!$C:$I,7,0) -> 31.17 | AP10: =VLOOKUP(C10,'[1]6月汇总'!$C:$I,7,0) -> 292.7166 | AQ10: =SUM(AN10:AP10) -> 472.7466 | AR10: =VLOOKUP(C10,[2]两年对比终版!$A:$X,23,0) -> 515.132 | AS10: =AQ10/AM10 -> 0.26588673 | AT10: 1689 | AU10: 145.87 | AX10: =SUM(AU10:AW10) -> 145.87 | AY10: =VLOOKUP(C10,[2]两年对比终版!$A:$AD,30,0) -> 545.38061 | AZ10: =AX10/AT10 -> 0.086364713
A11: 7 | B11: B | C11: 俄罗斯（西南） | D11: 489 | E11: 64 | F11: =VLOOKUP(C11,'[1]5月25-5月31日汇总'!$C:$D,2,0) -> 10 | G11: =VLOOKUP(C11,'[1]6月汇总'!$C:$D,2,0) -> 80 | H11: =SUM(E11:G11) -> 154 | I11: =VLOOKUP(C11,[2]两年对比终版!$A:$C,3,0) -> 415 | J11: =H11/D11 -> 0.31492843 | K11: 7525.12 | L11: 1474.22 | M11: =VLOOKUP(C11,'[1]5月25-5月31日汇总'!$C:$E,3,0) -> 130 | N11: =VLOOKUP(C11,'[1]6月汇总'!$C:$E,3,0) -> 1600 | O11: =SUM(L11:N11) -> 3204.22 | P11: =VLOOKUP(C11,[2]两年对比终版!$A:$F,6,0) -> 7818.733 | Q11: =O11/K11 -> 0.42580318 | R11: 210 | S11: 28 | T11: =VLOOKUP(C11,'[1]5月25-5月31日汇总'!$C:$F,4,0) -> 0 | U11: =VLOOKUP(C11,'[1]6月汇总'!$C:$F,4,0) -> 23 | V11: =SUM(S11:U11) -> 51 | W11: =VLOOKUP(C11,[2]两年对比终版!$A:$N,14,0) -> 156 | X11: =V11/R11 -> 0.24285714 | Y11: 2972 | Z11: 328.073 | AA11: =VLOOKUP(C11,'[1]5月25-5月31日汇总'!$C:$G,5,0) -> 0 | AB11: =VLOOKUP(C11,'[1]6月汇总'!$C:$G,5,0) -> 370 | AC11: =SUM(Z11:AB11) -> 698.073 | AD11: =VLOOKUP(C11,[2]两年对比终版!$A:$Q,17,0) -> 2594.4505 | AE11: =AC11/Y11 -> 0.23488324 | AF11: 210 | AG11: 24 | AH11: =VLOOKUP(C11,'[1]5月25-5月31日汇总'!$C:$H,6,0) -> 0 | AI11: =VLOOKUP(C11,'[1]6月汇总'!$C:$I,6,0) -> 4 | AJ11: =SUM(AG11:AI11) -> 28 | AK11: =VLOOKUP(C11,[2]两年对比终版!$A:$T,20,0) -> 108 | AL11: =AJ11/AF11 -> 0.13333333 | AM11: 2972 | AN11: 276.233 | AO11: =VLOOKUP(C11,'[1]5月25-5月31日汇总'!$C:$I,7,0) -> 0 | AP11: =VLOOKUP(C11,'[1]6月汇总'!$C:$I,7,0) -> 53 | AQ11: =SUM(AN11:AP11) -> 329.233 | AR11: =VLOOKUP(C11,[2]两年对比终版!$A:$X,23,0) -> 1970.7395 | AS11: =AQ11/AM11 -> 0.11077826 | AT11: 2822 | AU11: 16.713 | AX11: =SUM(AU11:AW11) -> 16.713 | AY11: =VLOOKUP(C11,[2]两年对比终版!$A:$AD,30,0) -> 2067.2919 | AZ11: =AX11/AT11 -> 0.0059223955
A12: 8 | B12: C | C12: 莫斯科 | D12: 72 | E12: 2 | F12: =VLOOKUP(C12,'[1]5月25-5月31日汇总'!$C:$D,2,0) -> 8 | G12: =VLOOKUP(C12,'[1]6月汇总'!$C:$D,2,0) -> 14 | H12: =SUM(E12:G12) -> 24 | I12: =VLOOKUP(C12,[2]两年对比终版!$A:$C,3,0) -> 0 | J12: =H12/D12 -> 0.33333333 | K12: 1085 | L12: 22.84 | M12: =VLOOKUP(C12,'[1]5月25-5月31日汇总'!$C:$E,3,0) -> 100 | N12: =VLOOKUP(C12,'[1]6月汇总'!$C:$E,3,0) -> 118 | O12: =SUM(L12:N12) -> 240.84 | P12: =VLOOKUP(C12,[2]两年对比终版!$A:$F,6,0) -> 0 | Q12: =O12/K12 -> 0.22197235 | R12: 30 | S12: 2 | T12: =VLOOKUP(C12,'[1]5月25-5月31日汇总'!$C:$F,4,0) -> 0 | U12: =VLOOKUP(C12,'[1]6月汇总'!$C:$F,4,0) -> 6 | V12: =SUM(S12:U12) -> 8 | W12: =VLOOKUP(C12,[2]两年对比终版!$A:$N,14,0) -> 0 | X12: =V12/R12 -> 0.26666667 | Y12: 450 | Z12: 22.84 | AA12: =VLOOKUP(C12,'[1]5月25-5月31日汇总'!$C:$G,5,0) -> 0 | AB12: =VLOOKUP(C12,'[1]6月汇总'!$C:$G,5,0) -> 49 | AC12: =SUM(Z12:AB12) -> 71.84 | AD12: =VLOOKUP(C12,[2]两年对比终版!$A:$Q,17,0) -> 0 | AE12: =AC12/Y12 -> 0.15964444 | AF12: 30 | AG12: 2 | AH12: =VLOOKUP(C12,'[1]5月25-5月31日汇总'!$C:$H,6,0) -> 0 | AI12: =VLOOKUP(C12,'[1]6月汇总'!$C:$I,6,0) -> 6 | AJ12: =SUM(AG12:AI12) -> 8 | AK12: =VLOOKUP(C12,[2]两年对比终版!$A:$T,20,0) -> 0 | AL12: =AJ12/AF12 -> 0.26666667 | AM12: 450 | AN12: 22.84 | AO12: =VLOOKUP(C12,'[1]5月25-5月31日汇总'!$C:$I,7,0) -> 0 | AP12: =VLOOKUP(C12,'[1]6月汇总'!$C:$I,7,0) -> 49 | AQ12: =SUM(AN12:AP12) -> 71.84 | AR12: =VLOOKUP(C12,[2]两年对比终版!$A:$X,23,0) -> 0 | AS12: =AQ12/AM12 -> 0.15964444 | AT12: 428 | AU12: 22.12 | AX12: =SUM(AU12:AW12) -> 22.12 | AY12: =VLOOKUP(C12,[2]两年对比终版!$A:$AD,30,0) -> 0 | AZ12: =AX12/AT12 -> 0.051682243
A13: 9 | B13: C | C13: 叶卡 | D13: 72 | E13: 0 | F13: =VLOOKUP(C13,'[1]5月25-5月31日汇总'!$C:$D,2,0) -> 0 | G13: =VLOOKUP(C13,'[1]6月汇总'!$C:$D,2,0) -> 0 | H13: =SUM(E13:G13) -> 0 | I13: =VLOOKUP(C13,[2]两年对比终版!$A:$C,3,0) -> 0 | J13: =H13/D13 -> 0 | K13: 1085 | L13: 0 | M13: =VLOOKUP(C13,'[1]5月25-5月31日汇总'!$C:$E,3,0) -> 0 | N13: =VLOOKUP(C13,'[1]6月汇总'!$C:$E,3,0) -> 0 | O13: =SUM(L13:N13) -> 0 | P13: =VLOOKUP(C13,[2]两年对比终版!$A:$F,6,0) -> 0 | Q13: =O13/K13 -> 0 | R13: 30 | S13: 0 | T13: =VLOOKUP(C13,'[1]5月25-5月31日汇总'!$C:$F,4,0) -> 0 | U13: =VLOOKUP(C13,'[1]6月汇总'!$C:$F,4,0) -> 0 | V13: =SUM(S13:U13) -> 0 | W13: =VLOOKUP(C13,[2]两年对比终版!$A:$N,14,0) -> 0 | X13: =V13/R13 -> 0 | Y13: 450 | Z13: 0 | AA13: =VLOOKUP(C13,'[1]5月25-5月31日汇总'!$C:$G,5,0) -> 0 | AB13: =VLOOKUP(C13,'[1]6月汇总'!$C:$G,5,0) -> 0 | AC13: =SUM(Z13:AB13) -> 0 | AD13: =VLOOKUP(C13,[2]两年对比终版!$A:$Q,17,0) -> 0 | AE13: =AC13/Y13 -> 0 | AF13: 30 | AG13: 0 | AH13: =VLOOKUP(C13,'[1]5月25-5月31日汇总'!$C:$H,6,0) -> 0 | AI13: =VLOOKUP(C13,'[1]6月汇总'!$C:$I,6,0) -> 0 | AJ13: =SUM(AG13:AI13) -> 0 | AK13: =VLOOKUP(C13,[2]两年对比终版!$A:$T,20,0) -> 0 | AL13: =AJ13/AF13 -> 0 | AM13: 450 | AN13: 0 | AO13: =VLOOKUP(C13,'[1]5月25-5月31日汇总'!$C:$I,7,0) -> 0 | AP13: =VLOOKUP(C13,'[1]6月汇总'!$C:$I,7,0) -> 0 | AQ13: =SUM(AN13:AP13) -> 0 | AR13: =VLOOKUP(C13,[2]两年对比终版!$A:$X,23,0) -> 0 | AS13: =AQ13/AM13 -> 0 | AT13: 428 | AU13: 0 | AX13: =SUM(AU13:AW13) -> 0 | AY13: =VLOOKUP(C13,[2]两年对比终版!$A:$AD,30,0) -> 0 | AZ13: =AX13/AT13 -> 0
A14: 10 | B14: C | C14: 新西 | D14: 72 | E14: 0 | F14: =VLOOKUP(C14,'[1]5月25-5月31日汇总'!$C:$D,2,0) -> 0 | G14: =VLOOKUP(C14,'[1]6月汇总'!$C:$D,2,0) -> 0 | H14: =SUM(E14:G14) -> 0 | I14: =VLOOKUP(C14,[2]两年对比终版!$A:$C,3,0) -> 0 | J14: =H14/D14 -> 0 | K14: 1085 | L14: 0 | M14: =VLOOKUP(C14,'[1]5月25-5月31日汇总'!$C:$E,3,0) -> 0 | N14: =VLOOKUP(C14,'[1]6月汇总'!$C:$E,3,0) -> 0 | O14: =SUM(L14:N14) -> 0 | P14: =VLOOKUP(C14,[2]两年对比终版!$A:$F,6,0) -> 0 | Q14: =O14/K14 -> 0 | R14: 30 | S14: 0 | T14: =VLOOKUP(C14,'[1]5月25-5月31日汇总'!$C:$F,4,0) -> 0 | U14: =VLOOKUP(C14,'[1]6月汇总'!$C:$F,4,0) -> 0 | V14: =SUM(S14:U14) -> 0 | W14: =VLOOKUP(C14,[2]两年对比终版!$A:$N,14,0) -> 0 | X14: =V14/R14 -> 0 | Y14: 450 | Z14: 0 | AA14: =VLOOKUP(C14,'[1]5月25-5月31日汇总'!$C:$G,5,0) -> 0 | AB14: =VLOOKUP(C14,'[1]6月汇总'!$C:$G,5,0) -> 0 | AC14: =SUM(Z14:AB14) -> 0 | AD14: =VLOOKUP(C14,[2]两年对比终版!$A:$Q,17,0) -> 0 | AE14: =AC14/Y14 -> 0 | AF14: 30 | AG14: 0 | AH14: =VLOOKUP(C14,'[1]5月25-5月31日汇总'!$C:$H,6,0) -> 0 | AI14: =VLOOKUP(C14,'[1]6月汇总'!$C:$I,6,0) -> 0 | AJ14: =SUM(AG14:AI14) -> 0 | AK14: =VLOOKUP(C14,[2]两年对比终版!$A:$T,20,0) -> 0 | AL14: =AJ14/AF14 -> 0 | AM14: 450 | AN14: 0 | AO14: =VLOOKUP(C14,'[1]5月25-5月31日汇总'!$C:$I,7,0) -> 0 | AP14: =VLOOKUP(C14,'[1]6月汇总'!$C:$I,7,0) -> 0 | AQ14: =SUM(AN14:AP14) -> 0 | AR14: =VLOOKUP(C14,[2]两年对比终版!$A:$X,23,0) -> 0 | AS14: =AQ14/AM14 -> 0 | AT14: 428 | AU14: 0 | AX14: =SUM(AU14:AW14) -> 0 | AY14: =VLOOKUP(C14,[2]两年对比终版!$A:$AD,30,0) -> 0 | AZ14: =AX14/AT14 -> 0
A15: 俄罗斯合计 | D15: =SUM(D5:D14) -> 5256 | E15: =SUM(E5:E14) -> 1400 | F15: =SUM(F5:F14) -> 59 | G15: =SUM(G5:G14) -> 365 | H15: =SUM(H5:H14) -> 1824 | I15: =SUM(I5:I14) -> 2154 | J15: =H15/D15 -> 0.34703196 | K15: =SUM(K5:K14) -> 101740.12 | L15: =SUM(L5:L14) -> 26780.176 | M15: =SUM(M5:M14) -> 1046.11 | N15: =SUM(N5:N14) -> 5720.1 | O15: =SUM(O5:O14) -> 33546.386 | P15: =SUM(P5:P14) -> 37379.965 | Q15: =O15/K15 -> 0.32972623 | R15: =SUM(R5:R14) -> 2300 | S15: =SUM(S5:S14) -> 819 | T15: =SUM(T5:T14) -> 53 | U15: =SUM(U5:U14) -> 152 | V15: =SUM(V5:V14) -> 1024 | W15: =SUM(W5:W14) -> 890 | X15: =V15/R15 -> 0.44521739 | Y15: =SUM(Y5:Y14) -> 41357 | Z15: =SUM(Z5:Z14) -> 13022.025 | AA15: =SUM(AA5:AA14) -> 786.1 | AB15: =SUM(AB5:AB14) -> 2144.3 | AC15: =SUM(AC5:AC14) -> 15952.425 | AD15: =SUM(AD5:AD14) -> 15906.592 | AE15: =AC15/Y15 -> 0.38572491 | AF15: =SUM(AF5:AF14) -> 2300 | AG15: =SUM(AG5:AG14) -> 591 | AH15: =SUM(AH5:AH14) -> 7 | AI15: =SUM(AI5:AI14) -> 258 | AJ15: =SUM(AJ5:AJ14) -> 856 | AK15: =SUM(AK5:AK14) -> 613 | AL15: =AJ15/AF15 -> 0.37217391 | AM15: =SUM(AM5:AM14) -> 41357 | AN15: =SUM(AN5:AN14) -> 10909.889 | AO15: =SUM(AO5:AO14) -> 103.17 | AP15: =SUM(AP5:AP14) -> 3786.1166 | AQ15: =SUM(AQ5:AQ14) -> 14799.176 | AR15: =SUM(AR5:AR14) -> 11385.117 | AS15: =AQ15/AM15 -> 0.35783968 | AT15: =SUM(AT5:AT14) -> 39289 | AU15: =SUM(AU5:AU14) -> 7429.606 | AV15: =SUM(AV5:AV14) -> 0 | AW15: =SUM(AW5:AW14) -> 0 | AX15: =SUM(AX5:AX14) -> 7429.606 | AY15: =SUM(AY5:AY14) -> 13115.432 | AZ15: =AX15/AT15 -> 0.18910143
A16: 11 | B16: D | C16: 朝鲜-韩国 | D16: 54 | E16: 34 | F16: =VLOOKUP(C16,'[1]5月25-5月31日汇总'!$C:$D,2,0) -> 0 | G16: =VLOOKUP(C16,'[1]6月汇总'!$C:$D,2,0) -> 10 | H16: =SUM(E16:G16) -> 44 | I16: =VLOOKUP(C16,[2]两年对比终版!$A:$C,3,0) -> 35 | J16: =H16/D16 -> 0.81481481 | K16: 540 | L16: 293.5 | M16: =VLOOKUP(C16,'[1]5月25-5月31日汇总'!$C:$E,3,0) -> 0 | N16: =VLOOKUP(C16,'[1]6月汇总'!$C:$E,3,0) -> 8 | O16: =SUM(L16:N16) -> 301.5 | P16: =VLOOKUP(C16,[2]两年对比终版!$A:$F,6,0) -> 287.19 | Q16: =O16/K16 -> 0.55833333 | R16: 32 | S16: 4 | T16: =VLOOKUP(C16,'[1]5月25-5月31日汇总'!$C:$F,4,0) -> 0 | U16: =VLOOKUP(C16,'[1]6月汇总'!$C:$F,4,0) -> 8 | V16: =SUM(S16:U16) -> 12 | W16: =VLOOKUP(C16,[2]两年对比终版!$A:$N,14,0) -> 1 | X16: =V16/R16 -> 0.375 | Y16: 264.163 | Z16: 36.2 | AA16: =VLOOKUP(C16,'[1]5月25-5月31日汇总'!$C:$G,5,0) -> 0 | AB16: =VLOOKUP(C16,'[1]6月汇总'!$C:$G,5,0) -> 48 | AC16: =SUM(Z16:AB16) -> 84.2 | AD16: =VLOOKUP(C16,[2]两年对比终版!$A:$Q,17,0) -> 7.6 | AE16: =AC16/Y16 -> 0.31874259 | AF16: 32 | AG16: 6 | AH16: =VLOOKUP(C16,'[1]5月25-5月31日汇总'!$C:$H,6,0) -> 0 | AI16: =VLOOKUP(C16,'[1]6月汇总'!$C:$I,6,0) -> 6 | AJ16: =SUM(AG16:AI16) -> 12 | AK16: =VLOOKUP(C16,[2]两年对比终版!$A:$T,20,0) -> 1 | AL16: =AJ16/AF16 -> 0.375 | AM16: 264.163 | AN16: 55.4871 | AO16: =VLOOKUP(C16,'[1]5月25-5月31日汇总'!$C:$I,7,0) -> 0 | AP16: =VLOOKUP(C16,'[1]6月汇总'!$C:$I,7,0) -> 60 | AQ16: =SUM(AN16:AP16) -> 115.4871 | AR16: =VLOOKUP(C16,[2]两年对比终版!$A:$X,23,0) -> 7.6 | AS16: =AQ16/AM16 -> 0.43718121 | AT16: 251 | AU16: 4.8 | AX16: =SUM(AU16:AW16) -> 4.8 | AY16: =VLOOKUP(C16,[2]两年对比终版!$A:$AD,30,0) -> 7.6 | AZ16: =AX16/AT16 -> 0.019123506
A17: 12 | B17: A | C17: 新加坡市政会 | D17: 277 | E17: 67 | F17: =VLOOKUP(C17,'[1]5月25-5月31日汇总'!$C:$D,2,0) -> 20 | G17: =VLOOKUP(C17,'[1]6月汇总'!$C:$D,2,0) -> 47 | H17: =SUM(E17:G17) -> 134 | I17: =VLOOKUP(C17,[2]两年对比终版!$A:$C,3,0) -> 196 | J17: =H17/D17 -> 0.48375451 | K17: 6100 | L17: 1640.06 | M17: =VLOOKUP(C17,'[1]5月25-5月31日汇总'!$C:$E,3,0) -> 1000 | N17: =VLOOKUP(C17,'[1]6月汇总'!$C:$E,3,0) -> 1000 | O17: =SUM(L17:N17) -> 3640.06 | P17: =VLOOKUP(C17,[2]两年对比终版!$A:$F,6,0) -> 4135.4805 | Q17: =O17/K17 -> 0.59673115 | R17: 101 | S17: 4 | T17: =VLOOKUP(C17,'[1]5月25-5月31日汇总'!$C:$F,4,0) -> 0 | U17: =VLOOKUP(C17,'[1]6月汇总'!$C:$F,4,0) -> 0 | V17: =SUM(S17:U17) -> 4 | W17: =VLOOKUP(C17,[2]两年对比终版!$A:$N,14,0) -> 77 | X17: =V17/R17 -> 0.03960396 | Y17: 2153 | Z17: 74.2762 | AA17: =VLOOKUP(C17,'[1]5月25-5月31日汇总'!$C:$G,5,0) -> 0 | AB17: =VLOOKUP(C17,'[1]6月汇总'!$C:$G,5,0) -> 0 | AC17: =SUM(Z17:AB17) -> 74.2762 | AD17: =VLOOKUP(C17,[2]两年对比终版!$A:$Q,17,0) -> 1734.6186 | AE17: =AC17/Y17 -> 0.034498932 | AF17: 101 | AG17: 28 | AH17: =VLOOKUP(C17,'[1]5月25-5月31日汇总'!$C:$H,6,0) -> 4 | AI17: =VLOOKUP(C17,'[1]6月汇总'!$C:$I,6,0) -> 9 | AJ17: =SUM(AG17:AI17) -> 41 | AK17: =VLOOKUP(C17,[2]两年对比终版!$A:$T,20,0) -> 25 | AL17: =AJ17/AF17 -> 0.40594059 | AM17: 2153 | AN17: 530.438 | AO17: =VLOOKUP(C17,'[1]5月25-5月31日汇总'!$C:$I,7,0) -> 80 | AP17: =VLOOKUP(C17,'[1]6月汇总'!$C:$I,7,0) -> 180 | AQ17: =SUM(AN17:AP17) -> 790.438 | AR17: =VLOOKUP(C17,[2]两年对比终版!$A:$X,23,0) -> 619.60194 | AS17: =AQ17/AM17 -> 0.3671333 | AT17: 2045 | AU17: 478.41 | AX17: =SUM(AU17:AW17) -> 478.41 | AY17: =VLOOKUP(C17,[2]两年对比终版!$A:$AD,30,0) -> 1226.4742 | AZ17: =AX17/AT17 -> 0.23394132
A18: 13 | B18: A | C18: 新加坡HDB | D18: 566 | E18: 243 | F18: =VLOOKUP(C18,'[1]5月25-5月31日汇总'!$C:$D,2,0) -> 75 | G18: =VLOOKUP(C18,'[1]6月汇总'!$C:$D,2,0) -> 49 | H18: =SUM(E18:G18) -> 367 | I18: =VLOOKUP(C18,[2]两年对比终版!$A:$C,3,0) -> 260 | J18: =H18/D18 -> 0.64840989 | K18: 20400 | L18: 5502.59 | M18: =VLOOKUP(C18,'[1]5月25-5月31日汇总'!$C:$E,3,0) -> 2600 | N18: =VLOOKUP(C18,'[1]6月汇总'!$C:$E,3,0) -> 1010 | O18: =SUM(L18:N18) -> 9112.59 | P18: =VLOOKUP(C18,[2]两年对比终版!$A:$F,6,0) -> 5925.604 | Q18: =O18/K18 -> 0.44669559 | R18: 260 | S18: 140 | T18: =VLOOKUP(C18,'[1]5月25-5月31日汇总'!$C:$F,4,0) -> 0 | U18: =VLOOKUP(C18,'[1]6月汇总'!$C:$F,4,0) -> 10 | V18: =SUM(S18:U18) -> 150 | W18: =VLOOKUP(C18,[2]两年对比终版!$A:$N,14,0) -> 106 | X18: =V18/R18 -> 0.57692308 | Y18: 8500 | Z18: 6203.39 | AA18: =VLOOKUP(C18,'[1]5月25-5月31日汇总'!$C:$G,5,0) -> 0 | AB18: =VLOOKUP(C18,'[1]6月汇总'!$C:$G,5,0) -> 400 | AC18: =SUM(Z18:AB18) -> 6603.39 | AD18: =VLOOKUP(C18,[2]两年对比终版!$A:$Q,17,0) -> 3966.0716 | AE18: =AC18/Y18 -> 0.77686941 | AF18: 260 | AG18: 155 | AH18: =VLOOKUP(C18,'[1]5月25-5月31日汇总'!$C:$H,6,0) -> 3 | AI18: =VLOOKUP(C18,'[1]6月汇总'!$C:$I,6,0) -> 13 | AJ18: =SUM(AG18:AI18) -> 171 | AK18: =VLOOKUP(C18,[2]两年对比终版!$A:$T,20,0) -> 10 | AL18: =AJ18/AF18 -> 0.65769231 | AM18: 8500 | AN18: 6707.44 | AO18: =VLOOKUP(C18,'[1]5月25-5月31日汇总'!$C:$I,7,0) -> 100 | AP18: =VLOOKUP(C18,'[1]6月汇总'!$C:$I,7,0) -> 470 | AQ18: =SUM(AN18:AP18) -> 7277.44 | AR18: =VLOOKUP(C18,[2]两年对比终版!$A:$X,23,0) -> 374.14793 | AS18: =AQ18/AM18 -> 0.85616941 | AT18: 8075 | AU18: 23.4226 | AX18: =SUM(AU18:AW18) -> 23.4226 | AY18: =VLOOKUP(C18,[2]两年对比终版!$A:$AD,30,0) -> 15.197813 | AZ18: =AX18/AT18 -> 0.0029006316
A19: 14 | B19: D | C19: 泰国 | D19: 90 | E19: 25 | F19: =VLOOKUP(C19,'[1]5月25-5月31日汇总'!$C:$D,2,0) -> 3 | G19: =VLOOKUP(C19,'[1]6月汇总'!$C:$D,2,0) -> 10 | H19: =SUM(E19:G19) -> 38 | I19: =VLOOKUP(C19,[2]两年对比终版!$A:$C,3,0) -> 52 | J19: =H19/D19 -> 0.42222222 | K19: 840 | L19: 336.439 | M19: =VLOOKUP(C19,'[1]5月25-5月31日汇总'!$C:$E,3,0) -> 24 | N19: =VLOOKUP(C19,'[1]6月汇总'!$C:$E,3,0) -> 80 | O19: =SUM(L19:N19) -> 440.439 | P19: =VLOOKUP(C19,[2]两年对比终版!$A:$F,6,0) -> 517.46812 | Q19: =O19/K19 -> 0.52433214 | R19: 25 | S19: 5 | T19: =VLOOKUP(C19,'[1]5月25-5月31日汇总'!$C:$F,4,0) -> 1 | U19: =VLOOKUP(C19,'[1]6月汇总'!$C:$F,4,0) -> 2 | V19: =SUM(S19:U19) -> 8 | W19: =VLOOKUP(C19,[2]两年对比终版!$A:$N,14,0) -> 26 | X19: =V19/R19 -> 0.32 | Y19: 200 | Z19: 58.9903 | AA19: =VLOOKUP(C19,'[1]5月25-5月31日汇总'!$C:$G,5,0) -> 15.54 | AB19: =VLOOKUP(C19,'[1]6月汇总'!$C:$G,5,0) -> 18.34 | AC19: =SUM(Z19:AB19) -> 92.8703 | AD19: =VLOOKUP(C19,[2]两年对比终版!$A:$Q,17,0) -> 239.82783 | AE19: =AC19/Y19 -> 0.4643515 | AF19: 25 | AG19: 5 | AH19: =VLOOKUP(C19,'[1]5月25-5月31日汇总'!$C:$H,6,0) -> 0 | AI19: =VLOOKUP(C19,'[1]6月汇总'!$C:$I,6,0) -> 3 | AJ19: =SUM(AG19:AI19) -> 8 | AK19: =VLOOKUP(C19,[2]两年对比终版!$A:$T,20,0) -> 25 | AL19: =AJ19/AF19 -> 0.32 | AM19: 200 | AN19: 56.3121 | AO19: =VLOOKUP(C19,'[1]5月25-5月31日汇总'!$C:$I,7,0) -> 0 | AP19: =VLOOKUP(C19,'[1]6月汇总'!$C:$I,7,0) -> 37.73 | AQ19: =SUM(AN19:AP19) -> 94.0421 | AR19: =VLOOKUP(C19,[2]两年对比终版!$A:$X,23,0) -> 233.58913 | AS19: =AQ19/AM19 -> 0.4702105 | AT19: 190 | AU19: 22.5315 | AX19: =SUM(AU19:AW19) -> 22.5315 | AY19: =VLOOKUP(C19,[2]两年对比终版!$A:$AD,30,0) -> 283.50055 | AZ19: =AX19/AT19 -> 0.11858684
A20: 15 | B20: D | C20: 泰国2 | D20: 136 | E20: 49 | F20: =VLOOKUP(C20,'[1]5月25-5月31日汇总'!$C:$D,2,0) -> 2 | G20: =VLOOKUP(C20,'[1]6月汇总'!$C:$D,2,0) -> 20 | H20: =SUM(E20:G20) -> 71 | I20: =VLOOKUP(C20,[2]两年对比终版!$A:$C,3,0) -> 0 | J20: =H20/D20 -> 0.52205882 | K20: 1200 | L20: 429.24 | M20: =VLOOKUP(C20,'[1]5月25-5月31日汇总'!$C:$E,3,0) -> 13 | N20: =VLOOKUP(C20,'[1]6月汇总'!$C:$E,3,0) -> 160 | O20: =SUM(L20:N20) -> 602.24 | P20: =VLOOKUP(C20,[2]两年对比终版!$A:$F,6,0) -> 0 | Q20: =O20/K20 -> 0.50186667 | R20: 36 | S20: 12 | T20: =VLOOKUP(C20,'[1]5月25-5月31日汇总'!$C:$F,4,0) -> 0 | U20: =VLOOKUP(C20,'[1]6月汇总'!$C:$F,4,0) -> 10 | V20: =SUM(S20:U20) -> 22 | W20: =VLOOKUP(C20,[2]两年对比终版!$A:$N,14,0) -> 0 | X20: =V20/R20 -> 0.61111111 | Y20: 300 | Z20: 100.68 | AA20: =VLOOKUP(C20,'[1]5月25-5月31日汇总'!$C:$G,5,0) -> 0 | AB20: =VLOOKUP(C20,'[1]6月汇总'!$C:$G,5,0) -> 100 | AC20: =SUM(Z20:AB20) -> 200.68 | AD20: =VLOOKUP(C20,[2]两年对比终版!$A:$Q,17,0) -> 0 | AE20: =AC20/Y20 -> 0.66893333 | AF20: 36 | AG20: 9 | AH20: =VLOOKUP(C20,'[1]5月25-5月31日汇总'!$C:$H,6,0) -> 0 | AI20: =VLOOKUP(C20,'[1]6月汇总'!$C:$I,6,0) -> 5 | AJ20: =SUM(AG20:AI20) -> 14 | AK20: =VLOOKUP(C20,[2]两年对比终版!$A:$T,20,0) -> 0 | AL20: =AJ20/AF20 -> 0.38888889 | AM20: 300 | AN20: 74.13 | AO20: =VLOOKUP(C20,'[1]5月25-5月31日汇总'!$C:$I,7,0) -> 0 | AP20: =VLOOKUP(C20,'[1]6月汇总'!$C:$I,7,0) -> 40 | AQ20: =SUM(AN20:AP20) -> 114.13 | AR20: =VLOOKUP(C20,[2]两年对比终版!$A:$X,23,0) -> 0 | AS20: =AQ20/AM20 -> 0.38043333 | AT20: 285 | AU20: 106.129 | AX20: =SUM(AU20:AW20) -> 106.129 | AY20: =VLOOKUP(C20,[2]两年对比终版!$A:$AD,30,0) -> 0 | AZ20: =AX20/AT20 -> 0.37238246
A21: 16 | B21: D | C21: 金三角 | D21: 40 | E21: 5 | F21: =VLOOKUP(C21,'[1]5月25-5月31日汇总'!$C:$D,2,0) -> 0 | G21: =VLOOKUP(C21,'[1]6月汇总'!$C:$D,2,0) -> 6 | H21: =SUM(E21:G21) -> 11 | I21: =VLOOKUP(C21,[2]两年对比终版!$A:$C,3,0) -> 94 | J21: =H21/D21 -> 0.275 | K21: 200 | L21: 40.6814 | M21: =VLOOKUP(C21,'[1]5月25-5月31日汇总'!$C:$E,3,0) -> 0 | N21: =VLOOKUP(C21,'[1]6月汇总'!$C:$E,3,0) -> 30 | O21: =SUM(L21:N21) -> 70.6814 | P21: =VLOOKUP(C21,[2]两年对比终版!$A:$F,6,0) -> 1146.3367 | Q21: =O21/K21 -> 0.353407 | R21: 36 | S21: 0 | T21: =VLOOKUP(C21,'[1]5月25-5月31日汇总'!$C:$F,4,0) -> 0 | U21: =VLOOKUP(C21,'[1]6月汇总'!$C:$F,4,0) -> 0 | V21: =SUM(S21:U21) -> 0 | W21: =VLOOKUP(C21,[2]两年对比终版!$A:$N,14,0) -> 0 | X21: =V21/R21 -> 0 | Y21: 200 | Z21: 0 | AA21: =VLOOKUP(C21,'[1]5月25-5月31日汇总'!$C:$G,5,0) -> 0 | AB21: =VLOOKUP(C21,'[1]6月汇总'!$C:$G,5,0) -> 0 | AC21: =SUM(Z21:AB21) -> 0 | AD21: =VLOOKUP(C21,[2]两年对比终版!$A:$Q,17,0) -> 0 | AE21: =AC21/Y21 -> 0 | AF21: 36 | AG21: 0 | AH21: =VLOOKUP(C21,'[1]5月25-5月31日汇总'!$C:$H,6,0) -> 0 | AI21: =VLOOKUP(C21,'[1]6月汇总'!$C:$I,6,0) -> 0 | AJ21: =SUM(AG21:AI21) -> 0 | AK21: =VLOOKUP(C21,[2]两年对比终版!$A:$T,20,0) -> 0 | AL21: =AJ21/AF21 -> 0 | AM21: 200 | AN21: 0 | AO21: =VLOOKUP(C21,'[1]5月25-5月31日汇总'!$C:$I,7,0) -> 0 | AP21: =VLOOKUP(C21,'[1]6月汇总'!$C:$I,7,0) -> 0 | AQ21: =SUM(AN21:AP21) -> 0 | AR21: =VLOOKUP(C21,[2]两年对比终版!$A:$X,23,0) -> 0 | AS21: =AQ21/AM21 -> 0 | AT21: 190 | AU21: 0 | AX21: =SUM(AU21:AW21) -> 0 | AY21: =VLOOKUP(C21,[2]两年对比终版!$A:$AD,30,0) -> 0 | AZ21: =AX21/AT21 -> 0
A22: 17 | B22: B | C22: 马来西亚 | D22: 109 | E22: 48 | F22: =VLOOKUP(C22,'[1]5月25-5月31日汇总'!$C:$D,2,0) -> 0 | G22: =VLOOKUP(C22,'[1]6月汇总'!$C:$D,2,0) -> 2 | H22: =SUM(E22:G22) -> 50 | I22: =VLOOKUP(C22,[2]两年对比终版!$A:$C,3,0) -> 66 | J22: =H22/D22 -> 0.4587156 | K22: 900 | L22: 788.548 | M22: =VLOOKUP(C22,'[1]5月25-5月31日汇总'!$C:$E,3,0) -> 0 | N22: =VLOOKUP(C22,'[1]6月汇总'!$C:$E,3,0) -> 47 | O22: =SUM(L22:N22) -> 835.548 | P22: =VLOOKUP(C22,[2]两年对比终版!$A:$F,6,0) -> 1463.75 | Q22: =O22/K22 -> 0.92838667 | R22: 61 | S22: 19 | T22: =VLOOKUP(C22,'[1]5月25-5月31日汇总'!$C:$F,4,0) -> 0 | U22: =VLOOKUP(C22,'[1]6月汇总'!$C:$F,4,0) -> 9 | V22: =SUM(S22:U22) -> 28 | W22: =VLOOKUP(C22,[2]两年对比终版!$A:$N,14,0) -> 16 | X22: =V22/R22 -> 0.45901639 | Y22: 521 | Z22: 403.57 | AA22: =VLOOKUP(C22,'[1]5月25-5月31日汇总'!$C:$G,5,0) -> 0 | AB22: =VLOOKUP(C22,'[1]6月汇总'!$C:$G,5,0) -> 200 | AC22: =SUM(Z22:AB22) -> 603.57 | AD22: =VLOOKUP(C22,[2]两年对比终版!$A:$Q,17,0) -> 132.085 | AE22: =AC22/Y22 -> 1.1584837 | AF22: 61 | AG22: 16 | AH22: =VLOOKUP(C22,'[1]5月25-5月31日汇总'!$C:$H,6,0) -> 0 | AI22: =VLOOKUP(C22,'[1]6月汇总'!$C:$I,6,0) -> 12 | AJ22: =SUM(AG22:AI22) -> 28 | AK22: =VLOOKUP(C22,[2]两年对比终版!$A:$T,20,0) -> 17 | AL22: =AJ22/AF22 -> 0.45901639 | AM22: 521 | AN22: 246.33 | AO22: =VLOOKUP(C22,'[1]5月25-5月31日汇总'!$C:$I,7,0) -> 0 | AP22: =VLOOKUP(C22,'[1]6月汇总'!$C:$I,7,0) -> 260 | AQ22: =SUM(AN22:AP22) -> 506.33 | AR22: =VLOOKUP(C22,[2]两年对比终版!$A:$X,23,0) -> 140.475 | AS22: =AQ22/AM22 -> 0.97184261 | AT22: 495 | AU22: 71.5871 | AX22: =SUM(AU22:AW22) -> 71.5871 | AY22: =VLOOKUP(C22,[2]两年对比终版!$A:$AD,30,0) -> 225.57303 | AZ22: =AX22/AT22 -> 0.1446204
A23: 18 | B23: D | C23: 马尔代夫 | D23: 36 | E23: 29 | F23: =VLOOKUP(C23,'[1]5月25-5月31日汇总'!$C:$D,2,0) -> 0 | G23: =VLOOKUP(C23,'[1]6月汇总'!$C:$D,2,0) -> 4 | H23: =SUM(E23:G23) -> 33 | I23: =VLOOKUP(C23,[2]两年对比终版!$A:$C,3,0) -> 37 | J23: =H23/D23 -> 0.91666667 | K23: 630 | L23: 334.054 | M23: =VLOOKUP(C23,'[1]5月25-5月31日汇总'!$C:$E,3,0) -> 0 | N23: =VLOOKUP(C23,'[1]6月汇总'!$C:$E,3,0) -> 40 | O23: =SUM(L23:N23) -> 374.054 | P23: =VLOOKUP(C23,[2]两年对比终版!$A:$F,6,0) -> 543.86292 | Q23: =O23/K23 -> 0.59373651 | R23: 17 | S23: 6 | T23: =VLOOKUP(C23,'[1]5月25-5月31日汇总'!$C:$F,4,0) -> 0 | U23: =VLOOKUP(C23,'[1]6月汇总'!$C:$F,4,0) -> 2 | V23: =SUM(S23:U23) -> 8 | W23: =VLOOKUP(C23,[2]两年对比终版!$A:$N,14,0) -> 7 | X23: =V23/R23 -> 0.47058824 | Y23: 264.163 | Z23: 61.2354 | AA23: =VLOOKUP(C23,'[1]5月25-5月31日汇总'!$C:$G,5,0) -> 0 | AB23: =VLOOKUP(C23,'[1]6月汇总'!$C:$G,5,0) -> 20 | AC23: =SUM(Z23:AB23) -> 81.2354 | AD23: =VLOOKUP(C23,[2]两年对比终版!$A:$Q,17,0) -> 96.411317 | AE23: =AC23/Y23 -> 0.30751998 | AF23: 17 | AG23: 3 | AH23: =VLOOKUP(C23,'[1]5月25-5月31日汇总'!$C:$H,6,0) -> 1 | AI23: =VLOOKUP(C23,'[1]6月汇总'!$C:$I,6,0) -> 4 | AJ23: =SUM(AG23:AI23) -> 8 | AK23: =VLOOKUP(C23,[2]两年对比终版!$A:$T,20,0) -> 16 | AL23: =AJ23/AF23 -> 0.47058824 | AM23: 264.163 | AN23: 30.5291 | AO23: =VLOOKUP(C23,'[1]5月25-5月31日汇总'!$C:$I,7,0) -> 12 | AP23: =VLOOKUP(C23,'[1]6月汇总'!$C:$I,7,0) -> 30 | AQ23: =SUM(AN23:AP23) -> 72.5291 | AR23: =VLOOKUP(C23,[2]两年对比终版!$A:$X,23,0) -> 3354.156 | AS23: =AQ23/AM23 -> 0.27456192 | AT23: 251 | AU23: 38.246 | AX23: =SUM(AU23:AW23) -> 38.246 | AY23: =VLOOKUP(C23,[2]两年对比终版!$A:$AD,30,0) -> 3983.1595 | AZ23: =AX23/AT23 -> 0.1523745
A24: 19 | B24: D | C24: 香港-台湾 | D24: 20 | E24: 8 | F24: =VLOOKUP(C24,'[1]5月25-5月31日汇总'!$C:$D,2,0) -> 0 | G24: =VLOOKUP(C24,'[1]6月汇总'!$C:$D,2,0) -> 10 | H24: =SUM(E24:G24) -> 18 | I24: =VLOOKUP(C24,[2]两年对比终版!$A:$C,3,0) -> 0 | J24: =H24/D24 -> 0.9 | K24: 200 | L24: 50.38 | M24: =VLOOKUP(C24,'[1]5月25-5月31日汇总'!$C:$E,3,0) -> 0 | N24: =VLOOKUP(C24,'[1]6月汇总'!$C:$E,3,0) -> 50 | O24: =SUM(L24:N24) -> 100.38 | P24: =VLOOKUP(C24,[2]两年对比终版!$A:$F,6,0) -> 0 | Q24: =O24/K24 -> 0.5019 | R24: 15 | S24: 0 | T24: =VLOOKUP(C24,'[1]5月25-5月31日汇总'!$C:$F,4,0) -> 0 | U24: =VLOOKUP(C24,'[1]6月汇总'!$C:$F,4,0) -> 0 | V24: =SUM(S24:U24) -> 0 | W24: =VLOOKUP(C24,[2]两年对比终版!$A:$N,14,0) -> 0 | X24: =V24/R24 -> 0 | Y24: 200 | Z24: 0 | AA24: =VLOOKUP(C24,'[1]5月25-5月31日汇总'!$C:$G,5,0) -> 0 | AB24: =VLOOKUP(C24,'[1]6月汇总'!$C:$G,5,0) -> 0 | AC24: =SUM(Z24:AB24) -> 0 | AD24: =VLOOKUP(C24,[2]两年对比终版!$A:$Q,17,0) -> 0 | AE24: =AC24/Y24 -> 0 | AF24: 15 | AG24: 0 | AH24: =VLOOKUP(C24,'[1]5月25-5月31日汇总'!$C:$H,6,0) -> 0 | AI24: =VLOOKUP(C24,'[1]6月汇总'!$C:$I,6,0) -> 0 | AJ24: =SUM(AG24:AI24) -> 0 | AK24: =VLOOKUP(C24,[2]两年对比终版!$A:$T,20,0) -> 0 | AL24: =AJ24/AF24 -> 0 | AM24: 200 | AN24: 0 | AO24: =VLOOKUP(C24,'[1]5月25-5月31日汇总'!$C:$I,7,0) -> 0 | AP24: =VLOOKUP(C24,'[1]6月汇总'!$C:$I,7,0) -> 0 | AQ24: =SUM(AN24:AP24) -> 0 | AR24: =VLOOKUP(C24,[2]两年对比终版!$A:$X,23,0) -> 0 | AS24: =AQ24/AM24 -> 0 | AT24: 190 | AU24: 0 | AX24: =SUM(AU24:AW24) -> 0 | AY24: =VLOOKUP(C24,[2]两年对比终版!$A:$AD,30,0) -> 0 | AZ24: =AX24/AT24 -> 0
A25: 亚洲1合计 | D25: =SUM(D16:D24) -> 1328 | E25: =SUM(E16:E24) -> 508 | F25: =SUM(F16:F24) -> 100 | G25: =SUM(G16:G24) -> 158 | H25: =SUM(H16:H24) -> 766 | I25: =SUM(I16:I24) -> 740 | J25: =H25/D25 -> 0.57680723 | K25: =SUM(K16:K24) -> 31010 | L25: =SUM(L16:L24) -> 9415.4924 | M25: =SUM(M16:M24) -> 3637 | N25: =SUM(N16:N24) -> 2425 | O25: =SUM(O16:O24) -> 15477.492 | P25: =SUM(P16:P24) -> 14019.692 | Q25: =O25/K25 -> 0.49911294 | R25: =SUM(R16:R24) -> 583 | S25: =SUM(S16:S24) -> 190 | T25: =SUM(T16:T24) -> 1 | U25: =SUM(U16:U24) -> 41 | V25: =SUM(V16:V24) -> 232 | W25: =SUM(W16:W24) -> 233 | X25: =V25/R25 -> 0.39794168 | Y25: =SUM(Y16:Y24) -> 12602.326 | Z25: =SUM(Z16:Z24) -> 6938.3419 | AA25: =SUM(AA16:AA24) -> 15.54 | AB25: =SUM(AB16:AB24) -> 786.34 | AC25: =SUM(AC16:AC24) -> 7740.2219 | AD25: =SUM(AD16:AD24) -> 6176.6144 | AE25: =AC25/Y25 -> 0.61418994 | AF25: =SUM(AF16:AF24) -> 583 | AG25: =SUM(AG16:AG24) -> 222 | AH25: =SUM(AH16:AH24) -> 8 | AI25: =SUM(AI16:AI24) -> 52 | AJ25: =SUM(AJ16:AJ24) -> 282 | AK25: =SUM(AK16:AK24) -> 94 | AL25: =AJ25/AF25 -> 0.48370497 | AM25: =SUM(AM16:AM24) -> 12602.326 | AN25: =SUM(AN16:AN24) -> 7700.6663 | AO25: =SUM(AO16:AO24) -> 192 | AP25: =SUM(AP16:AP24) -> 1077.73 | AQ25: =SUM(AQ16:AQ24) -> 8970.3963 | AR25: =SUM(AR16:AR24) -> 4729.57 | AS25: =AQ25/AM25 -> 0.71180481 | AT25: =SUM(AT16:AT24) -> 11972 | AU25: =SUM(AU16:AU24) -> 745.1262 | AV25: =SUM(AV16:AV24) -> 0 | AW25: =SUM(AW16:AW24) -> 0 | AX25: =SUM(AX16:AX24) -> 745.1262 | AY25: =SUM(AY16:AY24) -> 5741.5051 | AZ25: =AX25/AT25 -> 0.062239075
A26: 20 | B26: C | C26: 越南-2 | D26: 235 | E26: 76 | F26: =VLOOKUP(C26,'[1]5月25-5月31日汇总'!$C:$D,2,0) -> 0 | G26: =VLOOKUP(C26,'[1]6月汇总'!$C:$D,2,0) -> 12 | H26: =SUM(E26:G26) -> 88 | I26: =VLOOKUP(C26,[2]两年对比终版!$A:$C,3,0) -> 52 | J26: =H26/D26 -> 0.37446809 | K26: 1673.35 | L26: 520.729 | M26: =VLOOKUP(C26,'[1]5月25-5月31日汇总'!$C:$E,3,0) -> 0 | N26: =VLOOKUP(C26,'[1]6月汇总'!$C:$E,3,0) -> 60 | O26: =SUM(L26:N26) -> 580.729 | P26: =VLOOKUP(C26,[2]两年对比终版!$A:$F,6,0) -> 393.58625 | Q26: =O26/K26 -> 0.34704575 | R26: 63 | S26: 12 | T26: =VLOOKUP(C26,'[1]5月25-5月31日汇总'!$C:$F,4,0) -> 0 | U26: =VLOOKUP(C26,'[1]6月汇总'!$C:$F,4,0) -> 6 | V26: =SUM(S26:U26) -> 18 | W26: =VLOOKUP(C26,[2]两年对比终版!$A:$N,14,0) -> 22 | X26: =V26/R26 -> 0.28571429 | Y26: 683 | Z26: 65.701 | AA26: =VLOOKUP(C26,'[1]5月25-5月31日汇总'!$C:$G,5,0) -> 0 | AB26: =VLOOKUP(C26,'[1]6月汇总'!$C:$G,5,0) -> 30 | AC26: =SUM(Z26:AB26) -> 95.701 | AD26: =VLOOKUP(C26,[2]两年对比终版!$A:$Q,17,0) -> 178.45729 | AE26: =AC26/Y26 -> 0.14011859 | AF26: 63 | AG26: 14 | AH26: =VLOOKUP(C26,'[1]5月25-5月31日汇总'!$C:$H,6,0) -> 2 | AI26: =VLOOKUP(C26,'[1]6月汇总'!$C:$I,6,0) -> 2 | AJ26: =SUM(AG26:AI26) -> 18 | AK26: =VLOOKUP(C26,[2]两年对比终版!$A:$T,20,0) -> 29 | AL26: =AJ26/AF26 -> 0.28571429 | AM26: 683 | AN26: 90.6057 | AO26: =VLOOKUP(C26,'[1]5月25-5月31日汇总'!$C:$I,7,0) -> 12.24 | AP26: =VLOOKUP(C26,'[1]6月汇总'!$C:$I,7,0) -> 10 | AQ26: =SUM(AN26:AP26) -> 112.8457 | AR26: =VLOOKUP(C26,[2]两年对比终版!$A:$X,23,0) -> 228.72333 | AS26: =AQ26/AM26 -> 0.16522064 | AT26: 649 | AU26: 53.013 | AX26: =SUM(AU26:AW26) -> 53.013 | AY26: =VLOOKUP(C26,[2]两年对比终版!$A:$AD,30,0) -> 218.19091 | AZ26: =AX26/AT26 -> 0.081684129
A27: 21 | B27: B | C27: 印度公建 | D27: 66 | E27: 14 | F27: =VLOOKUP(C27,'[1]5月25-5月31日汇总'!$C:$D,2,0) -> 2 | G27: =VLOOKUP(C27,'[1]6月汇总'!$C:$D,2,0) -> 3 | H27: =SUM(E27:G27) -> 19 | I27: =VLOOKUP(C27,[2]两年对比终版!$A:$C,3,0) -> 23 | J27: =H27/D27 -> 0.28787879 | K27: 930 | L27: 287.013 | M27: =VLOOKUP(C27,'[1]5月25-5月31日汇总'!$C:$E,3,0) -> 26.96 | N27: =VLOOKUP(C27,'[1]6月汇总'!$C:$E,3,0) -> 80.88 | O27: =SUM(L27:N27) -> 394.853 | P27: =VLOOKUP(C27,[2]两年对比终版!$A:$F,6,0) -> 773.87896 | Q27: =O27/K27 -> 0.42457312 | R27: 27 | S27: 6 | T27: =VLOOKUP(C27,'[1]5月25-5月31日汇总'!$C:$F,4,0) -> 1 | U27: =VLOOKUP(C27,'[1]6月汇总'!$C:$F,4,0) -> 2 | V27: =SUM(S27:U27) -> 9 | W27: =VLOOKUP(C27,[2]两年对比终版!$A:$N,14,0) -> 3 | X27: =V27/R27 -> 0.33333333 | Y27: 396.245 | Z27: 68.5136 | AA27: =VLOOKUP(C27,'[1]5月25-5月31日汇总'!$C:$G,5,0) -> 31.5 | AB27: =VLOOKUP(C27,'[1]6月汇总'!$C:$G,5,0) -> 26.86 | AC27: =SUM(Z27:AB27) -> 126.8736 | AD27: =VLOOKUP(C27,[2]两年对比终版!$A:$Q,17,0) -> 44.012007 | AE27: =AC27/Y27 -> 0.32018978 | AF27: 27 | AG27: 5 | AH27: =VLOOKUP(C27,'[1]5月25-5月31日汇总'!$C:$H,6,0) -> 0 | AI27: =VLOOKUP(C27,'[1]6月汇总'!$C:$I,6,0) -> 5 | AJ27: =SUM(AG27:AI27) -> 10 | AK27: =VLOOKUP(C27,[2]两年对比终版!$A:$T,20,0) -> 0 | AL27: =AJ27/AF27 -> 0.37037037 | AM27: 396.245 | AN27: 78.4854 | AO27: =VLOOKUP(C27,'[1]5月25-5月31日汇总'!$C:$I,7,0) -> 0 | AP27: =VLOOKUP(C27,'[1]6月汇总'!$C:$I,7,0) -> 90.170706 | AQ27: =SUM(AN27:AP27) -> 168.65611 | AR27: =VLOOKUP(C27,[2]两年对比终版!$A:$X,23,0) -> 0 | AS27: =AQ27/AM27 -> 0.42563592 | AT27: 376 | AU27: 6.95685 | AX27: =SUM(AU27:AW27) -> 6.95685 | AY27: =VLOOKUP(C27,[2]两年对比终版!$A:$AD,30,0) -> 1159.2175 | AZ27: =AX27/AT27 -> 0.018502261
A28: 22 | B28: D | C28: 巴基斯坦 | D28: 87 | E28: 32 | F28: =VLOOKUP(C28,'[1]5月25-5月31日汇总'!$C:$D,2,0) -> 0 | G28: =VLOOKUP(C28,'[1]6月汇总'!$C:$D,2,0) -> 6 | H28: =SUM(E28:G28) -> 38 | I28: =VLOOKUP(C28,[2]两年对比终版!$A:$C,3,0) -> 8 | J28: =H28/D28 -> 0.43678161 | K28: 688 | L28: 255.136 | M28: =VLOOKUP(C28,'[1]5月25-5月31日汇总'!$C:$E,3,0) -> 0 | N28: =VLOOKUP(C28,'[1]6月汇总'!$C:$E,3,0) -> 44.88 | O28: =SUM(L28:N28) -> 300.016 | P28: =VLOOKUP(C28,[2]两年对比终版!$A:$F,6,0) -> 74.024224 | Q28: =O28/K28 -> 0.43606977 | R28: 32 | S28: 4 | T28: =VLOOKUP(C28,'[1]5月25-5月31日汇总'!$C:$F,4,0) -> 0 | U28: =VLOOKUP(C28,'[1]6月汇总'!$C:$F,4,0) -> 2 | V28: =SUM(S28:U28) -> 6 | W28: =VLOOKUP(C28,[2]两年对比终版!$A:$N,14,0) -> 2 | X28: =V28/R28 -> 0.1875 | Y28: 265 | Z28: 23.2504 | AA28: =VLOOKUP(C28,'[1]5月25-5月31日汇总'!$C:$G,5,0) -> 0 | AB28: =VLOOKUP(C28,'[1]6月汇总'!$C:$G,5,0) -> 14.96 | AC28: =SUM(Z28:AB28) -> 38.2104 | AD28: =VLOOKUP(C28,[2]两年对比终版!$A:$Q,17,0) -> 6.912768 | AE28: =AC28/Y28 -> 0.14419019 | AF28: 32 | AG28: 6 | AH28: =VLOOKUP(C28,'[1]5月25-5月31日汇总'!$C:$H,6,0) -> 1 | AI28: =VLOOKUP(C28,'[1]6月汇总'!$C:$I,6,0) -> 2 | AJ28: =SUM(AG28:AI28) -> 9 | AK28: =VLOOKUP(C28,[2]两年对比终版!$A:$T,20,0) -> 0 | AL28: =AJ28/AF28 -> 0.28125 | AM28: 265 | AN28: 45.7169 | AO28: =VLOOKUP(C28,'[1]5月25-5月31日汇总'!$C:$I,7,0) -> 7.75 | AP28: =VLOOKUP(C28,'[1]6月汇总'!$C:$I,7,0) -> 14.96 | AQ28: =SUM(AN28:AP28) -> 68.4269 | AR28: =VLOOKUP(C28,[2]两年对比终版!$A:$X,23,0) -> 0 | AS28: =AQ28/AM28 -> 0.25821472 | AT28: 252 | AU28: 21.3624 | AX28: =SUM(AU28:AW28) -> 21.3624 | AY28: =VLOOKUP(C28,[2]两年对比终版!$A:$AD,30,0) -> 0 | AZ28: =AX28/AT28 -> 0.084771429
A29: 23 | B29: B | C29: 孟加拉-1 | D29: 238 | E29: 43 | F29: =VLOOKUP(C29,'[1]5月25-5月31日汇总'!$C:$D,2,0) -> 17 | G29: =VLOOKUP(C29,'[1]6月汇总'!$C:$D,2,0) -> 35 | H29: =SUM(E29:G29) -> 95 | I29: =VLOOKUP(C29,[2]两年对比终版!$A:$C,3,0) -> 128 | J29: =H29/D29 -> 0.39915966 | K29: 1768.9 | L29: 443.528 | M29: =VLOOKUP(C29,'[1]5月25-5月31日汇总'!$C:$E,3,0) -> 136.68 | N29: =VLOOKUP(C29,'[1]6月汇总'!$C:$E,3,0) -> 293.12 | O29: =SUM(L29:N29) -> 873.328 | P29: =VLOOKUP(C29,[2]两年对比终版!$A:$F,6,0) -> 1268.9125 | Q29: =O29/K29 -> 0.49371248 | R29: 73 | S29: 16 | T29: =VLOOKUP(C29,'[1]5月25-5月31日汇总'!$C:$F,4,0) -> 4 | U29: =VLOOKUP(C29,'[1]6月汇总'!$C:$F,4,0) -> 5 | V29: =SUM(S29:U29) -> 25 | W29: =VLOOKUP(C29,[2]两年对比终版!$A:$N,14,0) -> 27 | X29: =V29/R29 -> 0.34246575 | Y29: 722 | Z29: 129.646 | AA29: =VLOOKUP(C29,'[1]5月25-5月31日汇总'!$C:$G,5,0) -> 29.07 | AB29: =VLOOKUP(C29,'[1]6月汇总'!$C:$G,5,0) -> 36.85 | AC29: =SUM(Z29:AB29) -> 195.566 | AD29: =VLOOKUP(C29,[2]两年对比终版!$A:$Q,17,0) -> 224.14553 | AE29: =AC29/Y29 -> 0.27086704 | AF29: 73 | AG29: 16 | AH29: =VLOOKUP(C29,'[1]5月25-5月31日汇总'!$C:$H,6,0) -> 1 | AI29: =VLOOKUP(C29,'[1]6月汇总'!$C:$I,6,0) -> 4 | AJ29: =SUM(AG29:AI29) -> 21 | AK29: =VLOOKUP(C29,[2]两年对比终版!$A:$T,20,0) -> 20 | AL29: =AJ29/AF29 -> 0.28767123 | AM29: 722 | AN29: 129.688 | AO29: =VLOOKUP(C29,'[1]5月25-5月31日汇总'!$C:$I,7,0) -> 7.16 | AP29: =VLOOKUP(C29,'[1]6月汇总'!$C:$I,7,0) -> 29.07 | AQ29: =SUM(AN29:AP29) -> 165.918 | AR29: =VLOOKUP(C29,[2]两年对比终版!$A:$X,23,0) -> 167.86765 | AS29: =AQ29/AM29 -> 0.22980332 | AT29: 686 | AU29: 29.6454 | AX29: =SUM(AU29:AW29) -> 29.6454 | AY29: =VLOOKUP(C29,[2]两年对比终版!$A:$AD,30,0) -> 153.92602 | AZ29: =AX29/AT29 -> 0.043214869
A30: 24 | B30: C | C30: 澳大利亚 | D30: 136 | E30: 23 | F30: =VLOOKUP(C30,'[1]5月25-5月31日汇总'!$C:$D,2,0) -> 1 | G30: =VLOOKUP(C30,'[1]6月汇总'!$C:$D,2,0) -> 5 | H30: =SUM(E30:G30) -> 29 | I30: =VLOOKUP(C30,[2]两年对比终版!$A:$C,3,0) -> 39 | J30: =H30/D30 -> 0.21323529 | K30: 964 | L30: 320.911 | M30: =VLOOKUP(C30,'[1]5月25-5月31日汇总'!$C:$E,3,0) -> 11.42 | N30: =VLOOKUP(C30,'[1]6月汇总'!$C:$E,3,0) -> 80 | O30: =SUM(L30:N30) -> 412.331 | P30: =VLOOKUP(C30,[2]两年对比终版!$A:$F,6,0) -> 592.24855 | Q30: =O30/K30 -> 0.42772925 | R30: 32 | S30: 8 | T30: =VLOOKUP(C30,'[1]5月25-5月31日汇总'!$C:$F,4,0) -> 1 | U30: =VLOOKUP(C30,'[1]6月汇总'!$C:$F,4,0) -> 3 | V30: =SUM(S30:U30) -> 12 | W30: =VLOOKUP(C30,[2]两年对比终版!$A:$N,14,0) -> 2 | X30: =V30/R30 -> 0.375 | Y30: 380 | Z30: 88.3023 | AA30: =VLOOKUP(C30,'[1]5月25-5月31日汇总'!$C:$G,5,0) -> 11.42 | AB30: =VLOOKUP(C30,'[1]6月汇总'!$C:$G,5,0) -> 30 | AC30: =SUM(Z30:AB30) -> 129.7223 | AD30: =VLOOKUP(C30,[2]两年对比终版!$A:$Q,17,0) -> 29.534539 | AE30: =AC30/Y30 -> 0.34137447 | AF30: 32 | AG30: 3 | AH30: =VLOOKUP(C30,'[1]5月25-5月31日汇总'!$C:$H,6,0) -> 4 | AI30: =VLOOKUP(C30,'[1]6月汇总'!$C:$I,6,0) -> 4 | AJ30: =SUM(AG30:AI30) -> 11 | AK30: =VLOOKUP(C30,[2]两年对比终版!$A:$T,20,0) -> 9 | AL30: =AJ30/AF30 -> 0.34375 | AM30: 380 | AN30: 53.7101 | AO30: =VLOOKUP(C30,'[1]5月25-5月31日汇总'!$C:$I,7,0) -> 24.43 | AP30: =VLOOKUP(C30,'[1]6月汇总'!$C:$I,7,0) -> 40 | AQ30: =SUM(AN30:AP30) -> 118.1401 | AR30: =VLOOKUP(C30,[2]两年对比终版!$A:$X,23,0) -> 179.53971 | AS30: =AQ30/AM30 -> 0.310895 | AT30: 360 | AU30: 28.2947 | AX30: =SUM(AU30:AW30) -> 28.2947 | AY30: =VLOOKUP(C30,[2]两年对比终版!$A:$AD,30,0) -> 245.62006 | AZ30: =AX30/AT30 -> 0.078596389
A31: 25 | B31: C | C31: 菲律宾 | D31: 69 | E31: 26 | F31: =VLOOKUP(C31,'[1]5月25-5月31日汇总'!$C:$D,2,0) -> 0 | G31: =VLOOKUP(C31,'[1]6月汇总'!$C:$D,2,0) -> 9 | H31: =SUM(E31:G31) -> 35 | I31: =VLOOKUP(C31,[2]两年对比终版!$A:$C,3,0) -> 0 | J31: =H31/D31 -> 0.50724638 | K31: 710 | L31: 214.36 | M31: =VLOOKUP(C31,'[1]5月25-5月31日汇总'!$C:$E,3,0) -> 0 | N31: =VLOOKUP(C31,'[1]6月汇总'!$C:$E,3,0) -> 100 | O31: =SUM(L31:N31) -> 314.36 | P31: =VLOOKUP(C31,[2]两年对比终版!$A:$F,6,0) -> 0 | Q31: =O31/K31 -> 0.44276056 | R31: 27 | S31: 0 | T31: =VLOOKUP(C31,'[1]5月25-5月31日汇总'!$C:$F,4,0) -> 0 | U31: =VLOOKUP(C31,'[1]6月汇总'!$C:$F,4,0) -> 0 | V31: =SUM(S31:U31) -> 0 | W31: =VLOOKUP(C31,[2]两年对比终版!$A:$N,14,0) -> 0 | X31: =V31/R31 -> 0 | Y31: 350 | Z31: 0 | AA31: =VLOOKUP(C31,'[1]5月25-5月31日汇总'!$C:$G,5,0) -> 0 | AB31: =VLOOKUP(C31,'[1]6月汇总'!$C:$G,5,0) -> 0 | AC31: =SUM(Z31:AB31) -> 0 | AD31: =VLOOKUP(C31,[2]两年对比终版!$A:$Q,17,0) -> 0 | AE31: =AC31/Y31 -> 0 | AF31: 27 | AG31: 0 | AH31: =VLOOKUP(C31,'[1]5月25-5月31日汇总'!$C:$H,6,0) -> 0 | AI31: =VLOOKUP(C31,'[1]6月汇总'!$C:$I,6,0) -> 0 | AJ31: =SUM(AG31:AI31) -> 0 | AK31: =VLOOKUP(C31,[2]两年对比终版!$A:$T,20,0) -> 0 | AL31: =AJ31/AF31 -> 0 | AM31: 350 | AN31: 0 | AO31: =VLOOKUP(C31,'[1]5月25-5月31日汇总'!$C:$I,7,0) -> 0 | AP31: =VLOOKUP(C31,'[1]6月汇总'!$C:$I,7,0) -> 0 | AQ31: =SUM(AN31:AP31) -> 0 | AR31: =VLOOKUP(C31,[2]两年对比终版!$A:$X,23,0) -> 0 | AS31: =AQ31/AM31 -> 0 | AT31: 333 | AU31: 0 | AX31: =SUM(AU31:AW31) -> 0 | AY31: =VLOOKUP(C31,[2]两年对比终版!$A:$AD,30,0) -> 0 | AZ31: =AX31/AT31 -> 0
A32: 26 | B32: C | C32: 印尼-1 | D32: 263 | E32: 48 | F32: =VLOOKUP(C32,'[1]5月25-5月31日汇总'!$C:$D,2,0) -> 0 | G32: =VLOOKUP(C32,'[1]6月汇总'!$C:$D,2,0) -> 11 | H32: =SUM(E32:G32) -> 59 | I32: =VLOOKUP(C32,[2]两年对比终版!$A:$C,3,0) -> 97 | J32: =H32/D32 -> 0.2243346 | K32: 1640 | L32: 499.416 | M32: =VLOOKUP(C32,'[1]5月25-5月31日汇总'!$C:$E,3,0) -> 0 | N32: =VLOOKUP(C32,'[1]6月汇总'!$C:$E,3,0) -> 160 | O32: =SUM(L32:N32) -> 659.416 | P32: =VLOOKUP(C32,[2]两年对比终版!$A:$F,6,0) -> 1049.8087 | Q32: =O32/K32 -> 0.40208293 | R32: 42 | S32: 8 | T32: =VLOOKUP(C32,'[1]5月25-5月31日汇总'!$C:$F,4,0) -> 0 | U32: =VLOOKUP(C32,'[1]6月汇总'!$C:$F,4,0) -> 3 | V32: =SUM(S32:U32) -> 11 | W32: =VLOOKUP(C32,[2]两年对比终版!$A:$N,14,0) -> 1 | X32: =V32/R32 -> 0.26190476 | Y32: 400 | Z32: 77.5997 | AA32: =VLOOKUP(C32,'[1]5月25-5月31日汇总'!$C:$G,5,0) -> 0 | AB32: =VLOOKUP(C32,'[1]6月汇总'!$C:$G,5,0) -> 32 | AC32: =SUM(Z32:AB32) -> 109.5997 | AD32: =VLOOKUP(C32,[2]两年对比终版!$A:$Q,17,0) -> 7.43 | AE32: =AC32/Y32 -> 0.27399925 | AF32: 42 | AG32: 8 | AH32: =VLOOKUP(C32,'[1]5月25-5月31日汇总'!$C:$H,6,0) -> 0 | AI32: =VLOOKUP(C32,'[1]6月汇总'!$C:$I,6,0) -> 3 | AJ32: =SUM(AG32:AI32) -> 11 | AK32: =VLOOKUP(C32,[2]两年对比终版!$A:$T,20,0) -> 1 | AL32: =AJ32/AF32 -> 0.26190476 | AM32: 400 | AN32: 77.5997 | AO32: =VLOOKUP(C32,'[1]5月25-5月31日汇总'!$C:$I,7,0) -> 0 | AP32: =VLOOKUP(C32,'[1]6月汇总'!$C:$I,7,0) -> 16 | AQ32: =SUM(AN32:AP32) -> 93.5997 | AR32: =VLOOKUP(C32,[2]两年对比终版!$A:$X,23,0) -> 7.43 | AS32: =AQ32/AM32 -> 0.23399925 | AT32: 380 | AU32: 6.16148 | AX32: =SUM(AU32:AW32) -> 6.16148 | AY32: =VLOOKUP(C32,[2]两年对比终版!$A:$AD,30,0) -> 15.433404 | AZ32: =AX32/AT32 -> 0.016214421
A33: 27 | B33: B | C33: 越南-1（工厂） | D33: 148 | E33: 24 | F33: =VLOOKUP(C33,'[1]5月25-5月31日汇总'!$C:$D,2,0) -> 2 | G33: =VLOOKUP(C33,'[1]6月汇总'!$C:$D,2,0) -> 2 | H33: =SUM(E33:G33) -> 28 | I33: =VLOOKUP(C33,[2]两年对比终版!$A:$C,3,0) -> 10 | J33: =H33/D33 -> 0.18918919 | K33: 1470 | L33: 317.6 | M33: =VLOOKUP(C33,'[1]5月25-5月31日汇总'!$C:$E,3,0) -> 22.8 | N33: =VLOOKUP(C33,'[1]6月汇总'!$C:$E,3,0) -> 14 | O33: =SUM(L33:N33) -> 354.4 | P33: =VLOOKUP(C33,[2]两年对比终版!$A:$F,6,0) -> 106.42549 | Q33: =O33/K33 -> 0.24108844 | R33: 55 | S33: 11 | T33: =VLOOKUP(C33,'[1]5月25-5月31日汇总'!$C:$F,4,0) -> 2 | U33: =VLOOKUP(C33,'[1]6月汇总'!$C:$F,4,0) -> 2 | V33: =SUM(S33:U33) -> 15 | W33: =VLOOKUP(C33,[2]两年对比终版!$A:$N,14,0) -> 1 | X33: =V33/R33 -> 0.27272727 | Y33: 600 | Z33: 80.6616 | AA33: =VLOOKUP(C33,'[1]5月25-5月31日汇总'!$C:$G,5,0) -> 22.8 | AB33: =VLOOKUP(C33,'[1]6月汇总'!$C:$G,5,0) -> 14 | AC33: =SUM(Z33:AB33) -> 117.4616 | AD33: =VLOOKUP(C33,[2]两年对比终版!$A:$Q,17,0) -> 7.56084 | AE33: =AC33/Y33 -> 0.19576933 | AF33: 55 | AG33: 10 | AH33: =VLOOKUP(C33,'[1]5月25-5月31日汇总'!$C:$H,6,0) -> 0 | AI33: =VLOOKUP(C33,'[1]6月汇总'!$C:$I,6,0) -> 1 | AJ33: =SUM(AG33:AI33) -> 11 | AK33: =VLOOKUP(C33,[2]两年对比终版!$A:$T,20,0) -> 0 | AL33: =AJ33/AF33 -> 0.2 | AM33: 600 | AN33: 74.2168 | AO33: =VLOOKUP(C33,'[1]5月25-5月31日汇总'!$C:$I,7,0) -> 0 | AP33: =VLOOKUP(C33,'[1]6月汇总'!$C:$I,7,0) -> 7.21 | AQ33: =SUM(AN33:AP33) -> 81.4268 | AR33: =VLOOKUP(C33,[2]两年对比终版!$A:$X,23,0) -> 0 | AS33: =AQ33/AM33 -> 0.13571133 | AT33: 570 | AU33: 63.6724 | AX33: =SUM(AU33:AW33) -> 63.6724 | AY33: =VLOOKUP(C33,[2]两年对比终版!$A:$AD,30,0) -> 2.1891039 | AZ33: =AX33/AT33 -> 0.11170596
A34: 28 | B34: A | C34: 印度私营 | D34: 246 | E34: 88 | F34: =VLOOKUP(C34,'[1]5月25-5月31日汇总'!$C:$D,2,0) -> 3 | G34: =VLOOKUP(C34,'[1]6月汇总'!$C:$D,2,0) -> 16 | H34: =SUM(E34:G34) -> 107 | I34: =VLOOKUP(C34,[2]两年对比终版!$A:$C,3,0) -> 110 | J34: =H34/D34 -> 0.43495935 | K34: 2934 | L34: 1103.64 | M34: =VLOOKUP(C34,'[1]5月25-5月31日汇总'!$C:$E,3,0) -> 34 | N34: =VLOOKUP(C34,'[1]6月汇总'!$C:$E,3,0) -> 204.55 | O34: =SUM(L34:N34) -> 1342.19 | P34: =VLOOKUP(C34,[2]两年对比终版!$A:$F,6,0) -> 1592.6828 | Q34: =O34/K34 -> 0.4574608 | R34: 81 | S34: 24 | T34: =VLOOKUP(C34,'[1]5月25-5月31日汇总'!$C:$F,4,0) -> 1 | U34: =VLOOKUP(C34,'[1]6月汇总'!$C:$F,4,0) -> 16 | V34: =SUM(S34:U34) -> 41 | W34: =VLOOKUP(C34,[2]两年对比终版!$A:$N,14,0) -> 30 | X34: =V34/R34 -> 0.50617284 | Y34: 1600 | Z34: 274.693 | AA34: =VLOOKUP(C34,'[1]5月25-5月31日汇总'!$C:$G,5,0) -> 37.81 | AB34: =VLOOKUP(C34,'[1]6月汇总'!$C:$G,5,0) -> 204.55 | AC34: =SUM(Z34:AB34) -> 517.053 | AD34: =VLOOKUP(C34,[2]两年对比终版!$A:$Q,17,0) -> 723.49246 | AE34: =AC34/Y34 -> 0.32315813 | AF34: 81 | AG34: 6 | AH34: =VLOOKUP(C34,'[1]5月25-5月31日汇总'!$C:$H,6,0) -> 4 | AI34: =VLOOKUP(C34,'[1]6月汇总'!$C:$I,6,0) -> 9 | AJ34: =SUM(AG34:AI34) -> 19 | AK34: =VLOOKUP(C34,[2]两年对比终版!$A:$T,20,0) -> 19 | AL34: =AJ34/AF34 -> 0.2345679 | AM34: 1600 | AN34: 78.962 | AO34: =VLOOKUP(C34,'[1]5月25-5月31日汇总'!$C:$I,7,0) -> 25.91 | AP34: =VLOOKUP(C34,'[1]6月汇总'!$C:$I,7,0) -> 82.28 | AQ34: =SUM(AN34:AP34) -> 187.152 | AR34: =VLOOKUP(C34,[2]两年对比终版!$A:$X,23,0) -> 329.72867 | AS34: =AQ34/AM34 -> 0.11697 | AT34: 1520 | AU34: 11.9345 | AX34: =SUM(AU34:AW34) -> 11.9345 | AY34: =VLOOKUP(C34,[2]两年对比终版!$A:$AD,30,0) -> 534.08012 | AZ34: =AX34/AT34 -> 0.0078516447
A35: 29 | B35: C | C35: 菲律宾-2 | D35: 85 | E35: 29 | F35: =VLOOKUP(C35,'[1]5月25-5月31日汇总'!$C:$D,2,0) -> 0 | G35: =VLOOKUP(C35,'[1]6月汇总'!$C:$D,2,0) -> 8 | H35: =SUM(E35:G35) -> 37 | I35: =VLOOKUP(C35,[2]两年对比终版!$A:$C,3,0) -> 0 | J35: =H35/D35 -> 0.43529412 | K35: 650 | L35: 214.149 | M35: =VLOOKUP(C35,'[1]5月25-5月31日汇总'!$C:$E,3,0) -> 0 | N35: =VLOOKUP(C35,'[1]6月汇总'!$C:$E,3,0) -> 70 | O35: =SUM(L35:N35) -> 284.149 | P35: =VLOOKUP(C35,[2]两年对比终版!$A:$F,6,0) -> 0 | Q35: =O35/K35 -> 0.43715231 | R35: 27 | S35: 1 | T35: =VLOOKUP(C35,'[1]5月25-5月31日汇总'!$C:$F,4,0) -> 0 | U35: =VLOOKUP(C35,'[1]6月汇总'!$C:$F,4,0) -> 0 | V35: =SUM(S35:U35) -> 1 | W35: =VLOOKUP(C35,[2]两年对比终版!$A:$N,14,0) -> 0 | X35: =V35/R35 -> 0.037037037 | Y35: 350 | Z35: 15.5997 | AA35: =VLOOKUP(C35,'[1]5月25-5月31日汇总'!$C:$G,5,0) -> 0 | AB35: =VLOOKUP(C35,'[1]6月汇总'!$C:$G,5,0) -> 0 | AC35: =SUM(Z35:AB35) -> 15.5997 | AD35: =VLOOKUP(C35,[2]两年对比终版!$A:$Q,17,0) -> 0 | AE35: =AC35/Y35 -> 0.044570571 | AF35: 27 | AG35: 0 | AH35: =VLOOKUP(C35,'[1]5月25-5月31日汇总'!$C:$H,6,0) -> 0 | AI35: =VLOOKUP(C35,'[1]6月汇总'!$C:$I,6,0) -> 0 | AJ35: =SUM(AG35:AI35) -> 0 | AK35: =VLOOKUP(C35,[2]两年对比终版!$A:$T,20,0) -> 0 | AL35: =AJ35/AF35 -> 0 | AM35: 350 | AN35: 0 | AO35: =VLOOKUP(C35,'[1]5月25-5月31日汇总'!$C:$I,7,0) -> 0 | AP35: =VLOOKUP(C35,'[1]6月汇总'!$C:$I,7,0) -> 0 | AQ35: =SUM(AN35:AP35) -> 0 | AR35: =VLOOKUP(C35,[2]两年对比终版!$A:$X,23,0) -> 0 | AS35: =AQ35/AM35 -> 0 | AT35: 333 | AU35: 4.7464 | AX35: =SUM(AU35:AW35) -> 4.7464 | AY35: =VLOOKUP(C35,[2]两年对比终版!$A:$AD,30,0) -> 0 | AZ35: =AX35/AT35 -> 0.014253453
A36: 30 | B36: C | C36: 印尼-2 | D36: 250 | E36: 51 | F36: =VLOOKUP(C36,'[1]5月25-5月31日汇总'!$C:$D,2,0) -> 0 | G36: =VLOOKUP(C36,'[1]6月汇总'!$C:$D,2,0) -> 19 | H36: =SUM(E36:G36) -> 70 | I36: =VLOOKUP(C36,[2]两年对比终版!$A:$C,3,0) -> 0 | J36: =H36/D36 -> 0.28 | K36: 1700 | L36: 530.632 | M36: =VLOOKUP(C36,'[1]5月25-5月31日汇总'!$C:$E,3,0) -> 0 | N36: =VLOOKUP(C36,'[1]6月汇总'!$C:$E,3,0) -> 170 | O36: =SUM(L36:N36) -> 700.632 | P36: =VLOOKUP(C36,[2]两年对比终版!$A:$F,6,0) -> 0 | Q36: =O36/K36 -> 0.41213647 | R36: 42 | S36: 0 | T36: =VLOOKUP(C36,'[1]5月25-5月31日汇总'!$C:$F,4,0) -> 0 | U36: =VLOOKUP(C36,'[1]6月汇总'!$C:$F,4,0) -> 0 | V36: =SUM(S36:U36) -> 0 | W36: =VLOOKUP(C36,[2]两年对比终版!$A:$N,14,0) -> 0 | X36: =V36/R36 -> 0 | Y36: 400 | Z36: 0 | AA36: =VLOOKUP(C36,'[1]5月25-5月31日汇总'!$C:$G,5,0) -> 0 | AB36: =VLOOKUP(C36,'[1]6月汇总'!$C:$G,5,0) -> 0 | AC36: =SUM(Z36:AB36) -> 0 | AD36: =VLOOKUP(C36,[2]两年对比终版!$A:$Q,17,0) -> 0 | AE36: =AC36/Y36 -> 0 | AF36: 42 | AG36: 0 | AH36: =VLOOKUP(C36,'[1]5月25-5月31日汇总'!$C:$H,6,0) -> 0 | AI36: =VLOOKUP(C36,'[1]6月汇总'!$C:$I,6,0) -> 0 | AJ36: =SUM(AG36:AI36) -> 0 | AK36: =VLOOKUP(C36,[2]两年对比终版!$A:$T,20,0) -> 0 | AL36: =AJ36/AF36 -> 0 | AM36: 400 | AN36: 0 | AO36: =VLOOKUP(C36,'[1]5月25-5月31日汇总'!$C:$I,7,0) -> 0 | AP36: =VLOOKUP(C36,'[1]6月汇总'!$C:$I,7,0) -> 0 | AQ36: =SUM(AN36:AP36) -> 0 | AR36: =VLOOKUP(C36,[2]两年对比终版!$A:$X,23,0) -> 0 | AS36: =AQ36/AM36 -> 0 | AT36: 380 | AU36: 0 | AX36: =SUM(AU36:AW36) -> 0 | AY36: =VLOOKUP(C36,[2]两年对比终版!$A:$AD,30,0) -> 0 | AZ36: =AX36/AT36 -> 0
A37: 亚洲2合计 | D37: =SUM(D26:D36) -> 1823 | E37: =SUM(E26:E36) -> 454 | F37: =SUM(F26:F36) -> 25 | G37: =SUM(G26:G36) -> 126 | H37: =SUM(H26:H36) -> 605 | I37: =SUM(I26:I36) -> 467 | J37: =H37/D37 -> 0.33187054 | K37: =SUM(K26:K36) -> 15128.25 | L37: =SUM(L26:L36) -> 4707.114 | M37: =SUM(M26:M36) -> 231.86 | N37: =SUM(N26:N36) -> 1277.43 | O37: =SUM(O26:O36) -> 6216.404 | P37: =SUM(P26:P36) -> 5851.5674 | Q37: =O37/K37 -> 0.41091362 | R37: =SUM(R26:R36) -> 501 | S37: =SUM(S26:S36) -> 90 | T37: =SUM(T26:T36) -> 9 | U37: =SUM(U26:U36) -> 39 | V37: =SUM(V26:V36) -> 138 | W37: =SUM(W26:W36) -> 88 | X37: =V37/R37 -> 0.2754491 | Y37: =SUM(Y26:Y36) -> 6146.245 | Z37: =SUM(Z26:Z36) -> 823.9673 | AA37: =SUM(AA26:AA36) -> 132.6 | AB37: =SUM(AB26:AB36) -> 389.22 | AC37: =SUM(AC26:AC36) -> 1345.7873 | AD37: =SUM(AD26:AD36) -> 1221.5454 | AE37: =AC37/Y37 -> 0.21896089 | AF37: =SUM(AF26:AF36) -> 501 | AG37: =SUM(AG26:AG36) -> 68 | AH37: =SUM(AH26:AH36) -> 12 | AI37: =SUM(AI26:AI36) -> 30 | AJ37: =SUM(AJ26:AJ36) -> 110 | AK37: =SUM(AK26:AK36) -> 78 | AL37: =AJ37/AF37 -> 0.21956088 | AM37: =SUM(AM26:AM36) -> 6146.245 | AN37: =SUM(AN26:AN36) -> 628.9846 | AO37: =SUM(AO26:AO36) -> 77.49 | AP37: =SUM(AP26:AP36) -> 289.69071 | AQ37: =SUM(AQ26:AQ36) -> 996.16531 | AR37: =SUM(AR26:AR36) -> 913.28937 | AS37: =AQ37/AM37 -> 0.16207706 | AT37: =SUM(AT26:AT36) -> 5839 | AU37: =SUM(AU26:AU36) -> 225.78713 | AV37: =SUM(AV26:AV36) -> 0 | AW37: =SUM(AW26:AW36) -> 0 | AX37: =SUM(AX26:AX36) -> 225.78713 | AY37: =SUM(AY26:AY36) -> 2328.6571 | AZ37: =AX37/AT37 -> 0.038668801
A38: 31 | B38: B | C38: 阿联酋-2 | D38: 122 | E38: 43 | F38: =VLOOKUP(C38,'[1]5月25-5月31日汇总'!$C:$D,2,0) -> 25 | G38: =VLOOKUP(C38,'[1]6月汇总'!$C:$D,2,0) -> 70 | H38: =SUM(E38:G38) -> 138 | I38: =VLOOKUP(C38,[2]两年对比终版!$A:$C,3,0) -> 42 | J38: =H38/D38 -> 1.1311475 | K38: 3360 | L38: 490.787 | M38: =VLOOKUP(C38,'[1]5月25-5月31日汇总'!$C:$E,3,0) -> 204.2426 | N38: =VLOOKUP(C38,'[1]6月汇总'!$C:$E,3,0) -> 816.9704 | O38: =SUM(L38:N38) -> 1512 | P38: =VLOOKUP(C38,[2]两年对比终版!$A:$F,6,0) -> 1049.7856 | Q38: =O38/K38 -> 0.45 | R38: 64 | S38: 5 | T38: =VLOOKUP(C38,'[1]5月25-5月31日汇总'!$C:$F,4,0) -> 0 | U38: =VLOOKUP(C38,'[1]6月汇总'!$C:$F,4,0) -> 10 | V38: =SUM(S38:U38) -> 15 | W38: =VLOOKUP(C38,[2]两年对比终版!$A:$N,14,0) -> 27 | X38: =V38/R38 -> 0.234375 | Y38: 1500 | Z38: 55.9393 | AA38: =VLOOKUP(C38,'[1]5月25-5月31日汇总'!$C:$G,5,0) -> 0 | AB38: =VLOOKUP(C38,'[1]6月汇总'!$C:$G,5,0) -> 155 | AC38: =SUM(Z38:AB38) -> 210.9393 | AD38: =VLOOKUP(C38,[2]两年对比终版!$A:$Q,17,0) -> 913.93426 | AE38: =AC38/Y38 -> 0.1406262 | AF38: 64 | AG38: 1 | AH38: =VLOOKUP(C38,'[1]5月25-5月31日汇总'!$C:$H,6,0) -> 0 | AI38: =VLOOKUP(C38,'[1]6月汇总'!$C:$I,6,0) -> 10 | AJ38: =SUM(AG38:AI38) -> 11 | AK38: =VLOOKUP(C38,[2]两年对比终版!$A:$T,20,0) -> 26 | AL38: =AJ38/AF38 -> 0.171875 | AM38: 1500 | AN38: 26.6761 | AO38: =VLOOKUP(C38,'[1]5月25-5月31日汇总'!$C:$I,7,0) -> 0 | AP38: =VLOOKUP(C38,'[1]6月汇总'!$C:$I,7,0) -> 160 | AQ38: =SUM(AN38:AP38) -> 186.6761 | AR38: =VLOOKUP(C38,[2]两年对比终版!$A:$X,23,0) -> 895.74992 | AS38: =AQ38/AM38 -> 0.12445073 | AT38: 1425 | AU38: 7.87278 | AX38: =SUM(AU38:AW38) -> 7.87278 | AY38: =VLOOKUP(C38,[2]两年对比终版!$A:$AD,30,0) -> 460.53615 | AZ38: =AX38/AT38 -> 0.0055247579
A39: 32 | B39: A | C39: 沙特工厂 | D39: 733 | E39: 215 | F39: =VLOOKUP(C39,'[1]5月25-5月31日汇总'!$C:$D,2,0) -> 25 | G39: =VLOOKUP(C39,'[1]6月汇总'!$C:$D,2,0) -> 92 | H39: =SUM(E39:G39) -> 332 | I39: =VLOOKUP(C39,[2]两年对比终版!$A:$C,3,0) -> 860 | J39: =H39/D39 -> 0.45293315 | K39: 6860 | L39: 1849.15 | M39: =VLOOKUP(C39,'[1]5月25-5月31日汇总'!$C:$E,3,0) -> 247.57 | N39: =VLOOKUP(C39,'[1]6月汇总'!$C:$E,3,0) -> 990.28 | O39: =SUM(L39:N39) -> 3087 | P39: =VLOOKUP(C39,[2]两年对比终版!$A:$F,6,0) -> 7680.8761 | Q39: =O39/K39 -> 0.45 | R39: 200 | S39: 31 | T39: =VLOOKUP(C39,'[1]5月25-5月31日汇总'!$C:$F,4,0) -> 2 | U39: =VLOOKUP(C39,'[1]6月汇总'!$C:$F,4,0) -> 10 | V39: =SUM(S39:U39) -> 43 | W39: =VLOOKUP(C39,[2]两年对比终版!$A:$N,14,0) -> 115 | X39: =V39/R39 -> 0.215 | Y39: 2360 | Z39: 268.559 | AA39: =VLOOKUP(C39,'[1]5月25-5月31日汇总'!$C:$G,5,0) -> 22 | AB39: =VLOOKUP(C39,'[1]6月汇总'!$C:$G,5,0) -> 105 | AC39: =SUM(Z39:AB39) -> 395.559 | AD39: =VLOOKUP(C39,[2]两年对比终版!$A:$Q,17,0) -> 999.50571 | AE39: =AC39/Y39 -> 0.16760975 | AF39: 200 | AG39: 29 | AH39: =VLOOKUP(C39,'[1]5月25-5月31日汇总'!$C:$H,6,0) -> 1 | AI39: =VLOOKUP(C39,'[1]6月汇总'!$C:$I,6,0) -> 8 | AJ39: =SUM(AG39:AI39) -> 38 | AK39: =VLOOKUP(C39,[2]两年对比终版!$A:$T,20,0) -> 132 | AL39: =AJ39/AF39 -> 0.19 | AM39: 2360 | AN39: 257.589 | AO39: =VLOOKUP(C39,'[1]5月25-5月31日汇总'!$C:$I,7,0) -> 8 | AP39: =VLOOKUP(C39,'[1]6月汇总'!$C:$I,7,0) -> 70 | AQ39: =SUM(AN39:AP39) -> 335.589 | AR39: =VLOOKUP(C39,[2]两年对比终版!$A:$X,23,0) -> 1132.2966 | AS39: =AQ39/AM39 -> 0.14219873 | AT39: 2242 | AU39: 676.018 | AX39: =SUM(AU39:AW39) -> 676.018 | AY39: =VLOOKUP(C39,[2]两年对比终版!$A:$AD,30,0) -> 831.13297 | AZ39: =AX39/AT39 -> 0.30152453
A40: 33 | B40: A | C40: 沙特-1 | D40: 299 | E40: 95 | F40: =VLOOKUP(C40,'[1]5月25-5月31日汇总'!$C:$D,2,0) -> 22 | G40: =VLOOKUP(C40,'[1]6月汇总'!$C:$D,2,0) -> 90 | H40: =SUM(E40:G40) -> 207 | I40: =VLOOKUP(C40,[2]两年对比终版!$A:$C,3,0) -> 380 | J40: =H40/D40 -> 0.69230769 | K40: 3710 | L40: 754.047 | M40: =VLOOKUP(C40,'[1]5月25-5月31日汇总'!$C:$E,3,0) -> 183.0906 | N40: =VLOOKUP(C40,'[1]6月汇总'!$C:$E,3,0) -> 732.3624 | O40: =SUM(L40:N40) -> 1669.5 | P40: =VLOOKUP(C40,[2]两年对比终版!$A:$F,6,0) -> 2999.3153 | Q40: =O40/K40 -> 0.45 | R40: 150 | S40: 13 | T40: =VLOOKUP(C40,'[1]5月25-5月31日汇总'!$C:$F,4,0) -> 8 | U40: =VLOOKUP(C40,'[1]6月汇总'!$C:$F,4,0) -> 15 | V40: =SUM(S40:U40) -> 36 | W40: =VLOOKUP(C40,[2]两年对比终版!$A:$N,14,0) -> 18 | X40: =V40/R40 -> 0.24 | Y40: 1500 | Z40: 108.787 | AA40: =VLOOKUP(C40,'[1]5月25-5月31日汇总'!$C:$G,5,0) -> 70 | AB40: =VLOOKUP(C40,'[1]6月汇总'!$C:$G,5,0) -> 180 | AC40: =SUM(Z40:AB40) -> 358.787 | AD40: =VLOOKUP(C40,[2]两年对比终版!$A:$Q,17,0) -> 244.92997 | AE40: =AC40/Y40 -> 0.23919133 | AF40: 150 | AG40: 31 | AH40: =VLOOKUP(C40,'[1]5月25-5月31日汇总'!$C:$H,6,0) -> 0 | AI40: =VLOOKUP(C40,'[1]6月汇总'!$C:$I,6,0) -> 5 | AJ40: =SUM(AG40:AI40) -> 36 | AK40: =VLOOKUP(C40,[2]两年对比终版!$A:$T,20,0) -> 22 | AL40: =AJ40/AF40 -> 0.24 | AM40: 1500 | AN40: 307.471 | AO40: =VLOOKUP(C40,'[1]5月25-5月31日汇总'!$C:$I,7,0) -> 0 | AP40: =VLOOKUP(C40,'[1]6月汇总'!$C:$I,7,0) -> 45 | AQ40: =SUM(AN40:AP40) -> 352.471 | AR40: =VLOOKUP(C40,[2]两年对比终版!$A:$X,23,0) -> 262.43406 | AS40: =AQ40/AM40 -> 0.23498067 | AT40: 1425 | AU40: 40.4176 | AX40: =SUM(AU40:AW40) -> 40.4176 | AY40: =VLOOKUP(C40,[2]两年对比终版!$A:$AD,30,0) -> 661.6902 | AZ40: =AX40/AT40 -> 0.028363228
A41: 34 | B41: C | C41: 科威特 | D41: 136 | E41: 25 | F41: =VLOOKUP(C41,'[1]5月25-5月31日汇总'!$C:$D,2,0) -> 7 | G41: =VLOOKUP(C41,'[1]6月汇总'!$C:$D,2,0) -> 29 | H41: =SUM(E41:G41) -> 61 | I41: =VLOOKUP(C41,[2]两年对比终版!$A:$C,3,0) -> 77 | J41: =H41/D41 -> 0.44852941 | K41: 1820 | L41: 479.952 | M41: =VLOOKUP(C41,'[1]5月25-5月31日汇总'!$C:$E,3,0) -> 67.8096 | N41: =VLOOKUP(C41,'[1]6月汇总'!$C:$E,3,0) -> 271.2384 | O41: =SUM(L41:N41) -> 819 | P41: =VLOOKUP(C41,[2]两年对比终版!$A:$F,6,0) -> 1017.158 | Q41: =O41/K41 -> 0.45 | R41: 64 | S41: 0 | T41: =VLOOKUP(C41,'[1]5月25-5月31日汇总'!$C:$F,4,0) -> 0 | U41: =VLOOKUP(C41,'[1]6月汇总'!$C:$F,4,0) -> 3 | V41: =SUM(S41:U41) -> 3 | W41: =VLOOKUP(C41,[2]两年对比终版!$A:$N,14,0) -> 11 | X41: =V41/R41 -> 0.046875 | Y41: 732 | Z41: 0 | AA41: =VLOOKUP(C41,'[1]5月25-5月31日汇总'!$C:$G,5,0) -> 0 | AB41: =VLOOKUP(C41,'[1]6月汇总'!$C:$G,5,0) -> 25 | AC41: =SUM(Z41:AB41) -> 25 | AD41: =VLOOKUP(C41,[2]两年对比终版!$A:$Q,17,0) -> 126.79957 | AE41: =AC41/Y41 -> 0.034153005 | AF41: 64 | AG41: 9 | AH41: =VLOOKUP(C41,'[1]5月25-5月31日汇总'!$C:$H,6,0) -> 0 | AI41: =VLOOKUP(C41,'[1]6月汇总'!$C:$I,6,0) -> 2 | AJ41: =SUM(AG41:AI41) -> 11 | AK41: =VLOOKUP(C41,[2]两年对比终版!$A:$T,20,0) -> 12 | AL41: =AJ41/AF41 -> 0.171875 | AM41: 732 | AN41: 87.0849 | AO41: =VLOOKUP(C41,'[1]5月25-5月31日汇总'!$C:$I,7,0) -> 0 | AP41: =VLOOKUP(C41,'[1]6月汇总'!$C:$I,7,0) -> 17 | AQ41: =SUM(AN41:AP41) -> 104.0849 | AR41: =VLOOKUP(C41,[2]两年对比终版!$A:$X,23,0) -> 134.82774 | AS41: =AQ41/AM41 -> 0.14219249 | AT41: 695 | AU41: 8.33355 | AX41: =SUM(AU41:AW41) -> 8.33355 | AY41: =VLOOKUP(C41,[2]两年对比终版!$A:$AD,30,0) -> 203.58402 | AZ41: =AX41/AT41 -> 0.011990719
A42: 35 | B42: A | C42: 阿联酋-1 | D42: 416 | E42: 91 | F42: =VLOOKUP(C42,'[1]5月25-5月31日汇总'!$C:$D,2,0) -> 19 | G42: =VLOOKUP(C42,'[1]6月汇总'!$C:$D,2,0) -> 77 | H42: =SUM(E42:G42) -> 187 | I42: =VLOOKUP(C42,[2]两年对比终版!$A:$C,3,0) -> 404 | J42: =H42/D42 -> 0.44951923 | K42: 3710 | L42: 823.947 | M42: =VLOOKUP(C42,'[1]5月25-5月31日汇总'!$C:$E,3,0) -> 169.1106 | N42: =VLOOKUP(C42,'[1]6月汇总'!$C:$E,3,0) -> 676.4424 | O42: =SUM(L42:N42) -> 1669.5 | P42: =VLOOKUP(C42,[2]两年对比终版!$A:$F,6,0) -> 3426.4583 | Q42: =O42/K42 -> 0.45 | R42: 150 | S42: 38 | T42: =VLOOKUP(C42,'[1]5月25-5月31日汇总'!$C:$F,4,0) -> 3 | U42: =VLOOKUP(C42,'[1]6月汇总'!$C:$F,4,0) -> 71 | V42: =SUM(S42:U42) -> 112 | W42: =VLOOKUP(C42,[2]两年对比终版!$A:$N,14,0) -> 63 | X42: =V42/R42 -> 0.74666667 | Y42: 1500 | Z42: 300.194 | AA42: =VLOOKUP(C42,'[1]5月25-5月31日汇总'!$C:$G,5,0) -> 120 | AB42: =VLOOKUP(C42,'[1]6月汇总'!$C:$G,5,0) -> 560 | AC42: =SUM(Z42:AB42) -> 980.194 | AD42: =VLOOKUP(C42,[2]两年对比终版!$A:$Q,17,0) -> 500.02766 | AE42: =AC42/Y42 -> 0.65346267 | AF42: 150 | AG42: 32 | AH42: =VLOOKUP(C42,'[1]5月25-5月31日汇总'!$C:$H,6,0) -> 0 | AI42: =VLOOKUP(C42,'[1]6月汇总'!$C:$I,6,0) -> 20 | AJ42: =SUM(AG42:AI42) -> 52 | AK42: =VLOOKUP(C42,[2]两年对比终版!$A:$T,20,0) -> 52 | AL42: =AJ42/AF42 -> 0.34666667 | AM42: 1500 | AN42: 217.117 | AO42: =VLOOKUP(C42,'[1]5月25-5月31日汇总'!$C:$I,7,0) -> 0 | AP42: =VLOOKUP(C42,'[1]6月汇总'!$C:$I,7,0) -> 230 | AQ42: =SUM(AN42:AP42) -> 447.117 | AR42: =VLOOKUP(C42,[2]两年对比终版!$A:$X,23,0) -> 388.01158 | AS42: =AQ42/AM42 -> 0.298078 | AT42: 1425 | AU42: 101.013 | AX42: =SUM(AU42:AW42) -> 101.013 | AY42: =VLOOKUP(C42,[2]两年对比终版!$A:$AD,30,0) -> 537.83611 | AZ42: =AX42/AT42 -> 0.070886316
A43: 36 | B43: C | C43: 卡塔尔 | D43: 50 | E43: 12 | F43: =VLOOKUP(C43,'[1]5月25-5月31日汇总'!$C:$D,2,0) -> 2 | G43: =VLOOKUP(C43,'[1]6月汇总'!$C:$D,2,0) -> 8 | H43: =SUM(E43:G43) -> 22 | I43: =VLOOKUP(C43,[2]两年对比终版!$A:$C,3,0) -> 0 | J43: =H43/D43 -> 0.44 | K43: 700 | L43: 155.366 | M43: =VLOOKUP(C43,'[1]5月25-5月31日汇总'!$C:$E,3,0) -> 25 | N43: =VLOOKUP(C43,'[1]6月汇总'!$C:$E,3,0) -> 65 | O43: =SUM(L43:N43) -> 245.366 | P43: =VLOOKUP(C43,[2]两年对比终版!$A:$F,6,0) -> 0 | Q43: =O43/K43 -> 0.35052286 | R43: 42 | S43: 0 | T43: =VLOOKUP(C43,'[1]5月25-5月31日汇总'!$C:$F,4,0) -> 0 | U43: =VLOOKUP(C43,'[1]6月汇总'!$C:$F,4,0) -> 5 | V43: =SUM(S43:U43) -> 5 | W43: =VLOOKUP(C43,[2]两年对比终版!$A:$N,14,0) -> 0 | X43: =V43/R43 -> 0.11904762 | Y43: 500 | Z43: 0 | AA43: =VLOOKUP(C43,'[1]5月25-5月31日汇总'!$C:$G,5,0) -> 0 | AB43: =VLOOKUP(C43,'[1]6月汇总'!$C:$G,5,0) -> 29.376 | AC43: =SUM(Z43:AB43) -> 29.376 | AD43: =VLOOKUP(C43,[2]两年对比终版!$A:$Q,17,0) -> 0 | AE43: =AC43/Y43 -> 0.058752 | AF43: 42 | AG43: 0 | AH43: =VLOOKUP(C43,'[1]5月25-5月31日汇总'!$C:$H,6,0) -> 0 | AI43: =VLOOKUP(C43,'[1]6月汇总'!$C:$I,6,0) -> 0 | AJ43: =SUM(AG43:AI43) -> 0 | AK43: =VLOOKUP(C43,[2]两年对比终版!$A:$T,20,0) -> 0 | AL43: =AJ43/AF43 -> 0 | AM43: 500 | AN43: 0 | AO43: =VLOOKUP(C43,'[1]5月25-5月31日汇总'!$C:$I,7,0) -> 0 | AP43: =VLOOKUP(C43,'[1]6月汇总'!$C:$I,7,0) -> 0 | AQ43: =SUM(AN43:AP43) -> 0 | AR43: =VLOOKUP(C43,[2]两年对比终版!$A:$X,23,0) -> 0 | AS43: =AQ43/AM43 -> 0 | AT43: 475 | AU43: 0 | AX43: =SUM(AU43:AW43) -> 0 | AY43: =VLOOKUP(C43,[2]两年对比终版!$A:$AD,30,0) -> 0 | AZ43: =AX43/AT43 -> 0
A44: 37 | B44: D | C44: 伊拉克 | D44: 81 | E44: 24 | F44: =VLOOKUP(C44,'[1]5月25-5月31日汇总'!$C:$D,2,0) -> 2 | G44: =VLOOKUP(C44,'[1]6月汇总'!$C:$D,2,0) -> 10 | H44: =SUM(E44:G44) -> 36 | I44: =VLOOKUP(C44,[2]两年对比终版!$A:$C,3,0) -> 53 | J44: =H44/D44 -> 0.44444444 | K44: 700 | L44: 292.144 | M44: =VLOOKUP(C44,'[1]5月25-5月31日汇总'!$C:$E,3,0) -> 16 | N44: =VLOOKUP(C44,'[1]6月汇总'!$C:$E,3,0) -> 70 | O44: =SUM(L44:N44) -> 378.144 | P44: =VLOOKUP(C44,[2]两年对比终版!$A:$F,6,0) -> 592.63862 | Q44: =O44/K44 -> 0.54020571 | R44: 42 | S44: 8 | T44: =VLOOKUP(C44,'[1]5月25-5月31日汇总'!$C:$F,4,0) -> 0 | U44: =VLOOKUP(C44,'[1]6月汇总'!$C:$F,4,0) -> 5 | V44: =SUM(S44:U44) -> 13 | W44: =VLOOKUP(C44,[2]两年对比终版!$A:$N,14,0) -> 8 | X44: =V44/R44 -> 0.30952381 | Y44: 300 | Z44: 65.9294 | AA44: =VLOOKUP(C44,'[1]5月25-5月31日汇总'!$C:$G,5,0) -> 0 | AB44: =VLOOKUP(C44,'[1]6月汇总'!$C:$G,5,0) -> 45 | AC44: =SUM(Z44:AB44) -> 110.9294 | AD44: =VLOOKUP(C44,[2]两年对比终版!$A:$Q,17,0) -> 61.438507 | AE44: =AC44/Y44 -> 0.36976467 | AF44: 42 | AG44: 4 | AH44: =VLOOKUP(C44,'[1]5月25-5月31日汇总'!$C:$H,6,0) -> 0 | AI44: =VLOOKUP(C44,'[1]6月汇总'!$C:$I,6,0) -> 6 | AJ44: =SUM(AG44:AI44) -> 10 | AK44: =VLOOKUP(C44,[2]两年对比终版!$A:$T,20,0) -> 8 | AL44: =AJ44/AF44 -> 0.23809524 | AM44: 300 | AN44: 29.1079 | AO44: =VLOOKUP(C44,'[1]5月25-5月31日汇总'!$C:$I,7,0) -> 0 | AP44: =VLOOKUP(C44,'[1]6月汇总'!$C:$I,7,0) -> 48 | AQ44: =SUM(AN44:AP44) -> 77.1079 | AR44: =VLOOKUP(C44,[2]两年对比终版!$A:$X,23,0) -> 61.438507 | AS44: =AQ44/AM44 -> 0.25702633 | AT44: 285 | AU44: 19.9912 | AX44: =SUM(AU44:AW44) -> 19.9912 | AY44: =VLOOKUP(C44,[2]两年对比终版!$A:$AD,30,0) -> 82.195083 | AZ44: =AX44/AT44 -> 0.070144561
A45: 38 | B45: C | C45: 巴勒斯坦 | D45: 181 | E45: 23 | F45: =VLOOKUP(C45,'[1]5月25-5月31日汇总'!$C:$D,2,0) -> 12 | G45: =VLOOKUP(C45,'[1]6月汇总'!$C:$D,2,0) -> 47 | H45: =SUM(E45:G45) -> 82 | I45: =VLOOKUP(C45,[2]两年对比终版!$A:$C,3,0) -> 0 | J45: =H45/D45 -> 0.45303867 | K45: 1680 | L45: 367.404 | M45: =VLOOKUP(C45,'[1]5月25-5月31日汇总'!$C:$E,3,0) -> 77.7192 | N45: =VLOOKUP(C45,'[1]6月汇总'!$C:$E,3,0) -> 310.8768 | O45: =SUM(L45:N45) -> 756 | P45: =VLOOKUP(C45,[2]两年对比终版!$A:$F,6,0) -> 0 | Q45: =O45/K45 -> 0.45 | R45: 80 | S45: 3 | T45: =VLOOKUP(C45,'[1]5月25-5月31日汇总'!$C:$F,4,0) -> 2 | U45: =VLOOKUP(C45,'[1]6月汇总'!$C:$F,4,0) -> 3 | V45: =SUM(S45:U45) -> 8 | W45: =VLOOKUP(C45,[2]两年对比终版!$A:$N,14,0) -> 0 | X45: =V45/R45 -> 0.1 | Y45: 700 | Z45: 24.9508 | AA45: =VLOOKUP(C45,'[1]5月25-5月31日汇总'!$C:$G,5,0) -> 15 | AB45: =VLOOKUP(C45,'[1]6月汇总'!$C:$G,5,0) -> 24 | AC45: =SUM(Z45:AB45) -> 63.9508 | AD45: =VLOOKUP(C45,[2]两年对比终版!$A:$Q,17,0) -> 0 | AE45: =AC45/Y45 -> 0.091358286 | AF45: 80 | AG45: 3 | AH45: =VLOOKUP(C45,'[1]5月25-5月31日汇总'!$C:$H,6,0) -> 0 | AI45: =VLOOKUP(C45,'[1]6月汇总'!$C:$I,6,0) -> 2 | AJ45: =SUM(AG45:AI45) -> 5 | AK45: =VLOOKUP(C45,[2]两年对比终版!$A:$T,20,0) -> 0 | AL45: =AJ45/AF45 -> 0.0625 | AM45: 700 | AN45: 24.9508 | AO45: =VLOOKUP(C45,'[1]5月25-5月31日汇总'!$C:$I,7,0) -> 0 | AP45: =VLOOKUP(C45,'[1]6月汇总'!$C:$I,7,0) -> 15 | AQ45: =SUM(AN45:AP45) -> 39.9508 | AR45: =VLOOKUP(C45,[2]两年对比终版!$A:$X,23,0) -> 0 | AS45: =AQ45/AM45 -> 0.057072571 | AT45: 665 | AU45: 24.6013 | AX45: =SUM(AU45:AW45) -> 24.6013 | AY45: =VLOOKUP(C45,[2]两年对比终版!$A:$AD,30,0) -> 0 | AZ45: =AX45/AT45 -> 0.036994436
A46: 39 | B46: D | C46: 伊朗+阿曼 | D46: 45 | E46: 35 | F46: =VLOOKUP(C46,'[1]5月25-5月31日汇总'!$C:$D,2,0) -> 3 | G46: =VLOOKUP(C46,'[1]6月汇总'!$C:$D,2,0) -> 10 | H46: =SUM(E46:G46) -> 48 | I46: =VLOOKUP(C46,[2]两年对比终版!$A:$C,3,0) -> 92 | J46: =H46/D46 -> 1.0666667 | K46: 700 | L46: 231.979 | M46: =VLOOKUP(C46,'[1]5月25-5月31日汇总'!$C:$E,3,0) -> 16.6042 | N46: =VLOOKUP(C46,'[1]6月汇总'!$C:$E,3,0) -> 66.4168 | O46: =SUM(L46:N46) -> 315 | P46: =VLOOKUP(C46,[2]两年对比终版!$A:$F,6,0) -> 1001.541 | Q46: =O46/K46 -> 0.45 | R46: 25 | S46: 17 | T46: =VLOOKUP(C46,'[1]5月25-5月31日汇总'!$C:$F,4,0) -> 1 | U46: =VLOOKUP(C46,'[1]6月汇总'!$C:$F,4,0) -> 4 | V46: =SUM(S46:U46) -> 22 | W46: =VLOOKUP(C46,[2]两年对比终版!$A:$N,14,0) -> 20 | X46: =V46/R46 -> 0.88 | Y46: 300 | Z46: 107.638 | AA46: =VLOOKUP(C46,'[1]5月25-5月31日汇总'!$C:$G,5,0) -> 8 | AB46: =VLOOKUP(C46,'[1]6月汇总'!$C:$G,5,0) -> 30 | AC46: =SUM(Z46:AB46) -> 145.638 | AD46: =VLOOKUP(C46,[2]两年对比终版!$A:$Q,17,0) -> 200.80713 | AE46: =AC46/Y46 -> 0.48546 | AF46: 25 | AG46: 2 | AH46: =VLOOKUP(C46,'[1]5月25-5月31日汇总'!$C:$H,6,0) -> 0 | AI46: =VLOOKUP(C46,'[1]6月汇总'!$C:$I,6,0) -> 2 | AJ46: =SUM(AG46:AI46) -> 4 | AK46: =VLOOKUP(C46,[2]两年对比终版!$A:$T,20,0) -> 15 | AL46: =AJ46/AF46 -> 0.16 | AM46: 300 | AN46: 12.4017 | AO46: =VLOOKUP(C46,'[1]5月25-5月31日汇总'!$C:$I,7,0) -> 0 | AP46: =VLOOKUP(C46,'[1]6月汇总'!$C:$I,7,0) -> 13 | AQ46: =SUM(AN46:AP46) -> 25.4017 | AR46: =VLOOKUP(C46,[2]两年对比终版!$A:$X,23,0) -> 137.57912 | AS46: =AQ46/AM46 -> 0.084672333 | AT46: 285 | AU46: 31.551 | AX46: =SUM(AU46:AW46) -> 31.551 | AY46: =VLOOKUP(C46,[2]两年对比终版!$A:$AD,30,0) -> 168.95674 | AZ46: =AX46/AT46 -> 0.11070526
A47: 中东合计 | D47: =SUM(D38:D46) -> 2063 | E47: =SUM(E38:E46) -> 563 | F47: =SUM(F38:F46) -> 117 | G47: =SUM(G38:G46) -> 433 | H47: =SUM(H38:H46) -> 1113 | I47: =SUM(I38:I46) -> 1908 | J47: =H47/D47 -> 0.53950557 | K47: =SUM(K38:K46) -> 23240 | L47: =SUM(L38:L46) -> 5444.776 | M47: =SUM(M38:M46) -> 1007.1468 | N47: =SUM(N38:N46) -> 3999.5872 | O47: =SUM(O38:O46) -> 10451.51 | P47: =SUM(P38:P46) -> 17767.773 | Q47: =O47/K47 -> 0.44972074 | R47: =SUM(R38:R46) -> 817 | S47: =SUM(S38:S46) -> 115 | T47: =SUM(T38:T46) -> 16 | U47: =SUM(U38:U46) -> 126 | V47: =SUM(V38:V46) -> 257 | W47: =SUM(W38:W46) -> 262 | X47: =V47/R47 -> 0.31456548 | Y47: =SUM(Y38:Y46) -> 9392 | Z47: =SUM(Z38:Z46) -> 931.9975 | AA47: =SUM(AA38:AA46) -> 235 | AB47: =SUM(AB38:AB46) -> 1153.376 | AC47: =SUM(AC38:AC46) -> 2320.3735 | AD47: =SUM(AD38:AD46) -> 3047.4428 | AE47: =AC47/Y47 -> 0.24705851 | AF47: =SUM(AF38:AF46) -> 817 | AG47: =SUM(AG38:AG46) -> 111 | AH47: =SUM(AH38:AH46) -> 1 | AI47: =SUM(AI38:AI46) -> 55 | AJ47: =SUM(AJ38:AJ46) -> 167 | AK47: =SUM(AK38:AK46) -> 267 | AL47: =AJ47/AF47 -> 0.20440636 | AM47: =SUM(AM38:AM46) -> 9392 | AN47: =SUM(AN38:AN46) -> 962.3984 | AO47: =SUM(AO38:AO46) -> 8 | AP47: =SUM(AP38:AP46) -> 598 | AQ47: =SUM(AQ38:AQ46) -> 1568.3984 | AR47: =SUM(AR38:AR46) -> 3012.3375 | AS47: =AQ47/AM47 -> 0.16699302 | AT47: =SUM(AT38:AT46) -> 8922 | AU47: =SUM(AU38:AU46) -> 909.79843 | AV47: =SUM(AV38:AV46) -> 0 | AW47: =SUM(AW38:AW46) -> 0 | AX47: =SUM(AX38:AX46) -> 909.79843 | AY47: =SUM(AY38:AY46) -> 2945.9313 | AZ47: =AX47/AT47 -> 0.10197248
