Workbook

Sheet 指标
A1: 2026年国际市场运营系统市场人员分配
A2: 大区 | B2: 模块 | E2: 模块经理 | F2: 国家 | G2: 业务助理
A3: 俄罗斯 | B3: 俄罗斯（中部） | C3: =#REF!/#REF! -> #REF! | E3: 丛峻
A4: 俄罗斯 | B4: 俄罗斯（西部） | C4: =#REF!/#REF! -> #REF! | E4: 单一
A5: 俄罗斯 | B5: 俄罗斯（东部） | C5: =#REF!/#REF! -> #REF! | E5: 宋艾亭
A6: 俄罗斯 | B6: 罗斯托夫 | C6: =#REF!/#REF! -> #REF! | E6: （空）
A7: 俄罗斯 | B7: 哈巴 | C7: =#REF!/#REF! -> #REF! | E7: （空）
A8: 俄罗斯 | B8: 俄罗斯（中南） | C8: =#REF!/#REF! -> #REF! | E8: 张沁媛
A9: 俄罗斯 | B9: 俄罗斯（西南） | C9: =#REF!/#REF! -> #REF! | E9: 刘景伟
A10: 俄罗斯 | B10: 莫斯科 | C10: =#REF!/#REF! -> #REF! | E10: 张东辉
A11: 俄罗斯 | B11: 叶卡 | C11: =#REF!/#REF! -> #REF! | E11: 孙继伟
A12: 俄罗斯 | B12: 新西 | C12: =#REF!/#REF! -> #REF! | E12: （空） | G12: 严晨 | H12: 李欣然 | I12: 李可心 | J12: 谈振清 | K12: 左冠日 | L12: 胡艳丽 | M12: 王萌萌
C13: =#REF!/#REF! -> #REF!
A14: 亚洲1 | B14: 朝鲜-韩国 | C14: =#REF!/#REF! -> #REF! | E14: 安鹏霖
A15: 亚洲1 | B15: 新加坡市政会 | C15: =#REF!/#REF! -> #REF! | E15: 祁阳
A16: 亚洲1 | B16: 新加坡HDB | C16: =#REF!/#REF! -> #REF! | E16: 王珊珊
A17: 亚洲1 | B17: 泰国 | C17: =#REF!/#REF! -> #REF! | E17: 张琬怡
A18: 亚洲1 | B18: 泰国2 | C18: =#REF!/#REF! -> #REF! | E18: 刘瑞
A19: 亚洲1 | B19: 金三角 | C19: =#REF!/#REF! -> #REF! | E19: （空）
A20: 亚洲1 | B20: 马来西亚 | C20: =#REF!/#REF! -> #REF! | E20: 鲁鸿飞
A21: 亚洲1 | B21: 马尔代夫 | C21: =#REF!/#REF! -> #REF! | E21: 叶哲铭
A22: 亚洲1 | B22: 香港-台湾 | C22: =#REF!/#REF! -> #REF! | E22: 刘瑞 | G22: 高强 | H22: 黄心阳 | I22: 王邦铭
C23: =#REF!/#REF! -> #REF!
A24: 亚洲2 | B24: 越南-2 | C24: =#REF!/#REF! -> #REF! | E24: 韩月华
A25: 亚洲2 | B25: 印度公建 | C25: =#REF!/#REF! -> #REF! | E25: 张鹏
A26: 亚洲2 | B26: 巴基斯坦 | C26: =#REF!/#REF! -> #REF! | E26: 耿建伟
A27: 亚洲2 | B27: 孟加拉-1 | C27: =#REF!/#REF! -> #REF! | E27: 刘晓虎
A28: 亚洲2 | B28: 澳大利亚 | C28: =#REF!/#REF! -> #REF! | E28: 董永生
A29: 亚洲2 | B29: 菲律宾 | C29: =#REF!/#REF! -> #REF! | E29: 吴旭东
A30: 亚洲2 | B30: 印尼-1 | C30: =#REF!/#REF! -> #REF! | E30: 张欢
A31: 亚洲2 | B31: 越南-1（工厂） | C31: =#REF!/#REF! -> #REF! | E31: 于春光
A32: 亚洲2 | B32: 印度私营 | C32: =#REF!/#REF! -> #REF! | E32: 高新尧
A33: 亚洲2 | B33: 菲律宾-2 | C33: =#REF!/#REF! -> #REF! | E33: 吴永顺
A34: 亚洲2 | B34: 印尼-2 | C34: =#REF!/#REF! -> #REF! | E34: 岳亮 | G34: 王浩甡 | H34: 王伟男
C35: =#REF!/#REF! -> #REF!
A36: 中东 | B36: 阿联酋-2 | C36: =#REF!/#REF! -> #REF! | E36: 任嘉庆
A37: 中东 | B37: 沙特工厂 | C37: =#REF!/#REF! -> #REF! | E37: 武永佳
A38: 中东 | B38: 沙特-1 | C38: =#REF!/#REF! -> #REF! | E38: 陈科锦
A39: 中东 | B39: 科威特 | C39: =#REF!/#REF! -> #REF! | E39: 赵俊峰
A40: 中东 | B40: 阿联酋-1 | C40: =#REF!/#REF! -> #REF! | E40: 张晓茜
A41: 中东 | B41: 卡塔尔 | C41: =#REF!/#REF! -> #REF! | E41: 高智博
A42: 中东 | B42: 伊拉克 | C42: =#REF!/#REF! -> #REF! | E42: 吕超
A43: 中东 | B43: 巴勒斯坦 | C43: =#REF!/#REF! -> #REF! | E43: （空）
A44: 中东 | B44: 阿联酋3 | C44: =#REF!/#REF! -> #REF! | E44: 李军辉
A45: 中东 | B45: 伊朗+阿曼 | C45: =#REF!/#REF! -> #REF! | E45: 张朕铭 | G45: 周博彧 | H45: 唐毓瀚 | I45: 苗森
C46: =#REF!/#REF! -> #REF!
A47: 中亚 | B47: 蒙古 | C47: =#REF!/#REF! -> #REF! | E47: 逄顺福
A48: 中亚 | B48: 哈萨克斯坦-1 | C48: =#REF!/#REF! -> #REF! | E48: 彭凤琴
A49: 中亚 | B49: 塔吉克/哈萨克斯坦-2 | C49: =#REF!/#REF! -> #REF! | E49: 于洋
A50: 中亚 | B50: 哈萨克斯坦-3 | C50: =#REF!/#REF! -> #REF! | E50: 秦力超
A51: 中亚 | B51: 乌兹别克斯坦 | C51: =#REF!/#REF! -> #REF! | E51: 张小帆
A52: 中亚 | B52: 吉尔吉斯斯坦 | C52: =#REF!/#REF! -> #REF! | E52: 秦力超
A53: 中亚 | B53: 阿塞拜疆 | C53: =#REF!/#REF! -> #REF! | E53: 韩宇
A54: 中亚 | B54: 格鲁吉亚 | C54: =#REF!/#REF! -> #REF! | E54: 孙博伦 | G54: 田杨 | H54: 任姝曼
A56: 美洲 | B56: 墨西哥-1 | C56: =#REF!/#REF! -> #REF! | E56: 尤健宇
A57: 美洲 | B57: 墨西哥-2 | C57: =#REF!/#REF! -> #REF! | E57: 肖宇晗
A58: 美洲 | B58: 秘鲁 | C58: =#REF!/#REF! -> #REF! | E58: 李知源
A59: 美洲 | B59: 智利 | C59: =#REF!/#REF! -> #REF! | E59: 翟文龙
A60: 美洲 | B60: 加勒比海 | C60: =#REF!/#REF! -> #REF! | E60: 范皓铭
A61: 美洲 | B61: 多米尼加 | C61: =#REF!/#REF! -> #REF! | E61: 梁国裕
A62: 美洲 | B62: 哥伦比亚 | C62: =#REF!/#REF! -> #REF! | E62: 田媛媛
A63: 美洲 | B63: 秘鲁2 | C63: =#REF!/#REF! -> #REF! | E63: 魏珍荣
A64: 美洲 | B64: 巴西 | C64: =#REF!/#REF! -> #REF! | E64: （空） | G64: 程思淼 | H64: 李雪晴 | I64: 王琨策 | J64: 李英华
C65: =#REF!/#REF! -> #REF!
A66: 非洲 | B66: 肯尼亚/坦桑尼亚 | C66: =#REF!/#REF! -> #REF! | E66: 史宇哲
A67: 非洲 | B67: 埃及-1 | C67: =#REF!/#REF! -> #REF! | E67: 石云龙
A68: 非洲 | B68: 尼日利亚/埃塞俄比亚 | C68: =#REF!/#REF! -> #REF! | E68: 袁帅
A69: 非洲 | B69: 阿尔及利亚 | C69: =#REF!/#REF! -> #REF! | E69: 丁绎澎
A70: 非洲 | B70: 南非/安格拉 | C70: =#REF!/#REF! -> #REF! | E70: 赵晓旭
A71: 非洲 | B71: 埃及-2 | C71: =#REF!/#REF! -> #REF! | E71: 孙小婷 | G71: 刘纪龙
C72: =#REF!/#REF! -> #REF!
A73: 欧洲 | B73: 德国西班牙 | C73: =#REF!/#REF! -> #REF! | E73: 陈大鲲
A74: 欧洲 | B74: 东欧 | C74: =#REF!/#REF! -> #REF! | E74: （空）
A75: 欧洲 | B75: 英国意大利 | C75: =#REF!/#REF! -> #REF! | E75: （空） | G75: 王俊豪
C76: =#REF!/#REF! -> #REF!
A77: 商贸配件 | B77: 商贸1 | C77: =#REF!/#REF! -> #REF! | E77: 张涛
A78: 商贸配件 | B78: 商贸2 | C78: =#REF!/#REF! -> #REF! | E78: 李成富
B79: 商贸3 | C79: =#REF!/#REF! -> #REF! | E79: 李昌睿
A80: 商贸配件 | B80: 配件-1 | C80: =#REF!/#REF! -> #REF! | E80: 吴航
A81: 商贸配件 | B81: 配件-2 | C81: =#REF!/#REF! -> #REF! | E81: 赵莹
A82: 商贸配件 | B82: 改造 | C82: =#REF!/#REF! -> #REF! | E82: 苏利 | G82: 李美珊 | H82: 吴燚
C83: =#REF!/#REF! -> #REF!
B84: 合计 | C84: =#REF!/#REF! -> #REF!
B85: 72个模块

Sheet 业务员-市场
A1: 国家 | B1: 模块 | C1: 大区 | D1: 模块经理 | E1: 业务助理
A2: 西俄罗斯 | B2: 俄罗斯（中部） | C2: 俄罗斯 | D2: =VLOOKUP(B2,'任命令模块-模主'!B:C,2,0) -> 丛峻
A3: 巴西1 | B3: 俄罗斯（中部） | C3: 俄罗斯 | D3: 丛峻
A4: 白俄罗斯1 | B4: 俄罗斯（西部） | C4: 俄罗斯 | D4: 单一
A5: 俄罗斯1 | B5: 俄罗斯（西部） | C5: 俄罗斯 | D5: 单一
A6: 东俄罗斯 | B6: 俄罗斯（东部） | C6: 俄罗斯 | D6: 宋艾亭
A7: 俄罗斯5 | B7: 罗斯托夫 | C7: 俄罗斯 | D7: 张执玮
A8: 俄罗斯6 | B8: 哈巴 | C8: 俄罗斯 | D8: 张小帆
A9: 俄罗斯3 | B9: 俄罗斯（中南） | C9: 俄罗斯 | D9: 张沁媛
A10: 俄罗斯2 | B10: 俄罗斯（西南） | C10: 俄罗斯 | D10: 刘景伟
A11: 孟加拉1 | B11: 俄罗斯（西南） | C11: 俄罗斯 | D11: 刘景伟
A12: 刚果2 | B12: 俄罗斯（西南） | C12: 俄罗斯 | D12: 刘景伟
A13: 塞内加尔3 | B13: 俄罗斯（西南） | C13: 俄罗斯 | D13: 刘景伟
A14: 坦桑尼亚1 | B14: 俄罗斯（西南） | C14: 俄罗斯 | D14: 刘景伟
... A16: 乌兹别克斯坦2 | B16: 莫斯科 | C16: 俄罗斯 | D16: 张东辉
A17: 俄罗斯8 | B17: 叶卡 | C17: 俄罗斯 | D17: （空） | E17: 原孙继伟
A18: 俄罗斯9 | B18: 新西 | C18: 俄罗斯 | D18: 张瑛琦 | E18: 严晨 | F18: 李欣然 | G18: 李可心 | H18: 谈振清 | I18: 左冠日 | J18: 胡艳丽 | K18: 王萌萌
A19: 朝鲜 | B19: 朝鲜-韩国 | C19: 亚洲1 | D19: 安鹏霖
A20: 中国1 | B20: 朝鲜-韩国 | C20: 亚洲1 | D20: 安鹏霖
A21: 韩国 | B21: 朝鲜-韩国 | C21: 亚洲1 | D21: 安鹏霖
A22: 日本 | B22: 朝鲜-韩国 | C22: 亚洲1 | D22: 安鹏霖
A23: 新加坡 | B23: 新加坡市政会 | C23: 亚洲1 | D23: 王珊珊
A24: 新加坡1 | B24: 新加坡HDB | C24: 亚洲1 | D24: 祁阳
A25: 印尼3 | B25: 新加坡市政会 | C25: 亚洲1 | D25: 王珊珊
A26: 泰国 | B26: 泰国 | C26: 亚洲1 | D26: 张琬怡
A27: 巴勒斯坦 | B27: 泰国 | C27: 亚洲1 | D27: 张琬怡
A28: 文莱 | B28: 泰国 | C28: 亚洲1 | D28: 张琬怡
A29: 也门 | B29: 泰国 | C29: 亚洲1 | D29: 张琬怡
A30: 伊拉克 | B30: 泰国 | C30: 亚洲1 | D30: 张琬怡
A31: 泰国2 | B31: 泰国2 | C31: 亚洲1 | D31: 刘瑞
A32: 老挝1 | B32: 金三角 | C32: 亚洲1 | D32: （空） | E32: 原张琬怡
A33: 柬埔寨 | B33: 金三角 | C33: 亚洲1 | D33: （空）
A34: 老挝 | B34: 金三角 | C34: 亚洲1 | D34: （空）
A35: 缅甸 | B35: 金三角 | C35: 亚洲1 | D35: （空）
A36: 孟加拉5 | B36: 金三角 | C36: 亚洲1 | D36: （空）
A37: 伊拉克3 | B37: 金三角 | C37: 亚洲1 | D37: （空）
A38: 亚美尼亚1 | B38: 金三角 | C38: 亚洲1 | D38: （空）
A39: 越南2 | B39: 金三角 | C39: 亚洲1 | D39: （空）
A40: 马来西亚 | B40: 马来西亚 | C40: 亚洲1 | D40: 鲁鸿飞
A41: 马尔代夫 | B41: 马尔代夫 | C41: 亚洲1 | D41: 叶哲铭
A42: 澳大利亚2 | B42: 马尔代夫 | C42: 亚洲1 | D42: 叶哲铭
A43: 斯里兰卡 | B43: 马尔代夫 | C43: 亚洲1 | D43: 叶哲铭
A44: 印尼1 | B44: 马尔代夫 | C44: 亚洲1 | D44: 叶哲铭
... A46: 香港1 | B46: 香港-台湾 | C46: 亚洲1 | D46: 王海娇
A47: 中国台湾 | B47: 香港-台湾 | C47: 亚洲1 | D47: 王海娇 | E47: 高强 | F47: 黄心阳 | G47: 王邦铭
A48: 香港 | B48: 香港-台湾 | C48: 亚洲1 | D48: 王海娇
A49: 马来西亚1 | B49: 香港-台湾 | C49: 亚洲1 | D49: 王海娇
A50: 越南1 | B50: 越南-2 | C50: 亚洲2 | D50: 韩月华
A51: 巴布亚新几内亚 | B51: 印度公建 | C51: 亚洲2 | D51: 张鹏
A52: 印尼2 | B52: 印度公建 | C52: 亚洲2 | D52: 张鹏
A53: 印度 | B53: 印度公建 | C53: 亚洲2 | D53: 张鹏
A54: 巴基斯坦2 | B54: 印度公建 | C54: 亚洲2 | D54: 张鹏
A55: 越南3 | B55: 印度公建 | C55: 亚洲2 | D55: 张鹏
A56: 巴基斯坦 | B56: 巴基斯坦 | C56: 亚洲2 | D56: 耿建伟
A57: 孟加拉 | B57: 孟加拉-1 | C57: 亚洲2 | D57: 刘晓虎
A58: 巴基斯坦4 | B58: 孟加拉-1 | C58: 亚洲2 | D58: 刘晓虎
A59: 澳大利亚 | B59: 澳大利亚 | C59: 亚洲2 | D59: 董永生
... A67: 菲律宾3 | B67: 菲律宾-2 | C67: 亚洲2 | D67: 吴永顺
A68: 印尼4 | B68: 印尼-2 | C68: 亚洲2 | D68: 岳亮 | E68: 王浩甡 | F68: 王伟男
A69: 阿联酋2 | B69: 阿联酋-2 | C69: 中东 | D69: 李军辉
A70: 沙特1 | B70: 沙特工厂 | C70: 中东 | D70: 武永佳
A71: 沙特 | B71: 沙特-1 | C71: 中东 | D71: 陈科锦
A72: 阿联酋4 | B72: 沙特-1 | C72: 中东 | D72: 陈科锦
A73: 塞内加尔1 | B73: 沙特-1 | C73: 中东 | D73: 陈科锦
A74: 埃及1 | B74: 埃及-2 | C74: 非洲 | D74: 丁绎澎
A75: 马拉维1 | B75: 科威特 | C75: 中东 | D75: 赵俊峰
A76: 科威特 | B76: 科威特 | C76: 中东 | D76: 赵俊峰
A77: 土耳其1 | B77: 沙特-1 | C77: 中东 | D77: 陈科锦
A78: 巴林 | B78: 科威特 | C78: 中东 | D78: 赵俊峰
A79: 安哥拉1 | B79: 科威特 | C79: 中东 | D79: 赵俊峰
A80: 巴基斯坦3 | B80: 阿联酋-1 | C80: 中东 | D80: （空） | E80: 原陈科锦
A81: 阿联酋 | B81: 阿联酋-1 | C81: 中东 | D81: （空）
A82: 沙特2 | B82: 阿联酋-1 | C82: 中东 | D82: （空）
A83: 老挝2 | B83: 阿联酋-1 | C83: 中东 | D83: （空）
A84: 约旦2 | B84: 阿联酋-1 | C84: 中东 | D84: （空）
A85: 卡塔尔1 | B85: 卡塔尔 | C85: 中东 | D85: 周乐垚
A86: 阿曼 | B86: 卡塔尔 | C86: 中东 | D86: （空）
A87: 伊拉克1 | B87: 伊拉克 | C87: 中东 | D87: 吕超
A88: 巴勒斯坦1 | B88: 巴勒斯坦 | C88: 中东 | D88: （空） | E88: 原吕超
A89: 缅甸1 | B89: 伊拉克 | C89: 中东 | D89: 吕超
A90: 阿联酋3 | B90: 阿联酋3 | C90: 中东 | D90: 李军辉
A91: 伊朗 | B91: 伊朗+阿曼 | C91: 中东 | D91: 张朕铭 | E91: 周博彧 | F91: 唐毓瀚 | G91: 苗森
A92: 阿曼2 | B92: 伊朗+阿曼 | C92: 中东 | D92: 张朕铭
A93: 巴林2 | B93: 伊朗+阿曼 | C93: 中东 | D93: 张朕铭
A94: 伊拉克2 | B94: 伊朗+阿曼 | C94: 中东 | D94: 张朕铭
A95: 阿联酋5 | B95: 伊朗+阿曼 | C95: 中东 | D95: 张朕铭
A96: 蒙古 | B96: 蒙古 | C96: 中亚 | D96: 逄顺福
A97: 哈萨克斯坦 | B97: 哈萨克斯坦-1 | C97: 中亚 | D97: 彭凤琴
A98: 白俄罗斯 | B98: 哈萨克斯坦-1 | C98: 中亚 | D98: 彭凤琴
A99: 吉尔吉斯斯坦 | B99: 哈萨克斯坦-1 | C99: 中亚 | D99: 彭凤琴
A100: 塔吉克斯坦 | B100: 哈萨克斯坦-1 | C100: 中亚 | D100: 彭凤琴
A101: 亚美尼亚 | B101: 哈萨克斯坦-1 | C101: 中亚 | D101: 彭凤琴
A102: 摩洛哥2 | B102: 哈萨克斯坦-1 | C102: 中亚 | D102: 彭凤琴
A103: 乌兹别克斯坦4 | B103: 哈萨克斯坦-1 | C103: 中亚 | D103: 彭凤琴
... A107: 乌兹别克斯坦 | B107: 乌兹别克斯坦 | C107: 中亚 | D107: 孙博伦
A108: 乌兹别克斯坦1 | B108: 吉尔吉斯斯坦 | C108: 中亚 | D108: （空） | E108: 马月/马玉
A109: 吉尔吉斯斯坦1 | B109: 哈萨克斯坦-3 | C109: 中亚 | D109: 秦力超
A110: 吉尔吉斯斯坦2 | B110: 吉尔吉斯斯坦 | C110: 中亚 | D110: 马月
A111: 中国2 | B111: 吉尔吉斯斯坦 | C111: 中亚 | D111: 马月
A112: 阿塞拜疆 | B112: 阿塞拜疆 | C112: 中亚 | D112: 韩宇
...

Sheet Sheet3
A1: 国家 | B1: 2025九大区模块 | C1: 2025九大区 | D1: 2026年对应模块 | E1: 2026九大区
A2: 巴哈马 | B2: 0 | C2: #N/A | D2: =VLOOKUP(A2,'业务员-市场'!A:B,2,0) -> #N/A | E2: =VLOOKUP(D2,'业务员-市场'!B:C,2,0) -> #N/A
A3: 巴西 | B3: 中美洲-2 | C3: 美洲 | D3: 巴西 | E3: 美洲
A4: 古巴 | B4: 0 | C4: #N/A | D4: =B4 -> 0 | E4: =VLOOKUP(D4,'业务员-市场'!B:C,2,0) -> #N/A
A5: 特立尼达和多巴哥 | B5: 0 | C5: #N/A | D5: =B5 -> 0 | E5: =VLOOKUP(D5,'业务员-市场'!B:C,2,0) -> #N/A
A6: 印尼1 | B6: 马来西亚 | C6: 亚洲1 | D6: =VLOOKUP(A6,'业务员-市场'!A:B,2,0) -> 马尔代夫 | E6: =VLOOKUP(D6,'业务员-市场'!B:C,2,0) -> 亚洲1
A7: 多米尼加1 | B7: 中美洲-2 | C7: 美洲 | D7: 加勒比海 | E7: 美洲
A8: 孟加拉1 | B8: 俄罗斯（西南） | C8: 俄罗斯 | D8: =VLOOKUP(A8,'业务员-市场'!A:B,2,0) -> 俄罗斯（西南） | E8: =VLOOKUP(D8,'业务员-市场'!B:C,2,0) -> 俄罗斯
A9: 沙特1 | B9: 沙特工厂 | C9: 中东 | D9: =VLOOKUP(A9,'业务员-市场'!A:B,2,0) -> 沙特工厂 | E9: =VLOOKUP(D9,'业务员-市场'!B:C,2,0) -> 中东
A10: 印度1 | B10: 印度私营 | C10: 亚洲2 | D10: =VLOOKUP(A10,'业务员-市场'!A:B,2,0) -> 印度私营 | E10: =VLOOKUP(D10,'业务员-市场'!B:C,2,0) -> 亚洲2
A11: 阿塞拜疆1 | B11: 阿塞拜疆 | C11: 中亚 | D11: =B11 -> 阿塞拜疆 | E11: =VLOOKUP(D11,'业务员-市场'!B:C,2,0) -> 中亚
A12: 埃及 | B12: 埃及 | C12: 非洲 | D12: 埃及-1 | E12: 非洲
A13: 巴林 | B13: 科威特 | C13: 中东 | D13: =VLOOKUP(A13,'业务员-市场'!A:B,2,0) -> 科威特 | E13: =VLOOKUP(D13,'业务员-市场'!B:C,2,0) -> 中东
A14: 卡塔尔 | B14: 卡塔尔 | C14: 中东 | D14: =VLOOKUP(A14,'业务员-市场'!A:B,2,0) -> 埃及-2 | E14: =VLOOKUP(D14,'业务员-市场'!B:C,2,0) -> 非洲
A15: 土耳其 | B15: 英国意大利 | C15: 欧洲 | D15: =VLOOKUP(A15,'业务员-市场'!A:B,2,0) -> 英国意大利 | E15: =VLOOKUP(D15,'业务员-市场'!B:C,2,0) -> 欧洲
A16: 以色列 | B16: 巴基斯坦 | C16: 亚洲2 | D16: =B16 -> 巴基斯坦 | E16: =VLOOKUP(D16,'业务员-市场'!B:C,2,0) -> 亚洲2
A17: 黎巴嫩 | B17: 埃及 | C17: 非洲 | D17: 埃及-1 | E17: 非洲
A18: 巴勒斯坦 | B18: 泰国 | C18: 亚洲1 | D18: =VLOOKUP(A18,'业务员-市场'!A:B,2,0) -> 泰国 | E18: =VLOOKUP(D18,'业务员-市场'!B:C,2,0) -> 亚洲1
A19: 科威特 | B19: 科威特 | C19: 中东 | D19: =VLOOKUP(A19,'业务员-市场'!A:B,2,0) -> 科威特 | E19: =VLOOKUP(D19,'业务员-市场'!B:C,2,0) -> 中东
A20: 沙特 | B20: 沙特-1 | C20: 中东 | D20: =VLOOKUP(A20,'业务员-市场'!A:B,2,0) -> 沙特-1 | E20: =VLOOKUP(D20,'业务员-市场'!B:C,2,0) -> 中东
A21: 也门 | B21: 泰国 | C21: 亚洲1 | D21: =VLOOKUP(A21,'业务员-市场'!A:B,2,0) -> 泰国 | E21: =VLOOKUP(D21,'业务员-市场'!B:C,2,0) -> 亚洲1
A22: 阿联酋 | B22: 阿联酋-1 | C22: 中东 | D22: =VLOOKUP(A22,'业务员-市场'!A:B,2,0) -> 阿联酋-1 | E22: =VLOOKUP(D22,'业务员-市场'!B:C,2,0) -> 中东
A23: 阿曼 | B23: 卡塔尔 | C23: 中东 | D23: =VLOOKUP(A23,'业务员-市场'!A:B,2,0) -> 卡塔尔 | E23: =VLOOKUP(D23,'业务员-市场'!B:C,2,0) -> 中东
A24: 伊拉克 | B24: 泰国 | C24: 亚洲1 | D24: =VLOOKUP(A24,'业务员-市场'!A:B,2,0) -> 泰国 | E24: =VLOOKUP(D24,'业务员-市场'!B:C,2,0) -> 亚洲1
A25: 伊朗 | B25: 泰国 | C25: 亚洲1 | D25: =VLOOKUP(A25,'业务员-市场'!A:B,2,0) -> 伊朗+阿曼 | E25: =VLOOKUP(D25,'业务员-市场'!B:C,2,0) -> 中东
A26: 阿富汗 | B26: 0 | C26: #N/A | D26: =B26 -> 0 | E26: =VLOOKUP(D26,'业务员-市场'!B:C,2,0) -> #N/A
A27: 阿富汗1 | B27: 0 | C27: #N/A | D27: =B27 -> 0 | E27: =VLOOKUP(D27,'业务员-市场'!B:C,2,0) -> #N/A
A28: 叙利亚 | B28: 0 | C28: #N/A | D28: =B28 -> 0 | E28: =VLOOKUP(D28,'业务员-市场'!B:C,2,0) -> #N/A
A29: 约旦1 | B29: 泰国 | C29: 亚洲1 | D29: =B29 -> 泰国 | E29: =VLOOKUP(D29,'业务员-市场'!B:C,2,0) -> 亚洲1
A30: 也门1 | B30: 泰国 | C30: 亚洲1 | D30: =B30 -> 泰国 | E30: =VLOOKUP(D30,'业务员-市场'!B:C,2,0) -> 亚洲1
A31: 老挝1 | B31: 金三角 | C31: 亚洲1 | D31: =VLOOKUP(A31,'业务员-市场'!A:B,2,0) -> 金三角 | E31: =VLOOKUP(D31,'业务员-市场'!B:C,2,0) -> 亚洲1
A32: 巴基斯坦 | B32: 巴基斯坦 | C32: 亚洲2 | D32: =VLOOKUP(A32,'业务员-市场'!A:B,2,0) -> 巴基斯坦 | E32: =VLOOKUP(D32,'业务员-市场'!B:C,2,0) -> 亚洲2
A33: 孟加拉 | B33: 孟加拉-1 | C33: 亚洲2 | D33: =VLOOKUP(A33,'业务员-市场'!A:B,2,0) -> 孟加拉-1 | E33: =VLOOKUP(D33,'业务员-市场'!B:C,2,0) -> 亚洲2
A34: 马尔代夫 | B34: 马尔代夫 | C34: 亚洲1 | D34: =VLOOKUP(A34,'业务员-市场'!A:B,2,0) -> 马尔代夫 | E34: =VLOOKUP(D34,'业务员-市场'!B:C,2,0) -> 亚洲1
A35: 阿根廷 | B35: 智利 | C35: 美洲 | D35: =VLOOKUP(A35,'业务员-市场'!A:B,2,0) -> 智利 | E35: =VLOOKUP(D35,'业务员-市场'!B:C,2,0) -> 美洲
A36: 厄瓜多尔 | B36: 智利 | C36: 美洲 | D36: =VLOOKUP(A36,'业务员-市场'!A:B,2,0) -> 智利 | E36: =VLOOKUP(D36,'业务员-市场'!B:C,2,0) -> 美洲
A37: 洪都拉斯 | B37: 加勒比海 | C37: 美洲 | D37: =VLOOKUP(A37,'业务员-市场'!A:B,2,0) -> 加勒比海 | E37: =VLOOKUP(D37,'业务员-市场'!B:C,2,0) -> 美洲
A38: 美国 | B38: 0 | C38: #N/A | D38: =B38 -> 0 | E38: =VLOOKUP(D38,'业务员-市场'!B:C,2,0) -> #N/A
A39: 秘鲁 | B39: 秘鲁 | C39: 美洲 | D39: =VLOOKUP(A39,'业务员-市场'!A:B,2,0) -> 秘鲁 | E39: =VLOOKUP(D39,'业务员-市场'!B:C,2,0) -> 美洲
A40: 委内瑞拉 | B40: 0 | C40: #N/A | D40: =B40 -> 0 | E40: =VLOOKUP(D40,'业务员-市场'!B:C,2,0) -> #N/A
A41: 牙买加 | B41: 0 | C41: #N/A | D41: =B41 -> 0 | E41: =VLOOKUP(D41,'业务员-市场'!B:C,2,0) -> #N/A
A42: 智利 | B42: 智利 | C42: 美洲 | D42: =VLOOKUP(A42,'业务员-市场'!A:B,2,0) -> 智利 | E42: =VLOOKUP(D42,'业务员-市场'!B:C,2,0) -> 美洲
A43: 乌拉圭 | B43: 秘鲁 | C43: 美洲 | D43: =VLOOKUP(A43,'业务员-市场'!A:B,2,0) -> 秘鲁 | E43: =VLOOKUP(D43,'业务员-市场'!B:C,2,0) -> 美洲
A44: 巴拉圭 | B44: 哥伦比亚 | C44: 美洲 | D44: =VLOOKUP(A44,'业务员-市场'!A:B,2,0) -> 哥伦比亚 | E44: =VLOOKUP(D44,'业务员-市场'!B:C,2,0) -> 美洲
A45: 巴拿马 | B45: 智利 | C45: 美洲 | D45: =VLOOKUP(A45,'业务员-市场'!A:B,2,0) -> 智利 | E45: =VLOOKUP(D45,'业务员-市场'!B:C,2,0) -> 美洲
A46: 玻利维亚 | B46: 哥伦比亚 | C46: 美洲 | D46: =VLOOKUP(A46,'业务员-市场'!A:B,2,0) -> 哥伦比亚 | E46: =VLOOKUP(D46,'业务员-市场'!B:C,2,0) -> 美洲
A47: 哥伦比亚 | B47: 哥伦比亚 | C47: 美洲 | D47: =VLOOKUP(A47,'业务员-市场'!A:B,2,0) -> 哥伦比亚 | E47: =VLOOKUP(D47,'业务员-市场'!B:C,2,0) -> 美洲
A48: 哥斯达黎加 | B48: 加勒比海 | C48: 美洲 | D48: =VLOOKUP(A48,'业务员-市场'!A:B,2,0) -> 加勒比海 | E48: =VLOOKUP(D48,'业务员-市场'!B:C,2,0) -> 美洲
A49: 多米尼加 | B49: 加勒比海 | C49: 美洲 | D49: =VLOOKUP(A49,'业务员-市场'!A:B,2,0) -> 加勒比海 | E49: =VLOOKUP(D49,'业务员-市场'!B:C,2,0) -> 美洲
A50: 墨西哥 | B50: 墨西哥-1 | C50: 美洲 | D50: =VLOOKUP(A50,'业务员-市场'!A:B,2,0) -> 墨西哥-1 | E50: =VLOOKUP(D50,'业务员-市场'!B:C,2,0) -> 美洲
A51: 萨尔瓦多 | B51: 加勒比海 | C51: 美洲 | D51: =VLOOKUP(A51,'业务员-市场'!A:B,2,0) -> 加勒比海 | E51: =VLOOKUP(D51,'业务员-市场'!B:C,2,0) -> 美洲
A52: 危地马拉 | B52: 加勒比海 | C52: 美洲 | D52: =VLOOKUP(A52,'业务员-市场'!A:B,2,0) -> 加勒比海 | E52: =VLOOKUP(D52,'业务员-市场'!B:C,2,0) -> 美洲
A53: 阿尔及利亚 | B53: 阿尔及利亚 | C53: 非洲 | D53: 埃及-2 | E53: =VLOOKUP(D53,'业务员-市场'!B:C,2,0) -> 非洲
A54: 埃塞俄比亚 | B54: 尼日利亚/埃塞俄比亚 | C54: 非洲 | D54: =VLOOKUP(A54,'业务员-市场'!A:B,2,0) -> 尼日利亚/埃塞俄比亚 | E54: =VLOOKUP(D54,'业务员-市场'!B:C,2,0) -> 非洲
A55: 安哥拉 | B55: 肯尼亚/南非 | C55: 非洲 | D55: 南非/安格拉 | E55: =VLOOKUP(D55,'业务员-市场'!B:C,2,0) -> 非洲
A56: 安哥拉1 | B56: 科威特 | C56: 中东 | D56: =VLOOKUP(A56,'业务员-市场'!A:B,2,0) -> 科威特 | E56: =VLOOKUP(D56,'业务员-市场'!B:C,2,0) -> 中东
A57: 冈比亚 | B57: 0 | C57: #N/A | D57: =B57 -> 0 | E57: =VLOOKUP(D57,'业务员-市场'!B:C,2,0) -> #N/A
A58: 刚果 | B58: 肯尼亚/南非 | C58: 非洲 | D58: 肯尼亚/坦桑尼亚 | E58: =VLOOKUP(D58,'业务员-市场'!B:C,2,0) -> 非洲
A59: 加纳 | B59: 0 | C59: #N/A | D59: =B59 -> 0 | E59: =VLOOKUP(D59,'业务员-市场'!B:C,2,0) -> #N/A
A60: 加蓬 | B60: 0 | C60: #N/A | D60: =B60 -> 0 | E60: =VLOOKUP(D60,'业务员-市场'!B:C,2,0) -> #N/A
A61: 喀麦隆 | B61: 肯尼亚/南非 | C61: 非洲 | D61: 肯尼亚/坦桑尼亚 | E61: =VLOOKUP(D61,'业务员-市场'!B:C,2,0) -> 非洲
A62: 科特迪瓦 | B62: 0 | C62: #N/A | D62: 非洲法语区 | E62: =VLOOKUP(D62,'业务员-市场'!B:C,2,0) -> 非洲
A63: 肯尼亚 | B63: 肯尼亚/南非 | C63: 非洲 | D63: 肯尼亚/坦桑尼亚 | E63: =VLOOKUP(D63,'业务员-市场'!B:C,2,0) -> 非洲
A64: 利比里亚 | B64: 0 | C64: #N/A | D64: =B64 -> 0 | E64: =VLOOKUP(D64,'业务员-市场'!B:C,2,0) -> #N/A
A65: 利比亚 | B65: 肯尼亚/南非 | C65: 非洲 | D65: 肯尼亚/坦桑尼亚 | E65: =VLOOKUP(D65,'业务员-市场'!B:C,2,0) -> 非洲
A66: 马拉维 | B66: 肯尼亚/南非 | C66: 非洲 | D66: =VLOOKUP(A66,'业务员-市场'!A:B,2,0) -> 尼日利亚/埃塞俄比亚 | E66: =VLOOKUP(D66,'业务员-市场'!B:C,2,0) -> 非洲
A67: 毛里求斯 | B67: 0 | C67: #N/A | D67: =B67 -> 0 | E67: =VLOOKUP(D67,'业务员-市场'!B:C,2,0) -> #N/A
A68: 摩洛哥 | B68: 肯尼亚/南非 | C68: 非洲 | D68: 肯尼亚/坦桑尼亚 | E68: =VLOOKUP(D68,'业务员-市场'!B:C,2,0) -> 非洲
A69: 摩洛哥1 | D69: 非洲法语区 | E69: 非洲
A70: 莫桑比克 | B70: 0 | C70: #N/A | D70: =B70 -> 0 | E70: =VLOOKUP(D70,'业务员-市场'!B:C,2,0) -> #N/A
A71: 纳米比亚 | B71: 肯尼亚/南非 | C71: 非洲 | D71: 肯尼亚/坦桑尼亚 | E71: =VLOOKUP(D71,'业务员-市场'!B:C,2,0) -> 非洲
A72: 南非 | B72: 肯尼亚/南非 | C72: 非洲 | D72: 肯尼亚/坦桑尼亚 | E72: =VLOOKUP(D72,'业务员-市场'!B:C,2,0) -> 非洲
A73: 南苏丹 | B73: 肯尼亚/南非 | C73: 非洲 | D73: 肯尼亚/坦桑尼亚 | E73: =VLOOKUP(D73,'业务员-市场'!B:C,2,0) -> 非洲
A74: 尼日利亚 | B74: 肯尼亚/南非 | C74: 非洲 | D74: 肯尼亚/坦桑尼亚 | E74: =VLOOKUP(D74,'业务员-市场'!B:C,2,0) -> 非洲
A75: 塞内加尔 | B75: 肯尼亚/南非 | C75: 非洲 | D75: 俄罗斯（西南） | E75: =VLOOKUP(D75,'业务员-市场'!B:C,2,0) -> 俄罗斯
A76: 坦桑尼亚 | B76: 肯尼亚/南非 | C76: 非洲 | D76: 肯尼亚/坦桑尼亚 | E76: =VLOOKUP(D76,'业务员-市场'!B:C,2,0) -> 非洲
A77: 突尼斯 | B77: 肯尼亚/南非 | C77: 非洲 | D77: =VLOOKUP(A77,'业务员-市场'!A:B,2,0) -> 非洲法语区 | E77: =VLOOKUP(D77,'业务员-市场'!B:C,2,0) -> 非洲
A78: 乌干达 | B78: 0 | C78: #N/A | D78: =B78 -> 0 | E78: =VLOOKUP(D78,'业务员-市场'!B:C,2,0) -> #N/A
A79: 辽宁机电 | B79: 0 | C79: #N/A | D79: =B79 -> 0 | E79: =VLOOKUP(D79,'业务员-市场'!B:C,2,0) -> #N/A
A80: 日本 | B80: 0 | C80: #N/A | D80: =VLOOKUP(A80,'业务员-市场'!A:B,2,0) -> 朝鲜-韩国 | E80: =VLOOKUP(D80,'业务员-市场'!B:C,2,0) -> 亚洲1
A81: 中国 | B81: 蒙古 | C81: 中亚 | D81: =B81 -> 蒙古 | E81: =VLOOKUP(D81,'业务员-市场'!B:C,2,0) -> 中亚
A82: 危地马拉1 | B82: 中美洲-2 | C82: 美洲 | D82: 加勒比海 | E82: 美洲
A83: 尼日利亚1 | B83: 尼日利亚/埃塞俄比亚 | C83: 非洲 | D83: =VLOOKUP(A83,'业务员-市场'!A:B,2,0) -> 尼日利亚/埃塞俄比亚 | E83: =VLOOKUP(D83,'业务员-市场'!B:C,2,0) -> 非洲
A84: 中国1 | B84: 朝鲜-韩国 | C84: 亚洲1 | D84: =VLOOKUP(A84,'业务员-市场'!A:B,2,0) -> 朝鲜-韩国 | E84: =VLOOKUP(D84,'业务员-市场'!B:C,2,0) -> 亚洲1
A85: 阿尔巴尼亚 | B85: 0 | C85: #N/A | D85: =B85 -> 0 | E85: =VLOOKUP(D85,'业务员-市场'!B:C,2,0) -> #N/A
A86: 爱尔兰 | B86: 英国意大利 | C86: 欧洲 | D86: =B86 -> 英国意大利 | E86: =VLOOKUP(D86,'业务员-市场'!B:C,2,0) -> 欧洲
A87: 保加利亚 | B87: 0 | C87: #N/A | D87: =B87 -> 0 | E87: =VLOOKUP(D87,'业务员-市场'!B:C,2,0) -> #N/A
A88: 比利时 | B88: 0 | C88: #N/A | D88: =B88 -> 0 | E88: =VLOOKUP(D88,'业务员-市场'!B:C,2,0) -> #N/A
A89: 冰岛 | B89: 0 | C89: #N/A | D89: =B89 -> 0 | E89: =VLOOKUP(D89,'业务员-市场'!B:C,2,0) -> #N/A
A90: 波兰 | B90: 英国意大利 | C90: 欧洲 | D90: =B90 -> 英国意大利 | E90: =VLOOKUP(D90,'业务员-市场'!B:C,2,0) -> 欧洲
A91: 丹麦 | B91: 英国意大利 | C91: 欧洲 | D91: =B91 -> 英国意大利 | E91: =VLOOKUP(D91,'业务员-市场'!B:C,2,0) -> 欧洲
A92: 德国 | B92: 0 | C92: #N/A | D92: =B92 -> 0 | E92: =VLOOKUP(D92,'业务员-市场'!B:C,2,0) -> #N/A
A93: 克罗地亚 | B93: 英国意大利 | C93: 欧洲 | D93: =B93 -> 英国意大利 | E93: =VLOOKUP(D93,'业务员-市场'!B:C,2,0) -> 欧洲
A94: 罗马尼亚 | B94: 英国意大利 | C94: 欧洲 | D94: =B94 -> 英国意大利 | E94: =VLOOKUP(D94,'业务员-市场'!B:C,2,0) -> 欧洲
A95: 摩尔多瓦 | B95: 乌兹别克斯坦 | C95: 中亚 | D95: =B95 -> 乌兹别克斯坦 | E95: =VLOOKUP(D95,'业务员-市场'!B:C,2,0) -> 中亚
A96: 葡萄牙 | B96: 英国意大利 | C96: 欧洲 | D96: =B96 -> 英国意大利 | E96: =VLOOKUP(D96,'业务员-市场'!B:C,2,0) -> 欧洲
A97: 塞尔维亚 | B97: 英国意大利 | C97: 欧洲 | D97: =B97 -> 英国意大利 | E97: =VLOOKUP(D97,'业务员-市场'!B:C,2,0) -> 欧洲
A98: 斯洛伐克 | B98: 0 | C98: #N/A | D98: =B98 -> 0 | E98: =VLOOKUP(D98,'业务员-市场'!B:C,2,0) -> #N/A
A99: 西班牙 | B99: 0 | C99: #N/A | D99: =B99 -> 0 | E99: =VLOOKUP(D99,'业务员-市场'!B:C,2,0) -> #N/A
A100: 意大利 | B100: 0 | C100: #N/A | D100: =B100 -> 0 | E100: =VLOOKUP(D100,'业务员-市场'!B:C,2,0) -> #N/A
...

Sheet 任命令模块-模主
A1: 大区 | B1: 模块 | C1: 模主
A2: 美洲 | B2: 哥伦比亚 | C2: 田媛媛
A3: 美洲 | B3: 加勒比海 | C3: 范皓铭
A4: 美洲 | B4: 智利 | C4: 翟文龙
A5: 美洲 | B5: 墨西哥－1 | C5: 尤健宇
A6: 美洲 | B6: 墨西哥－2 | C6: 肖宇晗
A7: 美洲 | B7: 秘鲁－1 | C7: 李知源
A8: 美洲 | B8: 秘鲁－2 | C8: 魏珍荣
A9: 美洲 | B9: 多米尼加 | C9: 梁国裕
A10: 美洲 | B10: 巴西 | C10: 杨春
A11: 亚洲－1 | B11: 新加坡HDB | C11: 祁阳
A12: 亚洲－1 | B12: 新加坡市政会 | C12: 王珊珊
... A67: 欧洲 | B67: 英国／意大利 | C67: 王俊豪

Sheet 模主+助理对应模块
A1: 三级组织 | B1: 岗位名称 | C1: 姓名 | D1: 模块
A2: 美洲大区 | B2: 国际美洲大区销售总经理 | C2: 吴迪 | D2: 墨西哥-1 | E2: =VLOOKUP(D2,'业务员-市场'!B:B,1,0) -> 墨西哥-1
A3: 中东大区 | B3: 国际中东大区销售总经理 | C3: 陈远一 | D3: 沙特工厂 | E3: =VLOOKUP(D3,'业务员-市场'!B:B,1,0) -> 沙特工厂
A4: 中亚大区 | B4: 国际中亚大区销售总经理 | C4: 齐文童 | D4: 俄罗斯（东部） | E4: =VLOOKUP(D4,'业务员-市场'!B:B,1,0) -> 俄罗斯（东部）
A5: 商贸配件大区 | B5: 国际商贸配件大区销售总经理 | C5: 周聖航 | D5: 新加坡HDB | E5: =VLOOKUP(D5,'业务员-市场'!B:B,1,0) -> 新加坡HDB
A6: 俄罗斯大区 | B6: 模主 | C6: 丛峻 | D6: 俄罗斯（中部） | E6: =VLOOKUP(D6,'业务员-市场'!B:B,1,0) -> 俄罗斯（中部）
B7: 模主 | C7: 单一 | D7: 俄罗斯（西部） | E7: =VLOOKUP(D7,'业务员-市场'!B:B,1,0) -> 俄罗斯（西部）
B8: 模主 | C8: 张沁媛 | D8: 俄罗斯（中南） | E8: =VLOOKUP(D8,'业务员-市场'!B:B,1,0) -> 俄罗斯（中南）
B9: 模主 | C9: 刘景伟 | D9: 俄罗斯（西南） | E9: =VLOOKUP(D9,'业务员-市场'!B:B,1,0) -> 俄罗斯（西南）
B10: 海外开发经理（外籍） | C10: 乌鲁格贝克·卡姆拉巴耶夫 | D10: 俄罗斯（西南） | E10: =VLOOKUP(D10,'业务员-市场'!B:B,1,0) -> 俄罗斯（西南）
B11: 模主 | C11: 宋艾亭 | D11: 俄罗斯（东部） | E11: =VLOOKUP(D11,'业务员-市场'!B:B,1,0) -> 俄罗斯（东部）
B12: 模主 | C12: 张东辉 | D12: 莫斯科 | E12: =VLOOKUP(D12,'业务员-市场'!B:B,1,0) -> 莫斯科
B13: 模主 | C13: 张执玮 | D13: 罗斯托夫 | E13: =VLOOKUP(D13,'业务员-市场'!B:B,1,0) -> 罗斯托夫
B14: 模主 | C14: 张小帆 | D14: 哈巴 | E14: =VLOOKUP(D14,'业务员-市场'!B:B,1,0) -> 哈巴
B15: 模主 | C15: 张瑛琦 | D15: 新西 | E15: =VLOOKUP(D15,'业务员-市场'!B:B,1,0) -> 新西
B16: 国际销售助理 | C16: 胡艳丽 | D16: 俄罗斯（东部） | E16: =VLOOKUP(D16,'业务员-市场'!B:B,1,0) -> 俄罗斯（东部）
B17: 国际销售助理 | C17: 左冠日 | D17: 俄罗斯（西部） | E17: =VLOOKUP(D17,'业务员-市场'!B:B,1,0) -> 俄罗斯（西部）
B18: 国际销售助理 | C18: 严晨 | D18: 俄罗斯（西部） | E18: =VLOOKUP(D18,'业务员-市场'!B:B,1,0) -> 俄罗斯（西部）
... B23: 已离职 | C23: 李欣然 | D23: 俄罗斯（中部） | E23: =VLOOKUP(D23,'业务员-市场'!B:B,1,0) -> 俄罗斯（中部）
A24: 非洲大区 | B24: 模主 | C24: 石云龙 | D24: 埃及-1 | E24: =VLOOKUP(D24,'业务员-市场'!B:B,1,0) -> 埃及-1
B25: 模主 | C25: 丁绎澎 | D25: 埃及-2 | E25: =VLOOKUP(D25,'业务员-市场'!B:B,1,0) -> 埃及-2
B26: 模主 | C26: 孙小婷 | D26: 非洲法语区 | E26: =VLOOKUP(D26,'业务员-市场'!B:B,1,0) -> 非洲法语区
B27: 模主 | C27: 史宇哲 | D27: 肯尼亚/坦桑尼亚 | E27: =VLOOKUP(D27,'业务员-市场'!B:B,1,0) -> 肯尼亚/坦桑尼亚
B28: 模主 | C28: 袁帅 | D28: 尼日利亚/埃塞俄比亚 | E28: =VLOOKUP(D28,'业务员-市场'!B:B,1,0) -> 尼日利亚/埃塞俄比亚
B29: 实习模主 | C29: 刘纪龙 | D29: 南非/安格拉 | E29: =VLOOKUP(D29,'业务员-市场'!B:B,1,0) -> 南非/安格拉
A30: 亚洲1大区 | B30: 模主 | C30: 祁阳 | D30: 新加坡HDB | E30: =VLOOKUP(D30,'业务员-市场'!B:B,1,0) -> 新加坡HDB
B31: 模主 | C31: 张琬怡 | D31: 泰国 | E31: =VLOOKUP(D31,'业务员-市场'!B:B,1,0) -> 泰国
B32: 模主 | C32: 王珊珊 | D32: 新加坡市政会 | E32: =VLOOKUP(D32,'业务员-市场'!B:B,1,0) -> 新加坡市政会
B33: 模主 | C33: 安鹏霖 | D33: 朝鲜-韩国 | E33: =VLOOKUP(D33,'业务员-市场'!B:B,1,0) -> 朝鲜-韩国
B34: 模主 | C34: 叶哲铭 | D34: 马尔代夫 | E34: =VLOOKUP(D34,'业务员-市场'!B:B,1,0) -> 马尔代夫
B35: 模主 | C35: 鲁鸿飞 | D35: 马来西亚 | E35: =VLOOKUP(D35,'业务员-市场'!B:B,1,0) -> 马来西亚
B36: 模主 | C36: 刘瑞 | D36: 泰国2 | E36: =VLOOKUP(D36,'业务员-市场'!B:B,1,0) -> 泰国2
B37: 模主 | C37: 王海娇 | D37: 香港-台湾 | E37: =VLOOKUP(D37,'业务员-市场'!B:B,1,0) -> 香港-台湾
B38: 国际业务经理 | C38: 高强 | D38: 新加坡HDB | E38: =VLOOKUP(D38,'业务员-市场'!B:B,1,0) -> 新加坡HDB
B39: 国际销售助理 | C39: 黄心阳 | D39: 朝鲜-韩国 | E39: =VLOOKUP(D39,'业务员-市场'!B:B,1,0) -> 朝鲜-韩国
B40: 国际销售助理 | C40: 王邦铭 | D40: 马尔代夫 | E40: =VLOOKUP(D40,'业务员-市场'!B:B,1,0) -> 马尔代夫
B41: 国际销售助理 | C41: 张金伟 | D41: 新加坡HDB | E41: =VLOOKUP(D41,'业务员-市场'!B:B,1,0) -> 新加坡HDB
B42: 国际销售助理 | C42: 张逸冰 | D42: 泰国2 | E42: =VLOOKUP(D42,'业务员-市场'!B:B,1,0) -> 泰国2
A43: 亚洲2大区 | B43: 模主 | C43: 刘晓虎 | D43: 孟加拉-1 | E43: =VLOOKUP(D43,'业务员-市场'!B:B,1,0) -> 孟加拉-1
B44: 模主 | C44: 张鹏 | D44: 印度公建 | E44: =VLOOKUP(D44,'业务员-市场'!B:B,1,0) -> 印度公建
B45: 模主 | C45: 董永生 | D45: 澳大利亚 | E45: =VLOOKUP(D45,'业务员-市场'!B:B,1,0) -> 澳大利亚
B46: 模主 | C46: 韩月华 | D46: 越南-2 | E46: =VLOOKUP(D46,'业务员-市场'!B:B,1,0) -> 越南-2
B47: 模主 | C47: 张欢 | D47: 印尼-1 | E47: =VLOOKUP(D47,'业务员-市场'!B:B,1,0) -> 印尼-1
B48: 模主 | C48: 吴旭东 | D48: 菲律宾 | E48: =VLOOKUP(D48,'业务员-市场'!B:B,1,0) -> 菲律宾
B49: 模主 | C49: 于春光 | D49: 越南-1（工厂） | E49: =VLOOKUP(D49,'业务员-市场'!B:B,1,0) -> 越南-1（工厂）
B50: 模主 | C50: 耿建伟 | D50: 巴基斯坦 | E50: =VLOOKUP(D50,'业务员-市场'!B:B,1,0) -> 巴基斯坦
B51: 模主 | C51: 吴永顺 | D51: 菲律宾-2 | E51: =VLOOKUP(D51,'业务员-市场'!B:B,1,0) -> 菲律宾-2
B52: 模主 | C52: 岳亮 | D52: 印尼-2 | E52: =VLOOKUP(D52,'业务员-市场'!B:B,1,0) -> 印尼-2
B53: 模主 | C53: 任嘉庆 | D53: 印度私营 | E53: =VLOOKUP(D53,'业务员-市场'!B:B,1,0) -> 印度私营
B54: 海外开发经理（外籍） | C54: 丹尼 | D54: 印尼-1 | E54: =VLOOKUP(D54,'业务员-市场'!B:B,1,0) -> 印尼-1
B55: 海外开发经理（外籍） | C55: 范文杜 | D55: 越南-2 | E55: =VLOOKUP(D55,'业务员-市场'!B:B,1,0) -> 越南-2
... B59: 国际销售助理 | C59: 巩倩文 | D59: 印度公建 | E59: =VLOOKUP(D59,'业务员-市场'!B:B,1,0) -> 印度公建
A60: 美洲大区 | B60: 模主 | C60: 尤健宇 | D60: 墨西哥-1 | E60: =VLOOKUP(D60,'业务员-市场'!B:B,1,0) -> 墨西哥-1
B61: 模主 | C61: 肖宇晗 | D61: 墨西哥-2 | E61: =VLOOKUP(D61,'业务员-市场'!B:B,1,0) -> 墨西哥-2
B62: 模主 | C62: 范皓铭 | D62: 加勒比海 | E62: =VLOOKUP(D62,'业务员-市场'!B:B,1,0) -> 加勒比海
B63: 模主 | C63: 田媛媛 | D63: 哥伦比亚 | E63: =VLOOKUP(D63,'业务员-市场'!B:B,1,0) -> 哥伦比亚
B64: 模主 | C64: 翟文龙 | D64: 智利 | E64: =VLOOKUP(D64,'业务员-市场'!B:B,1,0) -> 智利
B65: 模主 | C65: 李知源 | D65: 秘鲁 | E65: =VLOOKUP(D65,'业务员-市场'!B:B,1,0) -> 秘鲁
B66: 模主 | C66: 梁国裕 | D66: 多米尼加 | E66: =VLOOKUP(D66,'业务员-市场'!B:B,1,0) -> 多米尼加
B67: 模主 | C67: 杨春 | D67: 巴西 | E67: =VLOOKUP(D67,'业务员-市场'!B:B,1,0) -> 巴西
B68: 国际销售助理 | C68: 程思淼 | D68: 加勒比海 | E68: =VLOOKUP(D68,'业务员-市场'!B:B,1,0) -> 加勒比海
B69: 国际销售助理 | C69: 李雪晴 | D69: 哥伦比亚 | E69: =VLOOKUP(D69,'业务员-市场'!B:B,1,0) -> 哥伦比亚
B70: 国际销售助理 | C70: 孙浩桐 | D70: 墨西哥-2 | E70: =VLOOKUP(D70,'业务员-市场'!B:B,1,0) -> 墨西哥-2
B71: 国际销售助理 | C71: 徐华敏 | D71: 美洲大区 | E71: =VLOOKUP(D71,'业务员-市场'!B:B,1,0) -> #N/A
A72: 中东大区 | B72: 模主 | C72: 陈科锦 | D72: 沙特-1 | E72: =VLOOKUP(D72,'业务员-市场'!B:B,1,0) -> 沙特-1
B73: 模主 | C73: 李军辉 | D73: 阿联酋-2 | E73: =VLOOKUP(D73,'业务员-市场'!B:B,1,0) -> 阿联酋-2
B74: 模主 | C74: 吕超 | D74: 伊拉克 | E74: =VLOOKUP(D74,'业务员-市场'!B:B,1,0) -> 伊拉克
B75: 模主 | C75: 赵俊峰 | D75: 科威特 | E75: =VLOOKUP(D75,'业务员-市场'!B:B,1,0) -> 科威特
B76: 模主 | C76: 张朕铭 | D76: 伊朗+阿曼 | E76: =VLOOKUP(D76,'业务员-市场'!B:B,1,0) -> 伊朗+阿曼
B77: 模主 | C77: 武永佳 | D77: 沙特工厂 | E77: =VLOOKUP(D77,'业务员-市场'!B:B,1,0) -> 沙特工厂
B78: 模主 | C78: 周乐垚 | D78: 卡塔尔 | E78: =VLOOKUP(D78,'业务员-市场'!B:B,1,0) -> 卡塔尔
B79: 模主 | C79: 孙成雨 | D79: 伊朗+阿曼 | E79: =VLOOKUP(D79,'业务员-市场'!B:B,1,0) -> 伊朗+阿曼
B80: 国际业务经理 | C80: 周博彧 | D80: 沙特工厂 | E80: =VLOOKUP(D80,'业务员-市场'!B:B,1,0) -> 沙特工厂
B81: 国际销售助理 | C81: 唐毓瀚 | D81: 阿联酋-1 | E81: =VLOOKUP(D81,'业务员-市场'!B:B,1,0) -> 阿联酋-1
B82: 国际销售助理 | C82: 苗森 | D82: 沙特-1 | E82: =VLOOKUP(D82,'业务员-市场'!B:B,1,0) -> 沙特-1
B83: 已离职 | C83: 张晓茜 | D83: 阿联酋-1 | E83: =VLOOKUP(D83,'业务员-市场'!B:B,1,0) -> 阿联酋-1
A84: 中亚大区 | B84: 模主 | C84: 逄顺福 | D84: 蒙古 | E84: =VLOOKUP(D84,'业务员-市场'!B:B,1,0) -> 蒙古
B85: 模主 | C85: 彭凤琴 | D85: 哈萨克斯坦-1 | E85: =VLOOKUP(D85,'业务员-市场'!B:B,1,0) -> 哈萨克斯坦-1
B86: 模主 | C86: 秦力超 | D86: 哈萨克斯坦-3 | E86: =VLOOKUP(D86,'业务员-市场'!B:B,1,0) -> 哈萨克斯坦-3
B87: 模主 | C87: 马月 | D87: 吉尔吉斯斯坦 | E87: =VLOOKUP(D87,'业务员-市场'!B:B,1,0) -> 吉尔吉斯斯坦
B88: 模主 | C88: 韩宇 | D88: 阿塞拜疆 | E88: =VLOOKUP(D88,'业务员-市场'!B:B,1,0) -> 阿塞拜疆
B89: 模主 | C89: 于洋 | D89: 塔吉克/哈萨克斯坦-2 | E89: =VLOOKUP(D89,'业务员-市场'!B:B,1,0) -> 塔吉克/哈萨克斯坦-2
B90: 模主 | C90: 孙博伦 | D90: 乌兹别克斯坦 | E90: =VLOOKUP(D90,'业务员-市场'!B:B,1,0) -> 乌兹别克斯坦
B91: 模主 | C91: 马陶然 | D91: 乌兹别克斯坦-2 | E91: =VLOOKUP(D91,'业务员-市场'!B:B,1,0) -> #N/A
B92: 模主 | C92: 高云飞 | D92: 格鲁吉亚 | E92: =VLOOKUP(D92,'业务员-市场'!B:B,1,0) -> #N/A
B93: 吉尔吉斯斯坦 | C93: 马玉 | D93: 吉尔吉斯斯坦 | E93: =VLOOKUP(D93,'业务员-市场'!B:B,1,0) -> 吉尔吉斯斯坦
B94: 国际销售助理 | C94: 任姝蔓 | D94: 塔吉克/哈萨克斯坦-2 | E94: =VLOOKUP(D94,'业务员-市场'!B:B,1,0) -> 塔吉克/哈萨克斯坦-2
B95: 国际销售助理 | C95: 田杨 | D95: 哈萨克斯坦-1 | E95: =VLOOKUP(D95,'业务员-市场'!B:B,1,0) -> 哈萨克斯坦-1
B96: 国际销售助理 | C96: 努热艾力.艾尼瓦尔 | D96: 哈萨克斯坦-1 | E96: =VLOOKUP(D96,'业务员-市场'!B:B,1,0) -> 哈萨克斯坦-1
... B99: 海外开发经理（外籍） | C99: 纳卡耶夫 | D99: 哈萨克斯坦 | E99: =VLOOKUP(D99,'业务员-市场'!B:B,1,0) -> #N/A
A100: 欧洲大区 | B100: 模主 | C100: 吴雪明 | D100: 东欧 | E100: =VLOOKUP(D100,'业务员-市场'!B:B,1,0) -> 东欧
B101: 实习模主 | C101: 王俊豪 | D101: 英国意大利 | E101: =VLOOKUP(D101,'业务员-市场'!B:B,1,0) -> 英国意大利
B102: 国际销售助理 | C102: 李函泽 | D102: 英国意大利 | E102: =VLOOKUP(D102,'业务员-市场'!B:B,1,0) -> 英国意大利
A103: 商贸配件大区 | B103: 模主 | C103: 赵莹 | D103: 配件-1 | E103: =VLOOKUP(D103,'业务员-市场'!B:B,1,0) -> 配件-1
B104: 模主 | C104: 吴航 | D104: 配件-2 | E104: =VLOOKUP(D104,'业务员-市场'!B:B,1,0) -> 配件-2
B105: 模主 | C105: 张涛 | D105: 商贸-1 | E105: =VLOOKUP(D105,'业务员-市场'!B:B,1,0) -> #N/A
B106: 模主 | C106: 杨博 | D106: 商贸-2 | E106: =VLOOKUP(D106,'业务员-市场'!B:B,1,0) -> #N/A
B107: 模主 | C107: 李美珊 | D107: 商贸-3 | E107: =VLOOKUP(D107,'业务员-市场'!B:B,1,0) -> #N/A
B108: 模主 | C108: 苏利 | D108: 更新改造 | E108: =VLOOKUP(D108,'业务员-市场'!B:B,1,0) -> #N/A
B109: 国际销售助理 | C109: 苗水壮 | D109: 更新改造 | E109: =VLOOKUP(D109,'业务员-市场'!B:B,1,0) -> #N/A
...
